player_display_name,position,season,recent_team,fantasy_points_ppr
Tony Richardson,FB,2000,KC,189.2
Richie Anderson,FB,2000,NYJ,184.4
Larry Centers,FB,2000,WAS,169.3
Mike Alstott,FB,2000,TB,93.7
Bob Christian,FB,2000,ATL,76.2
William Henderson,FB,2000,GB,62.5
Brad Hoover,FB,2000,CAR,57.5
Chris Hetherington,FB,2000,CAR,49
Robert Thomas,FB,2000,DAL,48.2
Robert Holcombe,FB,2000,LA,48
Mack Strong,FB,2000,SEA,44
William Floyd,FB,2000,CAR,43.7
Jon Ritchie,FB,2000,LV,43.3
Marc Edwards,FB,2000,CLE,39.7
Terrelle Smith,FB,2000,NO,31.6
Rob Konrad,FB,2000,MIA,26.2
Lorenzo Neal,FB,2000,TEN,22.3
Jonathan Linton,FB,2000,BUF,16.8
Clif Groce,FB,2000,CIN,15.9
Sam Gash,FB,2000,BAL,15.2
Jerald Sowell,FB,2000,NYJ,14.4
Donnell Bennett,FB,2000,KC,12.1
Dan Kreider,FB,2000,PIT,11.6
Jim Finn,FB,2000,IND,9.4
Daimon Shelton,FB,2000,JAX,9.1
Jon Witman,FB,2000,PIT,8.8
Joel Makovicka,FB,2000,ARI,8.6
Harold Shaw,FB,2000,NE,4.3
Reggie Brown,FB,2000,SEA,3.5
Chris Floyd,FB,2000,NE,3
Harold Morrow,FB,2000,MIN,1.2
Tim Seder,K,2000,DAL,6.1
David Akers,K,2000,PHI,1.5
Neil Rackers,K,2000,CIN,-0.5
Jeff Garcia,QB,2000,SF,339.82
Daunte Culpepper,QB,2000,MIN,339.16
Peyton Manning,QB,2000,IND,293.82
Donovan McNabb,QB,2000,PHI,291.6
Rich Gannon,QB,2000,LV,287.22
Elvis Grbac,QB,2000,KC,227.12
Mark Brunell,QB,2000,JAX,227
Shaun King,QB,2000,TB,217.36
Kerry Collins,QB,2000,NYG,215.54
Brett Favre,QB,2000,GB,203.36
Drew Bledsoe,QB,2000,NE,191.68
Steve Beuerlein,QB,2000,CAR,189.34
Kurt Warner,QB,2000,LA,185.02
Vinny Testaverde,QB,2000,NYJ,184.88
Brian Griese,QB,2000,DEN,183.74
Kordell Stewart,QB,2000,PIT,179.68
Steve McNair,QB,2000,TEN,172.58
Charlie Batch,QB,2000,DET,148.66
Jon Kitna,QB,2000,SEA,143.62
Trent Green,QB,2000,LA,143.18
Rob Johnson,QB,2000,BUF,140.84
Jay Fiedler,QB,2000,MIA,138.52
Jeff Blake,QB,2000,NO,137.66
Jake Plummer,QB,2000,ARI,132.38
Cade McNown,QB,2000,CHI,125.3
Brad Johnson,QB,2000,WAS,119.36
Doug Flutie,QB,2000,BUF,112.14
Aaron Brooks,QB,2000,NO,110.76
Chris Chandler,QB,2000,ATL,109.68
Gus Frerotte,QB,2000,DEN,97.04
Trent Dilfer,QB,2000,BAL,90.12
Tony Banks,QB,2000,BAL,85.22
Ryan Leaf,QB,2000,LAC,76.56
Tim Couch,QB,2000,CLE,73.86
Jeff George,QB,2000,WAS,73.76
Jim Harbaugh,QB,2000,LAC,65.66
Randall Cunningham,QB,2000,DAL,64.5
Troy Aikman,QB,2000,DAL,63.94
Akili Smith,QB,2000,CIN,53.54
Scott Mitchell,QB,2000,CIN,41.04
Doug Pederson,QB,2000,CLE,39.88
Shane Matthews,QB,2000,CHI,39.46
Kent Graham,QB,2000,PIT,35.82
Stoney Case,QB,2000,DET,35.62
Brock Huard,QB,2000,SEA,31.22
Neil O'Donnell,QB,2000,TEN,22.64
Jim Miller,QB,2000,CHI,19.54
Danny Kanell,QB,2000,ATL,18.24
Jamie Martin,QB,2000,JAX,17.68
Dave Brown,QB,2000,ARI,16.68
Doug Johnson,QB,2000,ATL,13.34
Rick Mirer,QB,2000,SF,11.54
Warren Moon,QB,2000,KC,10.52
Damon Huard,QB,2000,MIA,10.04
Matt Hasselbeck,QB,2000,GB,7.66
Chad Pennington,QB,2000,NYJ,6.68
Ray Lucas,QB,2000,NYJ,6.44
Jeff Lewis,QB,2000,CAR,5.9
Michael Bishop,QB,2000,NE,5.1
Clint Stoerner,QB,2000,DAL,4.96
Chris Greisen,QB,2000,ARI,4.7
Bubby Brister,QB,2000,MIN,3.28
Anthony Wright,QB,2000,DAL,3.08
Alex Van Pelt,QB,2000,BUF,2.68
Spergon Wynn,QB,2000,CLE,1.5
Dameyune Craig,QB,2000,CAR,1.4
Chris Redman,QB,2000,BAL,0.76
John Friesz,QB,2000,NE,0.64
Eric Zeier,QB,2000,TB,0.56
Kevin Thompson,QB,2000,CLE,0.32
Tom Brady,QB,2000,NE,0.24
Mark Hartsell,QB,2000,CHI,0
Travis Brown,QB,2000,SEA,0
Jarious Jackson,QB,2000,DEN,-0.1
Todd Husak,QB,2000,WAS,-0.18
Danny Wuerffel,QB,2000,GB,-0.2
Jonathan Quinn,QB,2000,JAX,-0.2
Tim Rattay,QB,2000,SF,-0.26
Bobby Hoying,QB,2000,LV,-0.3
Jason Garrett,QB,2000,NYG,-0.4
Koy Detmer,QB,2000,PHI,-1.2
Moses Moreno,QB,2000,LAC,-2.08
Joe Hamilton,QB,2000,TB,-2.2
Marshall Faulk,RB,2000,LA,453.5
Edgerrin James,RB,2000,IND,388.1
Eddie George,RB,2000,TEN,326.4
Ahman Green,RB,2000,GB,313.2
Curtis Martin,RB,2000,NYJ,302.52
Charlie Garner,RB,2000,SF,296.7
Ricky Watters,RB,2000,SEA,295.1
Tiki Barber,RB,2000,NYG,287.8
Robert Smith,RB,2000,MIN,279.3
Fred Taylor,RB,2000,JAX,276.3
Mike Anderson,RB,2000,DEN,275
Stephen Davis,RB,2000,WAS,251.5
Warrick Dunn,RB,2000,TB,247.9
James Stewart,RB,2000,DET,245.2
Lamar Smith,RB,2000,MIA,243.3
Ricky Williams,RB,2000,NO,231.16
Michael Pittman,RB,2000,ARI,229.5
Jamal Lewis,RB,2000,BAL,224.4
Jamal Anderson,RB,2000,ATL,209.8
Corey Dillon,RB,2000,CIN,205.8
Jerome Bettis,RB,2000,PIT,198.9
Tyrone Wheatley,RB,2000,LV,192.9
James Allen,RB,2000,CHI,188.7
Emmitt Smith,RB,2000,DAL,182.6
Kevin Faulk,RB,2000,NE,178.5
Travis Prentice,RB,2000,CLE,151.7
Tim Biakabutuka,RB,2000,CAR,149.6
Shawn Bryson,RB,2000,BUF,125.1
Sammy Morris,RB,2000,BUF,123.1
Priest Holmes,RB,2000,BAL,122.9
Terrell Fletcher,RB,2000,LAC,122.1
Ron Dayne,RB,2000,NYG,107.9
Randy Jordan,RB,2000,LV,106.4
Darnell Autry,RB,2000,PHI,105.9
Fred Beasley,RB,2000,SF,104.7
Chris Warren,RB,2000,PHI,103.4
Thomas Jones,RB,2000,ARI,96.1
J.R. Redmond,RB,2000,NE,91.2
Brandon Bennett,RB,2000,CIN,84
Duce Staley,RB,2000,PHI,80.2
Napoleon Kaufman,RB,2000,LV,79.2
Jermaine Fazande,RB,2000,LAC,73.2
Brian Mitchell,RB,2000,PHI,71.44
Zack Crockett,RB,2000,LV,71.2
Dorsey Levens,RB,2000,GB,70.3
Stanley Pritchett,RB,2000,PHI,68.1
Greg Comella,RB,2000,NYG,65.9
Kimble Anders,RB,2000,KC,65.5
Antowain Smith,RB,2000,BUF,64.4
Justin Watson,RB,2000,LA,63.8
Cecil Martin,RB,2000,PHI,58.6
Richard Huntley,RB,2000,PIT,58.6
Chad Morton,RB,2000,NO,57.7
Mario Bates,RB,2000,DET,50.6
Obafemi Ayanbadejo,RB,2000,BAL,49.5
Shaun Alexander,RB,2000,SEA,48.4
Errict Rhett,RB,2000,CLE,47.6
Anthony Johnson,RB,2000,JAX,43.7
Chris Fuamatu-Ma'afala,RB,2000,PIT,42.1
Terrell Davis,RB,2000,DEN,41.9
Fred McCrary,RB,2000,LAC,40
Howard Griffith,RB,2000,DEN,38.5
Thurman Thomas,RB,2000,MIA,37.3
Tony Carter,RB,2000,NE,37.3
Jamel White,RB,2000,CLE,37.1
J.J. Johnson,RB,2000,MIA,36.8
Bernie Parmalee,RB,2000,NYJ,36
Terry Allen,RB,2000,NO,33.6
Autry Denson,RB,2000,MIA,33.5
Rodney Thomas,RB,2000,TEN,33
Michael Wiley,RB,2000,DAL,32
Adrian Murrell,RB,2000,WAS,29.3
Curtis Enis,RB,2000,CHI,29.2
Frank Moreau,RB,2000,KC,28.1
Robert Chancey,RB,2000,LAC,26.9
Terry Jackson,RB,2000,SF,24.4
KaRon Coleman,RB,2000,DEN,23.7
Skip Hicks,RB,2000,WAS,23.1
De'Mond Parker,RB,2000,GB,22.5
Jerald Moore,RB,2000,NO,21.9
Mike Cloud,RB,2000,KC,21.9
Nicolas Luchey,RB,2000,CIN,20.8
Sedrick Irvin,RB,2000,DET,19.9
Cory Schlesinger,RB,2000,DET,19.6
Stacey Mack,RB,2000,JAX,18.5
Moe Williams,RB,2000,MIN,15.8
Chris Howard,RB,2000,JAX,14.8
Paul Smith,RB,2000,SF,14.7
Brian Milne,RB,2000,NO,14.4
Olandis Gary,RB,2000,DEN,12
Patrick Pass,RB,2000,NE,11.5
Shyrone Stith,RB,2000,JAX,11.5
Rabih Abdullah,RB,2000,TB,10.4
Terry Kirby,RB,2000,LV,10
Brock Olivo,RB,2000,DET,8
Marlon Barnes,RB,2000,CHI,7.8
Ronney Jenkins,RB,2000,LAC,7.7
Detron Smith,RB,2000,DEN,7.1
Raymont Harris,RB,2000,NE,7
Steve Bush,RB,2000,CIN,6.9
Maurice Smith,RB,2000,ATL,6.8
Scott Dragos,RB,2000,CHI,6.8
Joe Montgomery,RB,2000,NYG,6.4
Charlie Rogers,RB,2000,SEA,6
Aaron Stecker,RB,2000,TB,5.6
Fred McAfee,RB,2000,NO,3.7
Deon Dyer,RB,2000,MIA,3.4
Dennis McKinley,RB,2000,ARI,3.3
Amp Lee,RB,2000,PHI,3.2
James Hodgins,RB,2000,LA,2.8
Troy Hambrick,RB,2000,DAL,2.8
Ron Rivers,RB,2000,ATL,2.7
Curtis Keaton,RB,2000,CIN,2.4
Trung Canidate,RB,2000,LA,2
Clarence Williams,RB,2000,ARI,1.5
Amos Zereoue,RB,2000,PIT,1.4
Kenny Bynum,RB,2000,LAC,0.9
Basil Mitchell,RB,2000,GB,0.8
David Palmer,RB,2000,MIN,0.8
Jermaine Williams,RB,2000,JAX,0.8
Lennox Gordon,RB,2000,IND,0.7
Jonas Lewis,RB,2000,SF,0.6
Chad Dukes,RB,2000,JAX,0.2
Mike Green,RB,2000,TEN,0
Travis Jervey,RB,2000,SF,0
Abdul-Karim al-Jabbar,RB,2000,IND,-0.2
Herbert Goodman,RB,2000,GB,-1.2
Tony Gonzalez,TE,2000,KC,259
Shannon Sharpe,TE,2000,BAL,178
Chad Lewis,TE,2000,PHI,160.5
Kyle Brady,TE,2000,JAX,156.9
Freddie Jones,TE,2000,LAC,156.3
Frank Wycheck,TE,2000,TEN,155.12
Ken Dilger,TE,2000,IND,116.8
Stephen Alexander,TE,2000,WAS,108
Jackie Harris,TE,2000,DAL,100.2
Jay Riemersma,TE,2000,BUF,94.4
Marcus Pollard,TE,2000,IND,93.9
Rickey Dudley,TE,2000,LV,87.3
Wesley Walls,TE,2000,CAR,83.5
David Sloan,TE,2000,DET,81.9
Greg Clark,TE,2000,SF,80.8
Desmond Clark,TE,2000,DEN,77.1
Bubba Franks,TE,2000,GB,76.3
Dave Moore,TE,2000,TB,75.8
Reggie Kelly,TE,2000,ATL,75
Itula Mili,TE,2000,SEA,74.8
Andrew Glover,TE,2000,NO,71.6
Aaron Shea,TE,2000,CLE,70.2
Christian Fauria,TE,2000,SEA,63.7
Tony McGee,TE,2000,CIN,62.9
Johnny McWilliams,TE,2000,MIN,56.6
Pete Mitchell,TE,2000,NYG,55.5
Mark Bruener,TE,2000,PIT,54.2
Byron Chamberlain,TE,2000,DEN,51.5
Jermaine Wiggins,TE,2000,NE,48.7
Terry Hardy,TE,2000,ARI,47
Tyrone Davis,TE,2000,GB,46.7
Kris Mangum,TE,2000,CAR,46.5
Eric Bjornson,TE,2000,NE,45.9
Jeff Thomason,TE,2000,PHI,44.6
Kaseem Sinceno,TE,2000,CHI,43.6
John Davis,TE,2000,MIN,43.2
Erron Kinney,TE,2000,TEN,42.7
Anthony Becht,TE,2000,NYJ,42.4
Brian Kozlowski,TE,2000,ATL,42.1
Roland Williams,TE,2000,LA,41.2
Jeremy Brigham,TE,2000,LV,35.7
Rod Rutledge,TE,2000,NE,31.3
David LaFleur,TE,2000,DAL,28.9
Dan Campbell,TE,2000,NYG,28.6
Mike Sellers,TE,2000,WAS,28
Mark Campbell,TE,2000,CLE,26
Jed Weaver,TE,2000,MIA,25.9
John Allred,TE,2000,CHI,25.9
Jimmy Kleinsasser,TE,2000,MIN,24.1
Walter Rasby,TE,2000,DET,23.8
Marco Battaglia,TE,2000,CIN,23.5
Luther Broughton,TE,2000,PHI,22.4
Troy Drayton,TE,2000,KC,19.8
Ben Coates,TE,2000,BAL,19.4
Fred Baxter,TE,2000,NYJ,18.2
Chris Gedney,TE,2000,ARI,17.5
Steve Heiden,TE,2000,LAC,15.2
Casey Crawford,TE,2000,CAR,14.7
Sheldon Jackson,TE,2000,BUF,14.6
Andrew Jordan,TE,2000,MIN,14.3
Lamont Hall,TE,2000,NO,14.3
Hunter Goodwin,TE,2000,MIA,14.2
Tywan Mitchell,TE,2000,ARI,13
Ernie Conwell,TE,2000,LA,11.3
Bobby Collins,TE,2000,BUF,9.9
Patrick Hape,TE,2000,TB,9.9
Cory Geason,TE,2000,PIT,9.6
Alonzo Mayes,TE,2000,CHI,8
Howard Cross,TE,2000,NYG,7
Mikhael Ricks,TE,2000,LAC,6.5
Alfred Pupunu,TE,2000,DET,6.2
Matt Cushing,TE,2000,PIT,5.7
Ryan Wetnight,TE,2000,GB,5
Jason Dunn,TE,2000,KC,4.6
Michael Roan,TE,2000,TEN,4.2
Damon Jones,TE,2000,JAX,2.2
Reggie Davis,TE,2000,LAC,1.8
Zeron Flemister,TE,2000,WAS,1.8
Billy Miller,TE,2000,DEN,1.7
Brian Kinchen,TE,2000,CAR,1.7
Dustin Lyman,TE,2000,CHI,1.4
Jay Tant,TE,2000,ARI,1.4
Todd Yoder,TE,2000,TB,1.1
Chris Eitzmann,TE,2000,NE,0
Greg DeLong,TE,2000,JAX,0
James Jenkins,TE,2000,WAS,0
Jerame Tuman,TE,2000,PIT,0
Rich Griffith,TE,2000,JAX,0
Marvin Harrison,WR,2000,IND,323.8
Rod Smith,WR,2000,DEN,317.7
Terrell Owens,WR,2000,SF,317.2
Randy Moss,WR,2000,MIN,311.3
Ed McCaffrey,WR,2000,DEN,286.1
Isaac Bruce,WR,2000,LA,281.5
Joe Horn,WR,2000,NO,277.1
Cris Carter,WR,2000,MIN,275.4
Torry Holt,WR,2000,LA,272.3
Jimmy Smith,WR,2000,JAX,260.3
Muhsin Muhammad,WR,2000,CAR,257.5
Derrick Alexander,WR,2000,KC,257
Eric Moulds,WR,2000,BUF,249.9
Tim Brown,WR,2000,LV,249.1
Amani Toomer,WR,2000,NYG,239.9
Keenan McCardell,WR,2000,JAX,238.7
David Boston,WR,2000,ARI,211.1
Wayne Chrebet,WR,2000,NYJ,210.4
Troy Brown,WR,2000,NE,210
Terry Glenn,WR,2000,NE,209.1
Antonio Freeman,WR,2000,GB,202.9
Keyshawn Johnson,WR,2000,TB,197.7
Jerry Rice,WR,2000,SF,191.7
Bill Schroeder,WR,2000,GB,188
Derrick Mason,WR,2000,TEN,184.2
Ike Hilliard,WR,2000,NYG,183.6
Donald Hayes,WR,2000,CAR,170.9
Jeff Graham,WR,2000,LAC,169.7
Peter Warrick,WR,2000,CIN,165
Frank Sanders,WR,2000,ARI,164.9
Oronde Gadsden,WR,2000,MIA,164.3
Sean Dawkins,WR,2000,SEA,160
Charles Johnson,WR,2000,PHI,158.6
Johnnie Morton,WR,2000,DET,157
Darrell Jackson,WR,2000,SEA,156.2
Marcus Robinson,WR,2000,CHI,156.1
Dedric Ward,WR,2000,NYJ,154.4
Az-Zahir Hakim,WR,2000,LA,154.3
Shawn Jefferson,WR,2000,ATL,154.3
Curtis Conway,WR,2000,LAC,151.8
Terance Mathis,WR,2000,ATL,150
James McKnight,WR,2000,DAL,148.8
Hines Ward,WR,2000,PIT,144.5
Qadry Ismail,WR,2000,BAL,144.5
James Thrash,WR,2000,WAS,135.5
Peerless Price,WR,2000,BUF,133.2
Albert Connell,WR,2000,WAS,131.6
Andre Rison,WR,2000,LV,131.6
Jerome Pathon,WR,2000,IND,131.2
Eddie Kennison,WR,2000,CHI,129.1
Jacquez Green,WR,2000,TB,128.9
Irving Fryar,WR,2000,WAS,127.4
Bobby Shaw,WR,2000,PIT,122.9
Kevin Johnson,WR,2000,CLE,122.82
Willie Jackson,WR,2000,NO,120.4
Jeremy McDaniel,WR,2000,BUF,116.9
Terrence Wilkins,WR,2000,IND,116.5
Torrance Small,WR,2000,PHI,115
J.J. Stokes,WR,2000,SF,103
Herman Moore,WR,2000,DET,101.4
Marty Booker,WR,2000,CHI,101.3
Ricky Proehl,WR,2000,LA,99.1
Germane Crowell,WR,2000,DET,96.2
David Patten,WR,2000,CLE,95.1
Sylvester Morris,WR,2000,KC,93.84
Leslie Shepherd,WR,2000,MIA,93.8
Tim Dwight,WR,2000,ATL,87.5
Kevin Lockett,WR,2000,KC,85.4
Chris Sanders,WR,2000,TEN,84.7
Dennis Northcutt,WR,2000,CLE,81.8
Raghib Ismail,WR,2000,DAL,73.3
Wane McGarity,WR,2000,DAL,72.9
Travis Taylor,WR,2000,BAL,71.5
James Jett,WR,2000,LV,67.6
Laveranues Coles,WR,2000,NYJ,65.3
Reidel Anthony,WR,2000,TB,62.2
Donald Driver,WR,2000,GB,61.6
Tony Martin,WR,2000,MIA,61.1
Derrick Mayes,WR,2000,SEA,60.3
Isaac Byrd,WR,2000,CAR,58.1
Keith Poole,WR,2000,NO,56.3
Yancey Thigpen,WR,2000,TEN,55.9
Craig Yeast,WR,2000,CIN,55.6
Joe Jurevicius,WR,2000,NYG,55.2
Jermaine Lewis,WR,2000,BAL,55.12
Courtney Hawkins,WR,2000,PIT,48.8
Macey Brooks,WR,2000,CHI,47.6
Plaxico Burress,WR,2000,PIT,47.3
Matt Hatchette,WR,2000,MIN,47
Tai Streets,WR,2000,SF,45.7
E.G. Green,WR,2000,IND,44.1
Danny Farmer,WR,2000,CIN,43.8
Reggie Jones,WR,2000,LAC,43.2
Tony Simmons,WR,2000,NE,43.1
MarTay Jenkins,WR,2000,ARI,42.8
Alvis Whitted,WR,2000,JAX,42.7
Brandon Stokley,WR,2000,BAL,42
Pat Johnson,WR,2000,BAL,41.5
Larry Foster,WR,2000,DET,39.6
Troy Edwards,WR,2000,PIT,38.4
Mac Cody,WR,2000,ARI,38.2
R.Jay Soward,WR,2000,JAX,38.2
Chris Walsh,WR,2000,MIN,37.1
Jake Reed,WR,2000,NO,36.6
Jason Tucker,WR,2000,DAL,35.8
Trevor Gaylor,WR,2000,LAC,35.4
Carl Pickens,WR,2000,TEN,34.2
Ron Dugans,WR,2000,CIN,32.5
Todd Pinkston,WR,2000,PHI,28.1
O.J. McDuffie,WR,2000,MIA,28
Bobby Engram,WR,2000,CHI,27
Robert Wilson,WR,2000,NO,26.4
Andre Reed,WR,2000,WAS,26.3
Tony Horne,WR,2000,LA,25.8
JaJuan Dawson,WR,2000,CLE,24.7
Na Brown,WR,2000,PHI,23
Dez White,WR,2000,CHI,22.7
Ron Dixon,WR,2000,NYG,22.5
Kevin Dyson,WR,2000,TEN,22.4
Charles Lee,WR,2000,GB,21.6
Darrin Chiaverini,WR,2000,CLE,20.4
Bert Emanuel,WR,2000,MIA,19.5
Michael Westbrook,WR,2000,WAS,19.3
Windrell Hayes,WR,2000,NYJ,18.8
Karsten Bailey,WR,2000,SEA,18.2
James Williams,WR,2000,SEA,17.4
Joey Galloway,WR,2000,DAL,16.2
Iheanyi Uwaezuoke,WR,2000,CAR,14.6
Chris Calloway,WR,2000,NE,14.5
Michael Bates,WR,2000,CAR,14.4
David Dunn,WR,2000,LV,13.3
Travis McGriff,WR,2000,DEN,13.1
Brian Finneran,WR,2000,ATL,13
Brian Stablein,WR,2000,DET,11.8
Karl Williams,WR,2000,TB,11.5
Kwame Cavil,WR,2000,BUF,10.6
Jeff Ogden,WR,2000,MIA,10.4
Will Blackwell,WR,2000,PIT,10.3
Damon Hodge,WR,2000,DAL,10
Vincent Brisby,WR,2000,NYJ,10
Curtis Jackson,WR,2000,NE,9.4
Desmond Howard,WR,2000,DET,9.4
Billy Davis,WR,2000,BAL,9.2
Robert Brooks,WR,2000,DEN,8.1
D'Wayne Bates,WR,2000,CHI,8
Karl Hankton,WR,2000,CAR,7.8
Thabiti Davis,WR,2000,NYG,6
Larry Parker,WR,2000,KC,4.6
Damon Griffin,WR,2000,CIN,4.5
Reggie Barlow,WR,2000,JAX,3.8
Nate Jacquet,WR,2000,LAC,3.5
Bobby Brown,WR,2000,CLE,3.4
Chris Brazzell,WR,2000,DAL,3.2
Shockmain Davis,WR,2000,NE,3.2
Glyn Milburn,WR,2000,CHI,2.4
Jammi German,WR,2000,ATL,2
Scottie Montgomery,WR,2000,DEN,2
Dameane Douglas,WR,2000,PHI,1.9
Alex Van Dyke,WR,2000,PHI,1.8
Justin Swift,WR,2000,SF,1.8
Troy Walters,WR,2000,MIN,1.8
Damon Dunn,WR,2000,CLE,1.6
Jerry Porter,WR,2000,LV,1.6
Lenzie Jackson,WR,2000,CLE,1.5
Bashir Yamini,WR,2000,TEN,0
Chris Jackson,WR,2000,TEN,0
Chris Thomas,WR,2000,LA,0
Corey Bradford,WR,2000,GB,0
Isaac Jones,WR,2000,IND,0
Malcolm Johnson,WR,2000,PIT,0
Dwight Stone,WR,2000,NYJ,-0.1
Mike Alstott,FB,2001,TB,192.1
Larry Centers,FB,2001,BUF,180
Bob Christian,FB,2001,ATL,136.6
Tony Richardson,FB,2001,KC,117.6
Richie Anderson,FB,2001,NYJ,85.4
Marc Edwards,FB,2001,NE,67.7
Brad Hoover,FB,2001,CAR,49.6
Jon Ritchie,FB,2001,LV,46.4
William Henderson,FB,2001,GB,41.4
Chris Hetherington,FB,2001,CAR,36.6
Mack Strong,FB,2001,SEA,36.6
Lorenzo Neal,FB,2001,CIN,36.1
Harold Morrow,FB,2001,MIN,33.9
Donnell Bennett,FB,2001,WAS,32.1
Joel Makovicka,FB,2001,ARI,31.4
Rob Konrad,FB,2001,MIA,24.4
Daimon Shelton,FB,2001,CHI,23.6
Sam Gash,FB,2001,BAL,22.9
Bryan Johnson,FB,2001,WAS,21.9
Terrelle Smith,FB,2001,NO,19.8
Robert Thomas,FB,2001,DAL,16.9
Jon Witman,FB,2001,PIT,11.6
Dan Kreider,FB,2001,PIT,11.4
Robert Holcombe,FB,2001,LA,10.6
Patrick Washington,FB,2001,JAX,8.6
Jerald Sowell,FB,2001,NYJ,3.8
Phillip Crosby,FB,2001,BUF,3.6
Heath Evans,FB,2001,SEA,1.1
Jim Finn,FB,2001,IND,0
Tim Seder,K,2001,DAL,6.8
Jay Feely,K,2001,ATL,0.8
Kris Brown,K,2001,PIT,0.6
Martin Gramatica,K,2001,TB,0
John Carney,K,2001,NO,-0.1
Olindo Mare,K,2001,MIA,-0.5
Jeff Garcia,QB,2001,SF,296.92
Kurt Warner,QB,2001,LA,293.2
Rich Gannon,QB,2001,LV,266.22
Steve McNair,QB,2001,TEN,265.4
Peyton Manning,QB,2001,IND,260.94
Brett Favre,QB,2001,GB,260.44
Donovan McNabb,QB,2001,PHI,259.52
Aaron Brooks,QB,2001,NO,253.08
Kordell Stewart,QB,2001,PIT,238.06
Jay Fiedler,QB,2001,MIA,220.02
Jake Plummer,QB,2001,ARI,202.42
Daunte Culpepper,QB,2001,MIN,201.08
Brad Johnson,QB,2001,TB,196.24
Brian Griese,QB,2001,DEN,192.78
Kerry Collins,QB,2001,NYG,190.66
Trent Green,QB,2001,KC,188.22
Doug Flutie,QB,2001,LAC,183.76
Mark Brunell,QB,2001,JAX,170.76
Chris Weinke,QB,2001,CAR,166.04
Tom Brady,QB,2001,NE,163.32
Chris Chandler,QB,2001,ATL,158.28
Tim Couch,QB,2001,CLE,156.4
Elvis Grbac,QB,2001,BAL,143.12
Vinny Testaverde,QB,2001,NYJ,140.58
Jon Kitna,QB,2001,CIN,139.94
Tony Banks,QB,2001,WAS,136.64
Charlie Batch,QB,2001,DET,118.18
Jim Miller,QB,2001,CHI,116.06
Alex Van Pelt,QB,2001,BUF,111.54
Matt Hasselbeck,QB,2001,SEA,103.02
Rob Johnson,QB,2001,BUF,86.7
Quincy Carter,QB,2001,DAL,67.88
Trent Dilfer,QB,2001,SEA,64.76
Todd Bouman,QB,2001,MIN,61.9
Mike Vick,QB,2001,ATL,58.3
Mike McMahon,QB,2001,DET,51.34
Randall Cunningham,QB,2001,BAL,42.92
Shane Matthews,QB,2001,CHI,34.26
Anthony Wright,QB,2001,DAL,32.86
Gus Frerotte,QB,2001,DEN,29.22
Ty Detmer,QB,2001,DET,28.84
Neil O'Donnell,QB,2001,TEN,26.64
Drew Bledsoe,QB,2001,NE,21.8
Clint Stoerner,QB,2001,DAL,21.26
Tommy Maddox,QB,2001,PIT,15.06
Drew Brees,QB,2001,LAC,14.64
Ryan Leaf,QB,2001,DAL,13.06
Kent Graham,QB,2001,WAS,12.54
A.J. Feeley,QB,2001,PHI,11.72
Spergon Wynn,QB,2001,MIN,10.82
Jonathan Quinn,QB,2001,JAX,10.64
Brock Huard,QB,2001,SEA,10.18
Travis Brown,QB,2001,BUF,9.04
Chad Pennington,QB,2001,NYJ,8.78
Kelly Holcomb,QB,2001,CLE,8.56
Ray Lucas,QB,2001,MIA,8.4
Shaun King,QB,2001,TB,7.2
Doug Johnson,QB,2001,ATL,4.12
Matt Lytle,QB,2001,CAR,4.12
Jarious Jackson,QB,2001,DEN,3.62
Akili Smith,QB,2001,CIN,3.48
Dameyune Craig,QB,2001,CAR,3.36
Mark Rypien,QB,2001,IND,2.28
Todd Collins,QB,2001,KC,2.2
Marques Tuiasosopo,QB,2001,LV,1.46
Tee Martin,QB,2001,PIT,0.8
Koy Detmer,QB,2001,PHI,0.64
Tim Rattay,QB,2001,SF,0.54
Billy Volek,QB,2001,TEN,0
Jamie Martin,QB,2001,LA,-0.02
Doug Pederson,QB,2001,GB,-0.1
Jeff Blake,QB,2001,NO,-0.1
Jeff George,QB,2001,WAS,-1.28
Scott Mitchell,QB,2001,CIN,-4.48
Marshall Faulk,RB,2001,LA,419.7
Priest Holmes,RB,2001,KC,334.9
Ahman Green,RB,2001,GB,318.1
Shaun Alexander,RB,2001,SEA,298.1
Curtis Martin,RB,2001,NYJ,297.02
LaDainian Tomlinson,RB,2001,LAC,269.3
Ricky Williams,RB,2001,NO,265.6
Corey Dillon,RB,2001,CIN,258.3
Tiki Barber,RB,2001,NYG,240.2
Charlie Garner,RB,2001,LV,227.7
Garrison Hearst,RB,2001,SF,224.3
Antowain Smith,RB,2001,NE,223.9
Stephen Davis,RB,2001,WAS,217.7
Dominic Rhodes,RB,2001,IND,214.8
Duce Staley,RB,2001,PHI,208
Anthony Thomas,RB,2001,CHI,202.1
Warrick Dunn,RB,2001,TB,200.4
Lamar Smith,RB,2001,MIA,188.2
Stacey Mack,RB,2001,JAX,185.2
Michael Pittman,RB,2001,ARI,179
Eddie George,RB,2001,TEN,176.8
Jamel White,RB,2001,CLE,168.1
Maurice Smith,RB,2001,ATL,152
Jerome Bettis,RB,2001,PIT,149.28
Emmitt Smith,RB,2001,DAL,146.7
Cory Schlesinger,RB,2001,DET,138
Michael Bennett,RB,2001,MIN,137.8
Travis Henry,RB,2001,BUF,132.8
Kevan Barlow,RB,2001,SF,127.9
James Stewart,RB,2001,DET,127.7
Ron Dayne,RB,2001,NYG,125.7
Edgerrin James,RB,2001,IND,125.5
Lamont Warren,RB,2001,DET,116.7
Richard Huntley,RB,2001,CAR,111.6
James Allen,RB,2001,CHI,109.2
Trung Canidate,RB,2001,LA,108.5
Terry Allen,RB,2001,BAL,105.6
Mike Anderson,RB,2001,DEN,104.4
Thomas Jones,RB,2001,ARI,102.1
Travis Minor,RB,2001,MIA,101.4
Chris Fuamatu-Ma'afala,RB,2001,PIT,98
Jason Brookins,RB,2001,BAL,95.6
Correll Buckhalter,RB,2001,PHI,92.6
Terrell Davis,RB,2001,DEN,89
Kevin Faulk,RB,2001,NE,82.72
Elvis Joseph,RB,2001,JAX,81.7
Amos Zereoue,RB,2001,PIT,80.5
Tyrone Wheatley,RB,2001,LV,79.7
Troy Hambrick,RB,2001,DAL,78.1
James Jackson,RB,2001,CLE,78
Greg Comella,RB,2001,NYG,71.8
Moe Williams,RB,2001,BAL,71.1
Ki-Jana Carter,RB,2001,WAS,70.1
Obafemi Ayanbadejo,RB,2001,BAL,63.4
Dorsey Levens,RB,2001,GB,62.4
Shawn Bryson,RB,2001,BUF,61
Ricky Watters,RB,2001,SEA,59.5
Brandon Bennett,RB,2001,CIN,58.2
Deuce McAllister,RB,2001,NO,57.18
Michael Wiley,RB,2001,DAL,56.6
Doug Chapman,RB,2001,MIN,55
LaMont Jordan,RB,2001,NYJ,52.6
Zack Crockett,RB,2001,LV,51.5
Cecil Martin,RB,2001,PHI,51.1
Tim Biakabutuka,RB,2001,CAR,51.1
Terry Jackson,RB,2001,SF,50.9
Terrell Fletcher,RB,2001,LAC,50.1
Skip Hicks,RB,2001,TEN,47.3
Jamal Anderson,RB,2001,ATL,43.1
Aaron Stecker,RB,2001,TB,39.3
J.R. Redmond,RB,2001,NE,38.1
Fred Beasley,RB,2001,SF,37.2
Olandis Gary,RB,2001,DEN,35.7
Leon Johnson,RB,2001,CHI,35.62
Mike Green,RB,2001,TEN,33.5
Nick Goings,RB,2001,CAR,31.6
Jameel Cook,RB,2001,TB,26.1
Terry Kirby,RB,2001,LV,26.1
Brian Mitchell,RB,2001,PHI,25.1
Benjamin Gay,RB,2001,CLE,24.3
Randy Jordan,RB,2001,LV,21.2
Fred McCrary,RB,2001,LAC,20.4
Patrick Pass,RB,2001,NE,19.3
Reuben Droughns,RB,2001,DET,19.3
Tony Carter,RB,2001,DEN,17.7
Rodney Thomas,RB,2001,ATL,17.2
Steve Bush,RB,2001,ARI,16
Sammy Morris,RB,2001,BUF,15.8
R.J. Bowers,RB,2001,PIT,15.4
Travis Prentice,RB,2001,MIN,15.3
Rondell Mealey,RB,2001,GB,14.8
Damon Washington,RB,2001,NYG,13.4
Fred Taylor,RB,2001,JAX,12.9
James Hodgins,RB,2001,LA,12.9
KaRon Coleman,RB,2001,DEN,12.2
Ronney Jenkins,RB,2001,LAC,11.9
Mike Cloud,RB,2001,KC,11.4
Stephen Trejo,RB,2001,DET,11.1
Kevin McDougal,RB,2001,IND,8.8
Frank Moreau,RB,2001,JAX,8.7
Paul Smith,RB,2001,SF,8.7
Rabih Abdullah,RB,2001,TB,8.6
Aveion Cason,RB,2001,DET,8.3
J.J. Johnson,RB,2001,MIA,8.3
Curtis Keaton,RB,2001,CIN,6.7
Jay Graham,RB,2001,SEA,5.9
Jamie Reader,RB,2001,PHI,3.4
Jermaine Williams,RB,2001,KC,3.1
Dennis McKinley,RB,2001,ARI,2.1
Terry Witherspoon,RB,2001,DAL,1.9
Charlie Rogers,RB,2001,SEA,1.7
Derrick Harris,RB,2001,LAC,1.7
Wes Ours,RB,2001,TEN,1.3
Brock Olivo,RB,2001,DET,0.6
Rod Smart,RB,2001,PHI,0.6
Travis Jervey,RB,2001,ATL,0.6
Autry Denson,RB,2001,CHI,0.4
Fred McAfee,RB,2001,NO,0.2
Deon Dyer,RB,2001,MIA,0
Justin Watson,RB,2001,LA,0
Nicolas Luchey,RB,2001,CIN,0
Stanley Pritchett,RB,2001,CHI,0
Tony Taylor,RB,2001,DAL,0
Herbert Goodman,RB,2001,GB,-0.1
Tony Gonzalez,TE,2001,KC,205.2
Marcus Pollard,TE,2001,IND,168.9
Shannon Sharpe,TE,2001,BAL,164.1
Frank Wycheck,TE,2001,TEN,152.14
Byron Chamberlain,TE,2001,MIN,139.6
Desmond Clark,TE,2001,DEN,139.6
Jay Riemersma,TE,2001,BUF,130
Bubba Franks,TE,2001,GB,122.2
David Sloan,TE,2001,DET,119.9
Wesley Walls,TE,2001,CAR,118.2
Chad Lewis,TE,2001,PHI,117.2
Ernie Conwell,TE,2001,LA,109.9
Anthony Becht,TE,2001,NYJ,98.1
Freddie Jones,TE,2001,LAC,97.8
Eric Johnson,TE,2001,SF,94.2
Dave Moore,TE,2001,TB,87.5
Kyle Brady,TE,2001,JAX,86.6
Roland Williams,TE,2001,LV,80.8
Ken Dilger,TE,2001,IND,75.86
Alge Crumpler,TE,2001,ATL,74
Erron Kinney,TE,2001,TEN,57.3
Tywan Mitchell,TE,2001,ARI,56.6
Jimmy Kleinsasser,TE,2001,MIN,51.6
Jermaine Wiggins,TE,2001,NE,51.3
Zeron Flemister,TE,2001,WAS,49.6
Jed Weaver,TE,2001,MIA,49.5
Mikhael Ricks,TE,2001,KC,49.2
Cameron Cleeland,TE,2001,NO,48.8
Fred Baxter,TE,2001,CHI,48.8
Brian Kozlowski,TE,2001,ATL,48
Christian Fauria,TE,2001,SEA,45.8
O.J. Santiago,TE,2001,CLE,44.3
Patrick Hape,TE,2001,DEN,42.6
Jackie Harris,TE,2001,DAL,41.1
Todd Heap,TE,2001,BAL,40.6
Kris Mangum,TE,2001,CAR,35.9
Tony McGee,TE,2001,CIN,34.8
Walter Rasby,TE,2001,WAS,34.8
Dan Campbell,TE,2001,NYG,33.8
David Martin,TE,2001,GB,33.4
Terry Hardy,TE,2001,ARI,30.9
Reggie Kelly,TE,2001,ATL,30.2
Itula Mili,TE,2001,SEA,29.8
Mike Lucky,TE,2001,DAL,28.6
Marco Battaglia,TE,2001,WAS,26.7
Jeremy Brigham,TE,2001,LV,26.5
Mike Sellers,TE,2001,CLE,26.3
Damon Jones,TE,2001,JAX,26
Aaron Shea,TE,2001,CLE,22.6
Jerame Tuman,TE,2001,PIT,22.6
Mark Bruener,TE,2001,PIT,21.8
Rickey Dudley,TE,2001,CLE,20.5
Steve Heiden,TE,2001,LAC,19.5
John Davis,TE,2001,CHI,17.8
Stephen Alexander,TE,2001,WAS,17.5
Tony Stewart,TE,2001,PHI,16.2
Marcellus Rivers,TE,2001,NYG,16.1
Jason Dunn,TE,2001,KC,15.4
Todd Yoder,TE,2001,TB,14.8
Matt Cushing,TE,2001,PIT,13.4
J.J. Huggins,TE,2001,DAL,11.6
Andrew Jordan,TE,2001,MIN,10.1
James Dearth,TE,2001,NYJ,10
Rod Rutledge,TE,2001,NE,8.5
Jeff Thomason,TE,2001,PHI,8.3
Pete Mitchell,TE,2001,DET,7.9
Brandon Manumaleuna,TE,2001,LA,7.1
Sheldon Jackson,TE,2001,BUF,7.1
Hunter Goodwin,TE,2001,MIA,6.7
Brian Natkin,TE,2001,TEN,6.2
Shad Meier,TE,2001,TEN,6.1
Matt Dominguez,TE,2001,DEN,5.6
Jake Moreland,TE,2001,CLE,4.5
Tyrone Davis,TE,2001,GB,4.4
Luther Broughton,TE,2001,CAR,4.2
Kirk McMullen,TE,2001,CIN,3.5
John Jones,TE,2001,BAL,3.3
Casey Crawford,TE,2001,CAR,2
John Waerig,TE,2001,DET,1.6
Dave Stachelski,TE,2001,NO,1.5
Howard Cross,TE,2001,NYG,1.5
Lamont Hall,TE,2001,NO,1.5
Bobby Collins,TE,2001,GB,1.3
Brad Banta,TE,2001,DET,0
Mondriel Fulcher,TE,2001,LV,0
Rod Monroe,TE,2001,CLE,0
Ryan Prince,TE,2001,JAX,0
Marvin Harrison,WR,2001,IND,351.7
Terrell Owens,WR,2001,SF,332.3
Rod Smith,WR,2001,DEN,318
David Boston,WR,2001,ARI,307.3
Jimmy Smith,WR,2001,JAX,297
Troy Brown,WR,2001,NE,272
Tim Brown,WR,2001,LV,271.4
Randy Moss,WR,2001,MIN,270.26
Joe Horn,WR,2001,NO,261.9
Torry Holt,WR,2001,LA,259.3
Marty Booker,WR,2001,CHI,259.26
Jerry Rice,WR,2001,LV,250.9
Derrick Mason,WR,2001,TEN,247.8
Kevin Johnson,WR,2001,CLE,247.7
Keenan McCardell,WR,2001,JAX,240
Keyshawn Johnson,WR,2001,TB,236.6
Curtis Conway,WR,2001,LAC,235.1
Darrell Jackson,WR,2001,SEA,227
Hines Ward,WR,2001,PIT,226.6
Qadry Ismail,WR,2001,BAL,221.9
Willie Jackson,WR,2001,NO,217.6
Johnnie Morton,WR,2001,DET,215
Isaac Bruce,WR,2001,LA,208.9
Amani Toomer,WR,2001,NYG,208.2
Plaxico Burress,WR,2001,PIT,202.8
Bill Schroeder,WR,2001,GB,199.4
Laveranues Coles,WR,2001,NYJ,198.6
James Thrash,WR,2001,PHI,198
Peerless Price,WR,2001,BUF,196.2
Cris Carter,WR,2001,MIN,192.5
Eric Moulds,WR,2001,BUF,187.7
Kevin Dyson,WR,2001,TEN,180.5
Chris Chambers,WR,2001,MIA,177.2
Antonio Freeman,WR,2001,GB,171.3
David Patten,WR,2001,NE,167
Jeff Graham,WR,2001,LAC,161.1
Ike Hilliard,WR,2001,NYG,156
J.J. Stokes,WR,2001,SF,154.5
Raghib Ismail,WR,2001,DAL,151.5
Darnay Scott,WR,2001,CIN,150.9
Michael Westbrook,WR,2001,WAS,148.2
Rod Gardner,WR,2001,WAS,143.7
Joey Galloway,WR,2001,DAL,143.06
Peter Warrick,WR,2001,CIN,142.1
James McKnight,WR,2001,MIA,141.3
Joe Jurevicius,WR,2001,NYG,139.6
Oronde Gadsden,WR,2001,MIA,138.4
Wayne Chrebet,WR,2001,NYJ,137
Ricky Proehl,WR,2001,LA,128.8
Todd Pinkston,WR,2001,PHI,125.1
Donald Hayes,WR,2001,CAR,123.7
Travis Taylor,WR,2001,BAL,120.6
Terance Mathis,WR,2001,ATL,119.4
Frank Sanders,WR,2001,ARI,112.8
Muhsin Muhammad,WR,2001,CAR,112.5
Tony Martin,WR,2001,ATL,109.8
Shawn Jefferson,WR,2001,ATL,104.9
Az-Zahir Hakim,WR,2001,LA,103.44
MarTay Jenkins,WR,2001,ARI,102.2
Koren Robinson,WR,2001,SEA,99.9
David Terrell,WR,2001,CHI,99.5
Corey Bradford,WR,2001,GB,95.6
Derrick Alexander,WR,2001,KC,93.6
Isaac Byrd,WR,2001,CAR,92
Eddie Kennison,WR,2001,KC,90.3
Brian Finneran,WR,2001,ATL,90.1
Snoop Minnis,WR,2001,KC,90.1
Quincy Morgan,WR,2001,CLE,87.9
Dez White,WR,2001,CHI,87.8
Jacquez Green,WR,2001,TB,82.2
Tim Dwight,WR,2001,LAC,80
Bobby Shaw,WR,2001,PIT,76.9
Terrence Wilkins,WR,2001,IND,73.2
Brandon Stokley,WR,2001,BAL,70.5
Bobby Engram,WR,2001,SEA,69
Tai Streets,WR,2001,SF,68.5
Jerome Pathon,WR,2001,IND,68.2
Karl Williams,WR,2001,TB,67.4
Ron Dugans,WR,2001,CIN,67.1
Chad Johnson,WR,2001,CIN,66.9
Jake Reed,WR,2001,MIN,65.9
Drew Bennett,WR,2001,TEN,64.9
Germane Crowell,WR,2001,DET,63.5
Marcus Robinson,WR,2001,CHI,61.9
Reggie Wayne,WR,2001,IND,61.5
Troy Edwards,WR,2001,PIT,60.1
Boo Williams,WR,2001,NO,58.2
JaJuan Dawson,WR,2001,CLE,56.1
Freddie Mitchell,WR,2001,PHI,54.9
Kevin Lockett,WR,2001,WAS,54.54
Larry Foster,WR,2001,DET,50.9
Chris Thomas,WR,2001,KC,49.7
Robert Wilson,WR,2001,NO,48.7
Steve Smith,WR,2001,CAR,47.7
Larry Parker,WR,2001,KC,47.5
Bert Emanuel,WR,2001,DET,45.6
Donald Driver,WR,2001,GB,45.5
Dedric Ward,WR,2001,MIA,44
Danny Farmer,WR,2001,CIN,43.8
T.J. Houshmandzadeh,WR,2001,CIN,43.8
Albert Connell,WR,2001,NO,43.7
Sean Dawkins,WR,2001,JAX,43.4
Jerry Porter,WR,2001,LV,42.3
Terry Glenn,WR,2001,NE,40.4
Dennis Northcutt,WR,2001,CLE,39.7
James Williams,WR,2001,SEA,39.2
Scotty Anderson,WR,2001,DET,39.1
Trevor Insley,WR,2001,IND,36.5
Trevor Gaylor,WR,2001,LAC,35.7
Kevin Swayne,WR,2001,NYJ,33.3
Darrin Chiaverini,WR,2001,DAL,33
Reggie Germany,WR,2001,BUF,32.3
Desmond Howard,WR,2001,DET,31.8
Reidel Anthony,WR,2001,TB,31.4
Charles Johnson,WR,2001,NE,31.1
D'Wayne Bates,WR,2001,CHI,31
Ron Dixon,WR,2001,NYG,30.5
Reggie Swinton,WR,2001,DAL,30.3
Patrick Jeffers,WR,2001,CAR,26.7
Dameane Douglas,WR,2001,PHI,24.7
Andre King,WR,2001,CLE,23.9
Jeremy McDaniel,WR,2001,BUF,23.9
Justin Swift,WR,2001,SF,23.6
Ed McCaffrey,WR,2001,DEN,21.4
Scottie Montgomery,WR,2001,DEN,21.4
Frank Murphy,WR,2001,TB,21.1
Chris Cole,WR,2001,DEN,19.8
Jeff Ogden,WR,2001,MIA,19.3
Kevin Kasper,WR,2001,DEN,18.3
Wane McGarity,WR,2001,NO,17.3
Avion Black,WR,2001,BUF,17
Pat Johnson,WR,2001,BAL,16.7
Na Brown,WR,2001,PHI,16.5
Chris Walsh,WR,2001,MIN,15.7
Alex Bannister,WR,2001,SEA,15
Derrius Thompson,WR,2001,WAS,14.2
Jammi German,WR,2001,CLE,13.5
Arnold Jackson,WR,2001,ARI,13.4
Chris Sanders,WR,2001,TEN,12.4
Charles Lee,WR,2001,GB,12.2
Eric Metcalf,WR,2001,WAS,11.9
Justin McCareins,WR,2001,TEN,11.8
Herman Moore,WR,2001,DET,11.6
Milton Wynn,WR,2001,TB,10.9
Quentin McCord,WR,2001,ATL,9.4
Keith Poole,WR,2001,DEN,8.8
Jermaine Lewis,WR,2001,BAL,8.5
Reggie Jones,WR,2001,LAC,7.9
Fred Coleman,WR,2001,NE,7
Torrance Small,WR,2001,NE,6.9
Matt Hatchette,WR,2001,NYJ,6.4
Thabiti Davis,WR,2001,NYG,6.4
Ken-Yon Rambo,WR,2001,DAL,5.8
Pat Batteaux,WR,2001,LAC,5.5
Santana Moss,WR,2001,NYJ,5.4
Damon Gibson,WR,2001,JAX,5.2
Eddie Berlin,WR,2001,TEN,4.8
Gari Scott,WR,2001,PHI,4.6
Glyn Milburn,WR,2001,CHI,4.2
Alvis Whitted,WR,2001,JAX,4.1
Ahmad Merritt,WR,2001,CHI,4
James Jett,WR,2001,LV,3.9
Tony Simmons,WR,2001,IND,3.7
Curtis Jackson,WR,2001,NE,3.6
Vinny Sutherland,WR,2001,SF,3.1
Chris Coleman,WR,2001,TEN,2.9
David Dunn,WR,2001,LV,1.8
Will Blackwell,WR,2001,PIT,1.8
Dante Hall,WR,2001,KC,1
Jonathan Carter,WR,2001,NYG,0
Nate Turner,WR,2001,LAC,0
Travis McGriff,WR,2001,DEN,0
Windrell Hayes,WR,2001,NYJ,0
Mike Alstott,FB,2002,TB,152
Larry Centers,FB,2002,BUF,99.4
Richie Anderson,FB,2002,NYJ,79.4
Rob Konrad,FB,2002,MIA,73.5
William Henderson,FB,2002,GB,69.5
Brad Hoover,FB,2002,CAR,58.6
Bob Christian,FB,2002,ATL,58.3
Tony Richardson,FB,2002,KC,56.6
Mack Strong,FB,2002,SEA,55.4
Marc Edwards,FB,2002,NE,52.2
Joel Makovicka,FB,2002,ARI,46.5
Lorenzo Neal,FB,2002,CIN,43.4
Robert Holcombe,FB,2002,TEN,41.3
Dan Kreider,FB,2002,PIT,39.8
Bryan Johnson,FB,2002,WAS,26.4
Jerald Sowell,FB,2002,NYJ,23.5
Robert Thomas,FB,2002,DAL,23.1
Jon Ritchie,FB,2002,LV,22.6
Heath Evans,FB,2002,SEA,15.4
Terrelle Smith,FB,2002,NO,11.1
Daimon Shelton,FB,2002,CHI,10.4
Verron Haynes,FB,2002,PIT,9.1
Jim Finn,FB,2002,IND,7.9
Phillip Crosby,FB,2002,BUF,7.3
Patrick Washington,FB,2002,JAX,1.5
Chris Hetherington,FB,2002,LA,1.2
David Akers,K,2002,PHI,1
Rich Gannon,QB,2002,LV,303.16
Daunte Culpepper,QB,2002,MIN,285.02
Mike Vick,QB,2002,ATL,279.14
Peyton Manning,QB,2002,IND,264.8
Aaron Brooks,QB,2002,NO,256.18
Trent Green,QB,2002,KC,256.1
Steve McNair,QB,2002,TEN,253.48
Drew Bledsoe,QB,2002,BUF,251.06
Jeff Garcia,QB,2002,SF,251.06
Tom Brady,QB,2002,NE,245.56
Donovan McNabb,QB,2002,PHI,223.56
Brett Favre,QB,2002,GB,221.62
Chad Pennington,QB,2002,NYJ,217.7
Kerry Collins,QB,2002,NYG,210.62
Brad Johnson,QB,2002,TB,200.96
Drew Brees,QB,2002,LAC,188.36
Matt Hasselbeck,QB,2002,SEA,183.2
Jake Plummer,QB,2002,ARI,182.38
Jon Kitna,QB,2002,CIN,176.82
Brian Griese,QB,2002,DEN,175.26
Tommy Maddox,QB,2002,PIT,165.74
Mark Brunell,QB,2002,JAX,158.22
Tim Couch,QB,2002,CLE,155.38
David Carr,QB,2002,HOU,147.88
Jay Fiedler,QB,2002,MIA,144.86
Rodney Peete,QB,2002,CAR,124.6
Jeff Blake,QB,2002,BAL,123.96
Marc Bulger,QB,2002,LA,119.04
Jim Miller,QB,2002,CHI,108.86
Joey Harrington,QB,2002,DET,106.16
Kordell Stewart,QB,2002,PIT,87.3
Shane Matthews,QB,2002,WAS,84.84
Patrick Ramsey,QB,2002,WAS,79.46
Mike McMahon,QB,2002,DET,74.26
Quincy Carter,QB,2002,DAL,73.7
Chad Hutchinson,QB,2002,DAL,65.6
Ray Lucas,QB,2002,MIA,62.4
Chris Redman,QB,2002,BAL,60.16
Steve Beuerlein,QB,2002,DEN,55.9
Kelly Holcomb,QB,2002,CLE,54.5
Jamie Martin,QB,2002,LA,53.24
A.J. Feeley,QB,2002,PHI,53.04
Trent Dilfer,QB,2002,SEA,51.98
Kurt Warner,QB,2002,LA,46.54
Chris Chandler,QB,2002,CHI,46.12
Danny Wuerffel,QB,2002,WAS,34.36
David Garrard,QB,2002,JAX,29.14
Doug Johnson,QB,2002,ATL,27.52
Vinny Testaverde,QB,2002,NYJ,26.26
Rob Johnson,QB,2002,TB,24.74
Koy Detmer,QB,2002,PHI,23.36
Tim Rattay,QB,2002,SF,17.28
Henry Burris,QB,2002,CHI,16.68
Gus Frerotte,QB,2002,CIN,13.68
Doug Pederson,QB,2002,GB,9.26
Randy Fasani,QB,2002,CAR,8.34
Todd Collins,QB,2002,KC,7.62
Jake Delhomme,QB,2002,NO,4.32
Shaun King,QB,2002,TB,3.7
Cory Sauter,QB,2002,CHI,3.16
Doug Flutie,QB,2002,LAC,3.16
Todd Bouman,QB,2002,MIN,2.3
Tory Woodbury,QB,2002,NYJ,2.3
Chris Weinke,QB,2002,CAR,2.1
Akili Smith,QB,2002,CIN,1.18
Jesse Palmer,QB,2002,NYG,0.9
Neil O'Donnell,QB,2002,TEN,0.66
Damon Huard,QB,2002,NE,0.4
Scott Covington,QB,2002,LA,0.28
Alex Van Pelt,QB,2002,BUF,0.2
Jonathan Quinn,QB,2002,KC,-0.1
Rohan Davey,QB,2002,NE,-0.28
Marques Tuiasosopo,QB,2002,LV,-0.3
Sage Rosenfels,QB,2002,MIA,-0.9
Josh McCown,QB,2002,ARI,-1.36
Priest Holmes,RB,2002,KC,440.7
LaDainian Tomlinson,RB,2002,LAC,384.2
Ricky Williams,RB,2002,MIA,360.6
Charlie Garner,RB,2002,LV,347.3
Shaun Alexander,RB,2002,SEA,328.5
Tiki Barber,RB,2002,NYG,321.4
Clinton Portis,RB,2002,DEN,316.2
Deuce McAllister,RB,2002,NO,311
Travis Henry,RB,2002,BUF,285.7
Marshall Faulk,RB,2002,LA,283
Fred Taylor,RB,2002,JAX,269.2
Ahman Green,RB,2002,GB,268.3
Eddie George,RB,2002,TEN,262
Duce Staley,RB,2002,PHI,258
Jamal Lewis,RB,2002,BAL,251.9
Corey Dillon,RB,2002,CIN,241.9
Curtis Martin,RB,2002,NYJ,238.6
Michael Bennett,RB,2002,MIN,231.7
Warrick Dunn,RB,2002,ATL,228.4
Garrison Hearst,RB,2002,SF,226.9
James Stewart,RB,2002,DET,217.4
Edgerrin James,RB,2002,IND,213.3
Marcel Shipp,RB,2002,ARI,208.7
Antowain Smith,RB,2002,NE,201.5
Michael Pittman,RB,2002,TB,180.5
Jamel White,RB,2002,CLE,173.2
Amos Zereoue,RB,2002,PIT,172.3
Moe Williams,RB,2002,MIN,159.5
Stephen Davis,RB,2002,WAS,159.2
Emmitt Smith,RB,2002,DAL,150.4
Lamar Smith,RB,2002,CAR,148.4
William Green,RB,2002,CLE,148
Anthony Thomas,RB,2002,CHI,142.4
Kevin Faulk,RB,2002,NE,142
James Allen,RB,2002,HOU,133.3
Jerome Bettis,RB,2002,PIT,131.3
Antwaan Randle El,RB,2002,PIT,129.1
Kevan Barlow,RB,2002,SF,123.1
Kenny Watson,RB,2002,WAS,122.7
Stacey Mack,RB,2002,JAX,116.5
James Mungro,RB,2002,IND,98.7
Mike Anderson,RB,2002,DEN,95.3
Lamar Gordon,RB,2002,LA,94.6
Thomas Jones,RB,2002,ARI,90.4
T.J. Duckett,RB,2002,ATL,89.8
Dee Brown,RB,2002,CAR,83.6
Cory Schlesinger,RB,2002,DET,83.2
Jonathan Wells,RB,2002,HOU,82.7
Dorsey Levens,RB,2002,PHI,82.5
LaMont Jordan,RB,2002,NYJ,80.6
Ron Dayne,RB,2002,NYG,74.7
Tyrone Wheatley,RB,2002,LV,73
Aveion Cason,RB,2002,DET,70.5
Troy Hambrick,RB,2002,DAL,66.6
Leon Johnson,RB,2002,CHI,66.48
Ladell Betts,RB,2002,WAS,64.1
Tony Fisher,RB,2002,GB,63.3
Zack Crockett,RB,2002,LV,59.8
John Simon,RB,2002,TEN,58.5
Olandis Gary,RB,2002,DEN,53.5
Robert Edwards,RB,2002,MIA,53.3
Chester Taylor,RB,2002,BAL,53.1
Fred Beasley,RB,2002,SF,50.7
Brandon Bennett,RB,2002,CIN,50.4
Michael Wiley,RB,2002,DAL,50.2
Fred McCrary,RB,2002,LAC,47.7
Terry Kirby,RB,2002,LV,47.6
Nick Goings,RB,2002,CAR,45.9
Stanley Pritchett,RB,2002,CHI,41.7
Charles Stackhouse,RB,2002,NYG,39.8
Brian Westbrook,RB,2002,PHI,37.9
Steve Bush,RB,2002,ARI,37.1
Aaron Stecker,RB,2002,TB,35.3
Terrell Fletcher,RB,2002,LAC,35
Mike Cloud,RB,2002,KC,34.3
Alan Ricard,RB,2002,BAL,33.8
Rock Cartwright,RB,2002,WAS,31.3
Najeh Davenport,RB,2002,GB,30.7
Travis Minor,RB,2002,MIA,30
Nicolas Luchey,RB,2002,CIN,29.5
Mike Green,RB,2002,TEN,25.8
Cecil Martin,RB,2002,PHI,25.2
Maurice Morris,RB,2002,SEA,24.8
Reuben Droughns,RB,2002,DEN,23.4
Lamont Warren,RB,2002,DET,22.4
Rondell Mealey,RB,2002,GB,21.1
Adrian Peterson,RB,2002,CHI,20.9
James Fenderson,RB,2002,NO,20.3
Chad Morton,RB,2002,NYJ,17.7
Paul Smith,RB,2002,SF,17.3
Derrick Blaylock,RB,2002,KC,16.9
Rudi Johnson,RB,2002,CIN,16.1
Jarrod Baxter,RB,2002,HOU,15.7
Greg Comella,RB,2002,TEN,15
Chris Fuamatu-Ma'afala,RB,2002,PIT,14.7
James Hodgins,RB,2002,LA,14.4
Damien Anderson,RB,2002,ARI,13.1
Ricky Williams,RB,2002,IND,12.5
Brian Mitchell,RB,2002,PHI,12.28
Omar Easy,RB,2002,KC,11.3
Randy Jordan,RB,2002,LV,11.3
Trung Canidate,RB,2002,LA,9.9
James Jackson,RB,2002,CLE,9.4
Jesse Chatman,RB,2002,LAC,9.3
Doug Chapman,RB,2002,MIN,8.9
Sean Bennett,RB,2002,NYG,8.7
Jameel Cook,RB,2002,TB,8.3
Sammy Morris,RB,2002,BUF,8.3
Rafael Cooper,RB,2002,DET,7.1
Charlie Rogers,RB,2002,BUF,6
Woody Dantzler,RB,2002,DAL,6
Shawn Bryson,RB,2002,BUF,5.4
Stephen Trejo,RB,2002,DET,3.3
Jay Graham,RB,2002,GB,2.9
J.R. Redmond,RB,2002,NE,2.7
Patrick Pass,RB,2002,NE,2.7
Detron Smith,RB,2002,IND,2.4
Joe Montgomery,RB,2002,CAR,2
Curtis Keaton,RB,2002,NO,1.9
Delvin Joyce,RB,2002,NYG,1.7
Jason McKie,RB,2002,DAL,1.7
Travis Jervey,RB,2002,ATL,1.7
George Layne,RB,2002,ATL,1.6
Travis Stephens,RB,2002,TB,1.6
Fred McAfee,RB,2002,NO,1.1
Joe Burns,RB,2002,BUF,0.7
Richard Huntley,RB,2002,DET,0.4
Autry Denson,RB,2002,IND,0.2
Rod Smart,RB,2002,CAR,0.2
Dennis McKinley,RB,2002,ARI,0
Elvis Joseph,RB,2002,JAX,0
Madre Hill,RB,2002,LV,0
R.J. Bowers,RB,2002,CLE,0
Tony Carter,RB,2002,GB,0
Todd Heap,TE,2002,BAL,193.4
Tony Gonzalez,TE,2002,KC,182.3
Jeremy Shockey,TE,2002,NYG,171.4
Shannon Sharpe,TE,2002,DEN,147.6
Bubba Franks,TE,2002,GB,145.44
Billy Miller,TE,2002,HOU,130.3
Marcus Pollard,TE,2002,IND,128.8
Kyle Brady,TE,2002,JAX,113.1
Alge Crumpler,TE,2002,ATL,111.5
Randy McMichael,TE,2002,MIA,110.3
Itula Mili,TE,2002,SEA,105.8
Stephen Alexander,TE,2002,LAC,102
Chad Lewis,TE,2002,PHI,99.8
Ernie Conwell,TE,2002,LA,96.9
Christian Fauria,TE,2002,NE,96.3
Freddie Jones,TE,2002,ARI,85.8
Frank Wycheck,TE,2002,TEN,85.12
Doug Jolley,TE,2002,LV,84.9
Anthony Becht,TE,2002,NYJ,84.3
Jimmy Kleinsasser,TE,2002,MIN,84
Ken Dilger,TE,2002,TB,78.9
Mikhael Ricks,TE,2002,DET,78.9
Byron Chamberlain,TE,2002,MIN,72.9
Jerramy Stevens,TE,2002,SEA,69.2
Eric Johnson,TE,2002,SF,68.1
Wesley Walls,TE,2002,CAR,67.1
Jay Riemersma,TE,2002,BUF,67
Pete Mitchell,TE,2002,JAX,61.6
Mark Campbell,TE,2002,CLE,60.9
Matt Schobel,TE,2002,CIN,60.2
Tony McGee,TE,2002,DAL,58.4
John Davis,TE,2002,CHI,57.3
Rickey Dudley,TE,2002,TB,53.2
Roland Williams,TE,2002,LV,48.3
Dan Campbell,TE,2002,NYG,45.5
Dave Moore,TE,2002,BUF,42.1
Josh Norman,TE,2002,LAC,42.1
Dustin Lyman,TE,2002,CHI,38.1
Zeron Flemister,TE,2002,WAS,36.6
Daniel Graham,TE,2002,NE,36
Jeff Thomason,TE,2002,PHI,34.8
Steve Heiden,TE,2002,CLE,33.5
Cameron Cleeland,TE,2002,NE,33.2
James Whalen,TE,2002,DAL,32.2
Kris Mangum,TE,2002,CAR,31.9
Jed Weaver,TE,2002,MIA,31.5
Erron Kinney,TE,2002,TEN,30.3
Reggie Kelly,TE,2002,ATL,30.2
Terry Jones,TE,2002,BAL,27.6
Tyrone Davis,TE,2002,GB,25.7
Mark Bruener,TE,2002,PIT,25.6
David Sloan,TE,2002,NO,24.7
Brandon Manumaleuna,TE,2002,LA,24.6
John Gilmore,TE,2002,CHI,23
Patrick Hape,TE,2002,DEN,20.6
Jermaine Wiggins,TE,2002,CAR,20.2
Walter Rasby,TE,2002,WAS,17.5
David Martin,TE,2002,GB,17.3
John Jones,TE,2002,BAL,16.7
Jerame Tuman,TE,2002,PIT,16.3
Joe Dean Davenport,TE,2002,IND,15
Jabari Holloway,TE,2002,HOU,14.3
Marcellus Rivers,TE,2002,NYG,12.5
Hunter Goodwin,TE,2002,MIN,12
Aaron Shea,TE,2002,CLE,11.9
Brian Kozlowski,TE,2002,ATL,11.9
Darnell Sanders,TE,2002,CLE,11.3
Fred Baxter,TE,2002,CHI,10.1
John Owens,TE,2002,DET,9.9
Mike Roberg,TE,2002,IND,9.7
Billy Baber,TE,2002,KC,9
Shad Meier,TE,2002,TEN,8.7
Ryan Hannam,TE,2002,SEA,8.6
Desmond Clark,TE,2002,MIA,6.2
Todd Yoder,TE,2002,TB,4.6
Justin Peelle,TE,2002,LAC,4.5
Jason Dunn,TE,2002,KC,3.6
Chris Baker,TE,2002,NYJ,3.4
Mike Lucky,TE,2002,DAL,3.2
Lamont Hall,TE,2002,NO,2.6
Leonard Stephens,TE,2002,WAS,2.3
Matt Murphy,TE,2002,DET,1.8
Tony Stewart,TE,2002,CIN,1.6
Chris Luzar,TE,2002,JAX,1.5
Matt Cushing,TE,2002,PIT,1.4
James Dearth,TE,2002,NYJ,0
Jeb Putzier,TE,2002,DEN,0
John Allred,TE,2002,PIT,0
Marco Battaglia,TE,2002,TB,0
Mondriel Fulcher,TE,2002,LV,0
Rod Rutledge,TE,2002,HOU,0
Marvin Harrison,WR,2002,IND,384.2
Hines Ward,WR,2002,PIT,335.1
Terrell Owens,WR,2002,SF,321.9
Randy Moss,WR,2002,MIN,290.32
Eric Moulds,WR,2002,BUF,289.9
Peerless Price,WR,2002,BUF,269.9
Amani Toomer,WR,2002,NYG,264.5
Joe Horn,WR,2002,NO,263.4
Marty Booker,WR,2002,CHI,257.66
Jerry Rice,WR,2002,LV,255.1
Plaxico Burress,WR,2002,PIT,252.5
Laveranues Coles,WR,2002,NYJ,251.3
Torry Holt,WR,2002,LA,245
Koren Robinson,WR,2002,SEA,237.6
Donald Driver,WR,2002,GB,235.4
Jimmy Smith,WR,2002,JAX,226.9
Isaac Bruce,WR,2002,LA,226.3
Rod Smith,WR,2002,DEN,220.6
Rod Gardner,WR,2002,WAS,219.7
Keyshawn Johnson,WR,2002,TB,218.8
Chad Johnson,WR,2002,CIN,215.6
Derrick Mason,WR,2002,TEN,208.2
Troy Brown,WR,2002,NE,205.4
Travis Taylor,WR,2002,BAL,194.4
Quincy Morgan,WR,2002,CLE,193.1
Joey Galloway,WR,2002,DAL,188.9
Tim Brown,WR,2002,LV,187.9
Curtis Conway,WR,2002,LAC,185.5
Todd Pinkston,WR,2002,PHI,180.3
Jerry Porter,WR,2002,LV,178.4
Tai Streets,WR,2002,SF,177.6
James Thrash,WR,2002,PHI,174.1
David Patten,WR,2002,NE,174
Brian Finneran,WR,2002,ATL,173.8
Ed McCaffrey,WR,2002,DEN,171.5
Steve Smith,WR,2002,CAR,170.8
Wayne Chrebet,WR,2002,NYJ,170.1
Darrell Jackson,WR,2002,SEA,170
Muhsin Muhammad,WR,2002,CAR,167.3
Kevin Johnson,WR,2002,CLE,166.62
Keenan McCardell,WR,2002,TB,162.3
Eddie Kennison,WR,2002,KC,161.4
Dennis Northcutt,WR,2002,CLE,158.5
Derrius Thompson,WR,2002,WAS,158
Antonio Bryant,WR,2002,DAL,153.3
Peter Warrick,WR,2002,CIN,151.8
Chris Chambers,WR,2002,MIA,151.2
Corey Bradford,WR,2002,HOU,149.6
Donte' Stallworth,WR,2002,NO,149.6
Terry Glenn,WR,2002,GB,147.7
D'Wayne Bates,WR,2002,MIN,142.9
Reggie Wayne,WR,2002,IND,142.6
Tim Dwight,WR,2002,LAC,141.1
Dez White,WR,2002,CHI,139.7
Antonio Freeman,WR,2002,PHI,130
Bill Schroeder,WR,2002,DET,127.5
Andre Davis,WR,2002,CLE,121.7
Jerome Pathon,WR,2002,NO,119.3
Bobby Engram,WR,2002,SEA,115.9
Az-Zahir Hakim,WR,2002,DET,115.4
Santana Moss,WR,2002,NYJ,114.1
Ricky Proehl,WR,2002,LA,113.6
Marc Boerigter,WR,2002,KC,110
Kevin Dyson,WR,2002,TEN,108.6
Bobby Shaw,WR,2002,JAX,108.5
Qadry Ismail,WR,2002,IND,108.2
Deion Branch,WR,2002,NE,103.9
Ashley Lelie,WR,2002,DEN,103.5
Joe Jurevicius,WR,2002,TB,103.3
Jabar Gaffney,WR,2002,HOU,102.86
Josh Reed,WR,2002,BUF,97.9
T.J. Houshmandzadeh,WR,2002,CIN,96.2
James McKnight,WR,2002,MIA,95.6
Dante Hall,WR,2002,KC,93.6
Drew Bennett,WR,2002,TEN,92.8
David Boston,WR,2002,ARI,92.1
Ron Dugans,WR,2002,CIN,89.1
Frank Sanders,WR,2002,ARI,88.2
Johnnie Morton,WR,2002,KC,87.1
Trevor Gaylor,WR,2002,ATL,81.5
Ike Hilliard,WR,2002,NYG,78.3
Jake Reed,WR,2002,NO,73
Brandon Stokley,WR,2002,BAL,72.8
Shawn Jefferson,WR,2002,ATL,72.4
J.J. Stokes,WR,2002,SF,71.2
Ron Dixon,WR,2002,NYG,69.7
Robert Ferguson,WR,2002,GB,69.3
Jason McAddley,WR,2002,ARI,67.2
Marcus Robinson,WR,2002,CHI,63.4
Scotty Anderson,WR,2002,DET,63.2
Kevin Lockett,WR,2002,JAX,63.06
Justin McCareins,WR,2002,TEN,62.9
Reche Caldwell,WR,2002,LAC,62.5
Javon Walker,WR,2002,GB,60
MarTay Jenkins,WR,2002,ARI,58.6
Darnerien McCants,WR,2002,WAS,57.5
Terance Mathis,WR,2002,PIT,56.8
Willie Jackson,WR,2002,WAS,54.7
Kevin Kasper,WR,2002,ARI,52.9
Chris Doering,WR,2002,WAS,51.2
Darnay Scott,WR,2002,DAL,51.2
Eric Parker,WR,2002,LAC,49.8
Kelly Campbell,WR,2002,MIN,49.7
JaJuan Dawson,WR,2002,HOU,49.6
Germane Crowell,WR,2002,DET,48.1
Troy Edwards,WR,2002,LA,45.8
Michael L. Lewis,WR,2002,NO,45.5
Quentin McCord,WR,2002,ATL,42.3
Boo Williams,WR,2002,NO,41.3
Troy Walters,WR,2002,IND,40
David Terrell,WR,2002,CHI,39.7
Oronde Gadsden,WR,2002,MIA,38.8
Pat Johnson,WR,2002,JAX,38.8
Cedrick Wilson,WR,2002,SF,37.6
Donald Hayes,WR,2002,NE,37.3
Chris Walsh,WR,2002,MIN,37.2
Isaac Byrd,WR,2002,CAR,36.4
Dedric Ward,WR,2002,MIA,36.2
Ken-Yon Rambo,WR,2002,DAL,35.1
Derrick Alexander,WR,2002,MIN,33.4
Ron Johnson,WR,2002,BAL,33.4
Nate Poole,WR,2002,ARI,29.8
Michael Westbrook,WR,2002,CIN,29.5
Larry Foster,WR,2002,DET,29.2
Karl Williams,WR,2002,TB,26.2
David Givens,WR,2002,NE,24.2
Karl Hankton,WR,2002,CAR,23.2
Ahmad Merritt,WR,2002,CHI,22.5
Freddie Mitchell,WR,2002,PHI,22.5
Reggie Swinton,WR,2002,DAL,21.6
Jacquez Green,WR,2002,DET,21.3
Danny Farmer,WR,2002,CIN,20.5
James Williams,WR,2002,SEA,18.9
Cris Carter,WR,2002,MIA,18.6
Randy Hymes,WR,2002,BAL,18.3
Scottie Montgomery,WR,2002,DEN,17.8
Daryl Jones,WR,2002,NYG,17.4
Avion Black,WR,2002,HOU,17.2
Justin Swift,WR,2002,SF,16.3
Arnold Jackson,WR,2002,ARI,15.2
Terrence Wilkins,WR,2002,LA,13.7
Kevin Swayne,WR,2002,NYJ,12.8
Eddie Drummond,WR,2002,DET,11.5
Javin Hunter,WR,2002,BAL,9.4
Andre King,WR,2002,CLE,9.1
Tim Carter,WR,2002,NYG,8.5
Jake Soliday,WR,2002,ARI,7.9
Yo Murphy,WR,2002,LA,7.3
Charles Johnson,WR,2002,BUF,6.9
Jermaine Lewis,WR,2002,HOU,6.9
Karsten Bailey,WR,2002,GB,5.6
Marcus Knight,WR,2002,LV,5.6
Reggie Barlow,WR,2002,TB,5.3
Cedric James,WR,2002,MIN,3.9
Robert Baker,WR,2002,MIA,2.7
Bryan Gilmore,WR,2002,ARI,2.4
Eddie Berlin,WR,2002,TEN,2.4
Drew Haddad,WR,2002,IND,2.1
Atnaf Harris,WR,2002,HOU,1.8
Frisman Jackson,WR,2002,CLE,1.6
Snoop Minnis,WR,2002,KC,1.4
Nick Davis,WR,2002,MIN,1.1
Eric Metcalf,WR,2002,GB,0.7
Alex Bannister,WR,2002,SEA,0
Anthony Bright,WR,2002,CAR,0
Darrin Chiaverini,WR,2002,ATL,0
Derek Dorris,WR,2002,NYG,0
Herb Haygood,WR,2002,DEN,0
Herman Moore,WR,2002,NYG,0
James Jordan,WR,2002,SF,0
Lee Mays,WR,2002,PIT,0
Micah Ross,WR,2002,JAX,0
Milton Wynn,WR,2002,BAL,0
Tamarick Vanover,WR,2002,LAC,0
Richie Anderson,FB,2003,DAL,178.9
Jerald Sowell,FB,2003,NYJ,96.8
Mack Strong,FB,2003,SEA,72
Robert Holcombe,FB,2003,TEN,65.1
William Henderson,FB,2003,GB,63.4
Marc Edwards,FB,2003,JAX,60.9
Larry Centers,FB,2003,NE,43.8
Jon Ritchie,FB,2003,PHI,43.7
Jeremi Johnson,FB,2003,CIN,39.3
Mike Alstott,FB,2003,TB,38
Rob Konrad,FB,2003,MIA,34.3
Lorenzo Neal,FB,2003,LAC,32.2
Dan Kreider,FB,2003,PIT,28.6
Brad Hoover,FB,2003,CAR,27.3
Tony Richardson,FB,2003,KC,25.5
Jim Finn,FB,2003,NYG,21.8
Sam Gash,FB,2003,BUF,19.6
Bryan Johnson,FB,2003,WAS,16.6
Verron Haynes,FB,2003,PIT,15
Terrelle Smith,FB,2003,NO,8.8
Heath Evans,FB,2003,SEA,7.8
Chris Hetherington,FB,2003,LV,4.3
Darian Barnes,FB,2003,TB,1.6
B.J. Askew,FB,2003,NYJ,0.9
Phil Dawson,K,2003,CLE,1.4
Jeff Wilkins,K,2003,LA,0.7
John Carney,K,2003,NO,0.3
Daunte Culpepper,QB,2003,MIN,273.36
Peyton Manning,QB,2003,IND,270.38
Trent Green,QB,2003,KC,251.86
Matt Hasselbeck,QB,2003,SEA,250.26
Steve McNair,QB,2003,TEN,243.04
Aaron Brooks,QB,2003,NO,230.14
Jeff Garcia,QB,2003,SF,226.26
Brett Favre,QB,2003,GB,221.94
Jon Kitna,QB,2003,CIN,221.9
Donovan McNabb,QB,2003,PHI,219.12
Marc Bulger,QB,2003,LA,217.3
Brad Johnson,QB,2003,TB,216.14
Tom Brady,QB,2003,NE,215.1
Quincy Carter,QB,2003,DAL,189.78
Tommy Maddox,QB,2003,PIT,171.76
Jake Delhomme,QB,2003,CAR,171.06
Jake Plummer,QB,2003,DEN,167.82
Joey Harrington,QB,2003,DET,154.8
Byron Leftwich,QB,2003,JAX,147.56
Kerry Collins,QB,2003,NYG,141.3
Jeff Blake,QB,2003,ARI,135.78
Drew Bledsoe,QB,2003,BUF,131.3
Patrick Ramsey,QB,2003,WAS,130.96
Chad Pennington,QB,2003,NYJ,127.76
Jay Fiedler,QB,2003,MIA,127.02
David Carr,QB,2003,HOU,117.62
Drew Brees,QB,2003,LAC,111.82
Kordell Stewart,QB,2003,CHI,103.72
Doug Flutie,QB,2003,LAC,92.68
Kelly Holcomb,QB,2003,CLE,84.58
Doug Johnson,QB,2003,ATL,82.3
Vinny Testaverde,QB,2003,NYJ,80.7
Tim Couch,QB,2003,CLE,73.36
Anthony Wright,QB,2003,BAL,71.46
Rich Gannon,QB,2003,LV,68.6
Josh McCown,QB,2003,ARI,67.12
Kyle Boller,QB,2003,BAL,63.6
Rick Mirer,QB,2003,LV,62.98
Mike Vick,QB,2003,ATL,62.9
Tim Rattay,QB,2003,SF,58.24
Gus Frerotte,QB,2003,MIN,53.4
Tim Hasselbeck,QB,2003,WAS,46.58
Chris Chandler,QB,2003,CHI,45.5
Tony Banks,QB,2003,HOU,44.42
Billy Volek,QB,2003,TEN,40.2
Mark Brunell,QB,2003,JAX,35.26
Brian Griese,QB,2003,MIA,34.02
Jesse Palmer,QB,2003,NYG,25.58
Rex Grossman,QB,2003,CHI,23.38
Danny Kanell,QB,2003,DEN,16.18
Neil O'Donnell,QB,2003,TEN,15.18
Steve Beuerlein,QB,2003,DEN,14.86
Kurt Kittner,QB,2003,ATL,12.94
Kurt Warner,QB,2003,LA,10.6
Shaun King,QB,2003,TB,9.2
Marques Tuiasosopo,QB,2003,LV,9.16
David Garrard,QB,2003,JAX,7.44
Todd Bouman,QB,2003,NO,7.34
Dave Ragone,QB,2003,HOU,7
Sage Rosenfels,QB,2003,MIA,5.9
Travis Brown,QB,2003,BUF,4.9
Rob Johnson,QB,2003,LV,3.82
Todd Collins,QB,2003,KC,2.26
Brock Huard,QB,2003,IND,1.78
Tee Martin,QB,2003,LV,1.56
Koy Detmer,QB,2003,PHI,1.28
Rohan Davey,QB,2003,NE,1.24
Trent Dilfer,QB,2003,SEA,1.14
Charlie Batch,QB,2003,PIT,0.98
Rodney Peete,QB,2003,CAR,0.76
Mike McMahon,QB,2003,DET,0.68
Jarious Jackson,QB,2003,DEN,0.54
Gibran Hamdan,QB,2003,WAS,0.28
Chad Hutchinson,QB,2003,DAL,0.02
Doug Pederson,QB,2003,GB,-0.06
Damon Huard,QB,2003,NE,-0.1
Alex Van Pelt,QB,2003,BUF,-4.64
Chris Redman,QB,2003,BAL,-5.28
Priest Holmes,RB,2003,KC,445
LaDainian Tomlinson,RB,2003,LAC,443.84
Ahman Green,RB,2003,GB,385
Deuce McAllister,RB,2003,NO,324.7
Jamal Lewis,RB,2003,BAL,322.8
Clinton Portis,RB,2003,DEN,312.5
Shaun Alexander,RB,2003,SEA,305
Fred Taylor,RB,2003,JAX,276.2
Ricky Williams,RB,2003,MIA,272.3
Edgerrin James,RB,2003,IND,265.9
Moe Williams,RB,2003,MIN,249.9
Tiki Barber,RB,2003,NYG,244.6
Travis Henry,RB,2003,BUF,235.1
Domanick Williams,RB,2003,HOU,227.2
Marshall Faulk,RB,2003,LA,221.8
Michael Pittman,RB,2003,TB,219.2
Stephen Davis,RB,2003,CAR,216.3
Brian Westbrook,RB,2003,PHI,210.5
Curtis Martin,RB,2003,NYJ,207
Kevan Barlow,RB,2003,SF,202.1
Rudi Johnson,RB,2003,CIN,186.3
Eddie George,RB,2003,TEN,171.4
Shawn Bryson,RB,2003,DET,166.6
Charlie Garner,RB,2003,LV,165.9
Warrick Dunn,RB,2003,ATL,165.8
T.J. Duckett,RB,2003,ATL,160.3
Duce Staley,RB,2003,PHI,157.9
Anthony Thomas,RB,2003,CHI,151
Troy Hambrick,RB,2003,DAL,148.1
Kevin Faulk,RB,2003,NE,147.8
Garrison Hearst,RB,2003,SF,142.9
Jerome Bettis,RB,2003,PIT,138.7
Correll Buckhalter,RB,2003,PHI,127.5
Amos Zereoue,RB,2003,PIT,126.3
Marcel Shipp,RB,2003,ARI,125.4
Thomas Jones,RB,2003,TB,118.7
Onterrio Smith,RB,2003,MIN,117.8
Jamel White,RB,2003,CLE,112.9
Tyrone Wheatley,RB,2003,LV,111.8
Antowain Smith,RB,2003,NE,103.4
Antwaan Randle El,RB,2003,PIT,100.14
Rock Cartwright,RB,2003,WAS,98.7
DeShaun Foster,RB,2003,CAR,95.6
Trung Canidate,RB,2003,WAS,88.8
Corey Dillon,RB,2003,CIN,84.2
Tony Fisher,RB,2003,GB,79.6
James Jackson,RB,2003,CLE,75.6
Arlen Harris,RB,2003,LA,74.7
Michael Bennett,RB,2003,MIN,73.9
Mike Anderson,RB,2003,DEN,73
William Green,RB,2003,CLE,72.9
Cory Schlesinger,RB,2003,DET,72.3
Chester Taylor,RB,2003,BAL,70.8
Olandis Gary,RB,2003,DET,70.3
Ladell Betts,RB,2003,WAS,69.2
Chad Morton,RB,2003,WAS,68.3
Ricky Williams,RB,2003,IND,67.2
Zack Crockett,RB,2003,LV,66.8
LaBrandon Toefield,RB,2003,JAX,64.98
Aveion Cason,RB,2003,DAL,64.68
LaMont Jordan,RB,2003,NYJ,64.1
Brandon Bennett,RB,2003,CIN,63.9
Derrick Blaylock,RB,2003,KC,62.3
Emmitt Smith,RB,2003,ARI,62.3
Justin Griffith,RB,2003,ATL,62
Najeh Davenport,RB,2003,GB,61.8
Stacey Mack,RB,2003,HOU,57.8
Lamar Gordon,RB,2003,LA,49.7
Stanley Pritchett,RB,2003,CHI,47.6
Dorsey Levens,RB,2003,NYG,46.6
Quentin Griffin,RB,2003,DEN,46.6
Fred Beasley,RB,2003,SF,45.8
Mike Cloud,RB,2003,NE,43.6
Lee Suggs,RB,2003,CLE,40.9
Jameel Cook,RB,2003,TB,37.9
Brock Forsey,RB,2003,CHI,37.8
Maurice Morris,RB,2003,SEA,37.1
Sammy Morris,RB,2003,BUF,37
Chris Brown,RB,2003,TEN,36.2
Nick Goings,RB,2003,CAR,34.6
Dominic Rhodes,RB,2003,IND,33.9
James Hodgins,RB,2003,ARI,32.4
Aaron Stecker,RB,2003,TB,32.3
Reuben Droughns,RB,2003,DEN,31.1
Travis Minor,RB,2003,MIA,30.6
Joe Burns,RB,2003,BUF,24.5
Steve Bush,RB,2003,ARI,24.1
Alan Ricard,RB,2003,BAL,23.1
Chris Fuamatu-Ma'afala,RB,2003,JAX,21.6
James Mungro,RB,2003,IND,20.6
Justin Fargas,RB,2003,LV,20.5
Artose Pinner,RB,2003,DET,18.9
David Allen,RB,2003,JAX,18.8
Adrian Murrell,RB,2003,DAL,17.9
Rabih Abdullah,RB,2003,CHI,17.2
Obafemi Ayanbadejo,RB,2003,MIA,17.1
Damien Anderson,RB,2003,ARI,16.4
Brian Mitchell,RB,2003,NYG,15.8
Larry Johnson,RB,2003,KC,15.7
Ki-Jana Carter,RB,2003,NO,15.3
Musa Smith,RB,2003,BAL,15.1
Rod Smart,RB,2003,CAR,15
Jamal Robertson,RB,2003,SF,13.6
Jesse Chatman,RB,2003,LAC,12.1
Erik Bickerstaff,RB,2003,DAL,11.6
Moran Norris,RB,2003,HOU,11
Tony Hollings,RB,2003,HOU,10.7
John Avery,RB,2003,MIN,10.4
Paul Smith,RB,2003,DET,10
Avon Cobourne,RB,2003,DET,9.7
Charles Stackhouse,RB,2003,MIN,9
Patrick Pass,RB,2003,NE,8.8
Adrian Peterson,RB,2003,CHI,8.5
Woody Dantzler,RB,2003,ATL,8.1
Josh Scobey,RB,2003,ARI,7.9
Lamar Smith,RB,2003,NO,7.3
R.J. Bowers,RB,2003,CLE,7.2
John Simon,RB,2003,WAS,6
Delvin Joyce,RB,2003,NYG,5.6
Sultan McCullough,RB,2003,WAS,5.2
Doug Chapman,RB,2003,MIN,5.1
Jonathan Wells,RB,2003,HOU,5.1
James Fenderson,RB,2003,NO,4.9
Omar Easy,RB,2003,KC,4.9
J.R. Redmond,RB,2003,LV,4.6
Jamar Martin,RB,2003,DAL,3.6
Fred McCrary,RB,2003,NE,3.5
Cecil Sapp,RB,2003,DEN,3.1
George Layne,RB,2003,ATL,2.8
Leon Johnson,RB,2003,LAC,2.6
Nicolas Luchey,RB,2003,GB,2.5
Reno Mahe,RB,2003,PHI,1.5
Fred McAfee,RB,2003,NO,1.3
Stephen Trejo,RB,2003,DET,1.2
Dan Klecko,RB,2003,NE,0.5
Ken Simonton,RB,2003,BUF,0.4
Kerry Carter,RB,2003,SEA,-0.2
Tony Gonzalez,TE,2003,KC,222.5
Shannon Sharpe,TE,2003,DEN,187
Todd Heap,TE,2003,BAL,154.4
Freddie Jones,TE,2003,ARI,124.7
Randy McMichael,TE,2003,MIA,120.8
Itula Mili,TE,2003,SEA,119.2
Alge Crumpler,TE,2003,ATL,115.2
Jeremy Shockey,TE,2003,NYG,115.2
Marcus Pollard,TE,2003,IND,112.1
Jimmy Kleinsasser,TE,2003,MIN,111.6
Daniel Graham,TE,2003,NE,102.9
Anthony Becht,TE,2003,NYJ,101.6
Erron Kinney,TE,2003,TEN,98.3
Desmond Clark,TE,2003,CHI,95.3
Billy Miller,TE,2003,HOU,93.5
Mikhael Ricks,TE,2003,DET,92.4
Jed Weaver,TE,2003,SF,84.7
Bubba Franks,TE,2003,GB,82.1
Jason Witten,TE,2003,DAL,75.7
Mark Campbell,TE,2003,BUF,73.9
Antonio Gates,TE,2003,LAC,72.9
Matt Schobel,TE,2003,CIN,69.2
Dallas Clark,TE,2003,IND,69
Christian Fauria,TE,2003,NE,68.5
Ernie Conwell,TE,2003,NO,67
Brandon Manumaleuna,TE,2003,LA,66.3
L.J. Smith,TE,2003,PHI,65
Doug Jolley,TE,2003,LV,62.8
Kyle Brady,TE,2003,JAX,61.1
Chad Lewis,TE,2003,PHI,58.3
Terry Jones,TE,2003,BAL,52.9
Ken Dilger,TE,2003,TB,52.4
Casey Fitzsimmons,TE,2003,DET,51
Wesley Walls,TE,2003,GB,48.2
Dan Campbell,TE,2003,DAL,45.5
Frank Wycheck,TE,2003,TEN,45.5
Tony Stewart,TE,2003,CIN,42.2
George Wrighster,TE,2003,JAX,40
Kris Mangum,TE,2003,CAR,36.9
Justin Peelle,TE,2003,LAC,35.3
David Martin,TE,2003,GB,32.9
Teyo Johnson,TE,2003,LV,32.8
Marcellus Rivers,TE,2003,NYG,32.5
Steve Heiden,TE,2003,CLE,31.4
Jay Riemersma,TE,2003,PIT,29.8
Darnell Sanders,TE,2003,CLE,28.5
Chris Baker,TE,2003,NYJ,27.7
Visanthe Shiancoe,TE,2003,NYG,27.6
Dave Moore,TE,2003,BUF,27.2
Reggie Kelly,TE,2003,CIN,27.1
Shad Meier,TE,2003,TEN,26.9
Jason Dunn,TE,2003,KC,26.5
Keith Heinrich,TE,2003,CLE,26.4
Todd Yoder,TE,2003,TB,25.8
Aaron Walker,TE,2003,SF,25.6
Cameron Cleeland,TE,2003,LA,24
Donald Lee,TE,2003,MIA,24
Jerame Tuman,TE,2003,PIT,23.3
Jermaine Wiggins,TE,2003,CAR,22
Josh Norman,TE,2003,LAC,19.2
Dustin Lyman,TE,2003,CHI,19
Brian Kozlowski,TE,2003,ATL,18.7
Rickey Dudley,TE,2003,TB,17.2
Jabari Holloway,TE,2003,HOU,16.4
Zeron Flemister,TE,2003,WAS,15.9
Jerramy Stevens,TE,2003,SEA,13.2
O.J. Santiago,TE,2003,LV,11.9
Walter Rasby,TE,2003,NO,11.5
Robert Royal,TE,2003,WAS,9.8
Will Heller,TE,2003,TB,9.5
Hunter Goodwin,TE,2003,MIN,8.6
Mike Seidman,TE,2003,CAR,8.5
Ryan Neufeld,TE,2003,BUF,8.5
Mark Bruener,TE,2003,PIT,8.1
Jeb Putzier,TE,2003,DEN,7.4
Byron Chamberlain,TE,2003,WAS,6.9
Chad Mustard,TE,2003,CLE,6.9
Chris Luzar,TE,2003,JAX,6
Patrick Hape,TE,2003,DEN,6
Randal Williams,TE,2003,DAL,6
Joe Dean Davenport,TE,2003,IND,5.3
Kevin Ware,TE,2003,WAS,4.7
Darnell Dinkins,TE,2003,NYG,3.6
Billy Baber,TE,2003,KC,3
Aaron Shea,TE,2003,CLE,2.9
Stephen Alexander,TE,2003,LAC,2
Spencer Nead,TE,2003,LA,1.6
Randy Moss,WR,2003,MIN,376
Torry Holt,WR,2003,LA,359.1
Chad Johnson,WR,2003,CIN,285.5
Anquan Boldin,WR,2003,ARI,284.7
Marvin Harrison,WR,2003,IND,277.5
Hines Ward,WR,2003,PIT,277.4
Derrick Mason,WR,2003,TEN,274.4
Steve Smith,WR,2003,CAR,251.2
Keenan McCardell,WR,2003,TB,247.9
Santana Moss,WR,2003,NYJ,247.2
Terrell Owens,WR,2003,SF,244
Laveranues Coles,WR,2003,WAS,242.3
Joe Horn,WR,2003,NO,237.36
Darrell Jackson,WR,2003,SEA,233.7
Chris Chambers,WR,2003,MIA,227.3
Peter Warrick,WR,2003,CIN,225.6
Isaac Bruce,WR,2003,LA,201.44
David Boston,WR,2003,LAC,199.8
Amani Toomer,WR,2003,NYG,199.2
Rod Smith,WR,2003,DEN,195.28
Reggie Wayne,WR,2003,IND,193.8
Andre Johnson,WR,2003,HOU,186.6
Koren Robinson,WR,2003,SEA,178.1
Justin McCareins,WR,2003,TEN,177.6
Eddie Kennison,WR,2003,KC,170.3
Plaxico Burress,WR,2003,PIT,169.3
Peerless Price,WR,2003,ATL,166.1
Javon Walker,WR,2003,GB,164.7
Terry Glenn,WR,2003,DAL,162.9
Jerry Rice,WR,2003,LV,159.1
Rod Gardner,WR,2003,WAS,158.84
Jimmy Smith,WR,2003,JAX,158.5
Bobby Engram,WR,2003,SEA,158
Johnnie Morton,WR,2003,KC,157.4
Deion Branch,WR,2003,NE,156.4
Dennis Northcutt,WR,2003,CLE,155.2
Ike Hilliard,WR,2003,NYG,154.7
Muhsin Muhammad,WR,2003,CAR,153.5
Bobby Shaw,WR,2003,BUF,151.2
Tai Streets,WR,2003,SF,148.5
Eric Moulds,WR,2003,BUF,148
Marty Booker,WR,2003,CHI,146.8
Kevin Johnson,WR,2003,JAX,139.4
Donald Driver,WR,2003,GB,131.2
Josh Reed,WR,2003,BUF,130.6
Andre Davis,WR,2003,CLE,130.4
Dez White,WR,2003,CHI,126.6
Travis Taylor,WR,2003,BAL,126.4
Az-Zahir Hakim,WR,2003,DET,123.84
Jerome Pathon,WR,2003,NO,123.8
Keyshawn Johnson,WR,2003,TB,123.1
Curtis Conway,WR,2003,NYJ,122
Tim Brown,WR,2003,LV,119.7
David Givens,WR,2003,NE,119
Dante Hall,WR,2003,KC,116.9
Ashley Lelie,WR,2003,DEN,116.1
James Thrash,WR,2003,PHI,116.1
Joey Galloway,WR,2003,DAL,115.4
Boo Williams,WR,2003,NO,114.6
Troy Brown,WR,2003,NE,113.9
Robert Ferguson,WR,2003,GB,113.2
Dane Looker,WR,2003,LA,112.94
Marcus Robinson,WR,2003,BAL,112.1
Quincy Morgan,WR,2003,CLE,107.2
Drew Bennett,WR,2003,TEN,106.96
Kelly Campbell,WR,2003,MIN,106.3
Antonio Bryant,WR,2003,DAL,106
Todd Pinkston,WR,2003,PHI,104.4
Darnerien McCants,WR,2003,WAS,103
Freddie Mitchell,WR,2003,PHI,101.8
Troy Edwards,WR,2003,JAX,100.8
Troy Walters,WR,2003,IND,100.2
Corey Bradford,WR,2003,HOU,94
Cedrick Wilson,WR,2003,SF,92.44
Ricky Proehl,WR,2003,CAR,89.9
Donte' Stallworth,WR,2003,NO,89.8
Charles Lee,WR,2003,TB,89.6
Bill Schroeder,WR,2003,DET,87.7
Jabar Gaffney,WR,2003,HOU,87.5
David Terrell,WR,2003,CHI,85.5
Nate Burleson,WR,2003,MIN,84.5
Bryant Johnson,WR,2003,ARI,82.8
James McKnight,WR,2003,MIA,77
Kelley Washington,WR,2003,CIN,76.4
Brian Finneran,WR,2003,ATL,74.8
Tyrone Calico,WR,2003,TEN,74.2
Jerry Porter,WR,2003,LV,69.1
Charles Rogers,WR,2003,DET,66
Scotty Anderson,WR,2003,DET,63.5
Eric Parker,WR,2003,LAC,62.5
Derrius Thompson,WR,2003,MIA,61.9
Wayne Chrebet,WR,2003,NYJ,61.9
Brandon Stokley,WR,2003,IND,61.1
Justin Gage,WR,2003,CHI,60.8
Tim Carter,WR,2003,NYG,56.9
Bethel Johnson,WR,2003,NE,53.7
Kassim Osgood,WR,2003,LAC,52.8
Bryan Gilmore,WR,2003,ARI,50.3
Brandon Lloyd,WR,2003,SF,49.2
Chris Doering,WR,2003,PIT,48
Matt Hatchette,WR,2003,JAX,47.3
Tim Dwight,WR,2003,LAC,42.1
Mike Furrey,WR,2003,LA,39.4
Michael L. Lewis,WR,2003,NO,38.8
Ed McCaffrey,WR,2003,DEN,38.5
Pat Johnson,WR,2003,WAS,38
Nate Poole,WR,2003,ARI,36.7
David Tyree,WR,2003,NYG,36.2
D'Wayne Bates,WR,2003,MIN,36.1
Joe Jurevicius,WR,2003,TB,35.8
Cortez Hankton,WR,2003,JAX,33.6
Reggie Swinton,WR,2003,DET,32.1
Frank Sanders,WR,2003,BAL,31
J.J. Stokes,WR,2003,NE,30.4
Antonio Freeman,WR,2003,GB,28.1
Jimmy Farris,WR,2003,ATL,28
Alvis Whitted,WR,2003,LV,27.3
Bobby Wade,WR,2003,CHI,27.1
Marc Boerigter,WR,2003,KC,26.8
Jonathan Carter,WR,2003,NYJ,25.3
Andre King,WR,2003,CLE,23.8
Dedric Ward,WR,2003,NE,23.6
David Patten,WR,2003,NE,23.4
Quentin McCord,WR,2003,ATL,21.3
Jermaine Lewis,WR,2003,JAX,20.6
Karl Williams,WR,2003,TB,20.6
Derick Armstrong,WR,2003,HOU,20.5
Reche Caldwell,WR,2003,LAC,19.9
Aaron Moorehead,WR,2003,IND,17.1
Shaun McDonald,WR,2003,LA,16.9
Dondre Gilliam,WR,2003,LAC,15.5
Greg Lewis,WR,2003,PHI,15.5
Alex Bannister,WR,2003,SEA,15.1
Clarence Coleman,WR,2003,BUF,14.9
Taylor Jacobs,WR,2003,WAS,12.7
Kevin Lockett,WR,2003,NYJ,12.6
Eddie Berlin,WR,2003,TEN,12
Kevin Swayne,WR,2003,NYJ,10.9
Shawn Jefferson,WR,2003,DET,10.9
Willie Ponder,WR,2003,NYG,10.5
Jimmy Redmond,WR,2003,JAX,9.7
Reggie Barlow,WR,2003,TB,9.7
Jason McAddley,WR,2003,ARI,9.3
Oronde Gadsden,WR,2003,MIA,8.8
Doug Gabriel,WR,2003,LV,8.7
David Kircus,WR,2003,DET,8.3
Ronald Curry,WR,2003,LV,8.1
Ahmad Merritt,WR,2003,CHI,8
Edell Shepherd,WR,2003,TB,7.8
Zuriel Smith,WR,2003,DAL,7.6
Kendall Newson,WR,2003,MIA,7.5
Chris Cole,WR,2003,DEN,7.4
Sam Aiken,WR,2003,BUF,6.5
Eddie Drummond,WR,2003,DET,6.1
Talman Gardner,WR,2003,NO,5.9
Kevin Curtis,WR,2003,LA,5.3
Frisman Jackson,WR,2003,CLE,4.9
Kevin Walter,WR,2003,CIN,4.8
Karl Hankton,WR,2003,CAR,4.7
Adrian Madise,WR,2003,DEN,4
Lee Mays,WR,2003,PIT,3.7
Keenan Howry,WR,2003,MIN,3.5
Kevin Dyson,WR,2003,CAR,3.5
Cliff Russell,WR,2003,WAS,3
Kevin Kasper,WR,2003,ARI,2.9
Ron Johnson,WR,2003,BAL,2.2
Terrence Edwards,WR,2003,ATL,2
Antonio Brown,WR,2003,BUF,1.7
Derrick Lewis,WR,2003,NO,1.7
Larry Foster,WR,2003,ARI,1.7
Arnaz Battle,WR,2003,SF,1.4
Billy McMullen,WR,2003,PHI,1.2
Brad Pyatt,WR,2003,IND,1.2
Jerald Sowell,FB,2004,NYJ,86
Richie Anderson,FB,2004,DAL,80.34
Mike Alstott,FB,2004,TB,80.2
William Henderson,FB,2004,GB,75.9
Brad Hoover,FB,2004,CAR,73.7
Verron Haynes,FB,2004,PIT,71.4
Mack Strong,FB,2004,SEA,42
Tony Richardson,FB,2004,KC,36.4
Bryan Johnson,FB,2004,CHI,31.5
Daimon Shelton,FB,2004,BUF,28.4
Jim Finn,FB,2004,NYG,26.9
Jeremi Johnson,FB,2004,CIN,25.8
Dan Kreider,FB,2004,PIT,25.3
Robert Holcombe,FB,2004,TEN,23.2
Darian Barnes,FB,2004,DAL,22.9
Lorenzo Neal,FB,2004,LAC,22.9
Rob Konrad,FB,2004,MIA,22.7
Josh Parry,FB,2004,PHI,16.5
Terrelle Smith,FB,2004,CLE,11.8
Marc Edwards,FB,2004,JAX,11.1
Mike Karney,FB,2004,NO,10.9
Jon Ritchie,FB,2004,PHI,7.6
B.J. Askew,FB,2004,NYJ,5.5
Heath Evans,FB,2004,SEA,5.2
Chris Hetherington,FB,2004,LV,4.2
Lousaka Polite,FB,2004,DAL,1.4
Adam Vinatieri,K,2004,NE,4.16
Jay Feely,K,2004,ATL,0.8
Jeff Wilkins,K,2004,LA,-0.5
Paul Edinger,K,2004,CHI,-2
Daunte Culpepper,QB,2004,MIN,373.28
Peyton Manning,QB,2004,IND,360.08
Donovan McNabb,QB,2004,PHI,291.1
Trent Green,QB,2004,KC,260.06
Jake Plummer,QB,2004,DEN,257.06
Brett Favre,QB,2004,GB,255.04
Jake Delhomme,QB,2004,CAR,248.54
Aaron Brooks,QB,2004,NO,247.4
Drew Brees,QB,2004,LAC,243.66
Marc Bulger,QB,2004,LA,235.46
Tom Brady,QB,2004,NE,224.4
Mike Vick,QB,2004,ATL,218.72
Matt Hasselbeck,QB,2004,SEA,211
David Carr,QB,2004,HOU,203.86
Byron Leftwich,QB,2004,JAX,190.74
Joey Harrington,QB,2004,DET,187.38
Kerry Collins,QB,2004,LV,181.3
Vinny Testaverde,QB,2004,DAL,172.92
Chad Pennington,QB,2004,NYJ,167.52
Ben Roethlisberger,QB,2004,PIT,167.24
Drew Bledsoe,QB,2004,BUF,160.48
Brian Griese,QB,2004,TB,159.58
Billy Volek,QB,2004,TEN,159.3
Carson Palmer,QB,2004,CIN,158.58
Kyle Boller,QB,2004,BAL,145.26
Josh McCown,QB,2004,ARI,140.14
Jeff Garcia,QB,2004,CLE,108.14
Tim Rattay,QB,2004,SF,106.26
Kurt Warner,QB,2004,NYG,99.16
A.J. Feeley,QB,2004,MIA,91.02
Patrick Ramsey,QB,2004,WAS,84.5
Steve McNair,QB,2004,TEN,82.52
Mark Brunell,QB,2004,WAS,65.96
Jay Fiedler,QB,2004,MIA,57.34
Ken Dorsey,QB,2004,SF,49.94
Eli Manning,QB,2004,NYG,49.22
Kelly Holcomb,QB,2004,CLE,47.28
Chad Hutchinson,QB,2004,CHI,39.52
Jon Kitna,QB,2004,CIN,39.12
Brad Johnson,QB,2004,TB,35.26
David Garrard,QB,2004,JAX,34.56
Quincy Carter,QB,2004,NYJ,31.92
Rich Gannon,QB,2004,LV,31.56
Doug Flutie,QB,2004,LAC,30.94
Luke McCown,QB,2004,CLE,30.82
Craig Nall,QB,2004,GB,29.26
Rex Grossman,QB,2004,CHI,29.08
Craig Krenzel,QB,2004,CHI,22.82
Jonathan Quinn,QB,2004,CHI,18.02
Shaun King,QB,2004,ARI,17.08
Jim Sorgi,QB,2004,IND,14.5
Chris Simms,QB,2004,TB,14.08
Trent Dilfer,QB,2004,SEA,12.72
Matt Schaub,QB,2004,ATL,11.76
Tommy Maddox,QB,2004,PIT,10.66
Chris Chandler,QB,2004,LA,8.6
Sage Rosenfels,QB,2004,MIA,8.56
Jamie Martin,QB,2004,LA,7.52
Jeff Blake,QB,2004,PHI,5.64
Shane Matthews,QB,2004,BUF,5.46
Philip Rivers,QB,2004,LAC,4.82
Drew Henson,QB,2004,DAL,3.82
Mike McMahon,QB,2004,DET,2.88
John Navarre,QB,2004,ARI,2.72
Brooks Bollinger,QB,2004,NYJ,2.6
Doug Johnson,QB,2004,TEN,2.52
Doug Pederson,QB,2004,GB,2.3
Todd Collins,QB,2004,KC,2.08
Rohan Davey,QB,2004,NE,2.06
Koy Detmer,QB,2004,PHI,1.58
Tony Banks,QB,2004,HOU,0.64
Rodney Peete,QB,2004,CAR,0.02
Gus Frerotte,QB,2004,MIN,0
Kordell Stewart,QB,2004,BAL,-0.1
J.T. O'Sullivan,QB,2004,GB,-0.2
Brian St. Pierre,QB,2004,PIT,-0.3
J.P. Losman,QB,2004,BUF,-1.22
Cody Pickett,QB,2004,SF,-1.3
Tiki Barber,RB,2004,NYG,347.6
LaDainian Tomlinson,RB,2004,LAC,334.12
Shaun Alexander,RB,2004,SEA,322.8
Domanick Williams,RB,2004,HOU,322.6
Curtis Martin,RB,2004,NYJ,319.2
Edgerrin James,RB,2004,IND,306.1
Brian Westbrook,RB,2004,PHI,276.1
Corey Dillon,RB,2004,NE,260.8
Clinton Portis,RB,2004,WAS,233.6
Thomas Jones,RB,2004,CHI,233.5
Rudi Johnson,RB,2004,CIN,233.1
Ahman Green,RB,2004,GB,228.6
Willis McGahee,RB,2004,BUF,225.7
Reuben Droughns,RB,2004,DEN,222.1
Michael Pittman,RB,2004,TB,220.7
Warrick Dunn,RB,2004,ATL,218.9
Priest Holmes,RB,2004,KC,212.9
Deuce McAllister,RB,2004,NO,210.2
Fred Taylor,RB,2004,JAX,206.9
Nick Goings,RB,2004,CAR,206.5
Kevin Jones,RB,2004,DET,193.3
Jerome Bettis,RB,2004,PIT,187.1
Marshall Faulk,RB,2004,LA,184.4
Kevan Barlow,RB,2004,SF,176.4
Emmitt Smith,RB,2004,ARI,176.04
Larry Johnson,RB,2004,KC,173.9
Chris Brown,RB,2004,TEN,169.4
Jamal Lewis,RB,2004,BAL,164.2
Derrick Blaylock,RB,2004,KC,157.3
Onterrio Smith,RB,2004,MIN,153.8
Julius Jones,RB,2004,DAL,145.8
Chester Taylor,RB,2004,BAL,129.8
Steven Jackson,RB,2004,LA,129.2
Amos Zereoue,RB,2004,LV,125.9
Antwaan Randle El,RB,2004,PIT,124.9
Lee Suggs,RB,2004,CLE,124.2
Sammy Morris,RB,2004,MIA,122.7
Antowain Smith,RB,2004,TEN,111.8
Tony Fisher,RB,2004,GB,104.42
Shawn Bryson,RB,2004,DET,100.6
T.J. Duckett,RB,2004,ATL,99.4
Duce Staley,RB,2004,PIT,96.5
Kevin Faulk,RB,2004,NE,92.3
William Green,RB,2004,CLE,88.9
Mewelde Moore,RB,2004,MIN,88.7
Aaron Stecker,RB,2004,NO,86.8
Moe Williams,RB,2004,MIN,84.4
LaMont Jordan,RB,2004,NYJ,84.1
Dorsey Levens,RB,2004,PHI,83.2
Eddie George,RB,2004,DAL,82.5
Michael Bennett,RB,2004,MIN,81.3
Anthony Thomas,RB,2004,CHI,80.6
Tyrone Wheatley,RB,2004,LV,79.5
Jonathan Wells,RB,2004,HOU,78.8
Travis Minor,RB,2004,MIA,78
Maurice Hicks,RB,2004,SF,73.6
Obafemi Ayanbadejo,RB,2004,ARI,72.3
Tatum Bell,RB,2004,DEN,70.6
Ladell Betts,RB,2004,WAS,68.9
J.R. Redmond,RB,2004,LV,65.2
LaBrandon Toefield,RB,2004,JAX,64
Patrick Pass,RB,2004,NE,63.6
Kenny Watson,RB,2004,CIN,61.9
Jesse Chatman,RB,2004,LAC,60.9
Quentin Griffin,RB,2004,DEN,59.9
Zack Crockett,RB,2004,LV,59.9
Najeh Davenport,RB,2004,GB,55.2
DeShaun Foster,RB,2004,CAR,54.1
Justin Griffith,RB,2004,ATL,53.9
Troy Fleming,RB,2004,TEN,51.4
Artose Pinner,RB,2004,DET,47.6
Travis Henry,RB,2004,BUF,47.1
Josh Scobey,RB,2004,ARI,46
Troy Hambrick,RB,2004,ARI,45.9
Terry Jackson,RB,2004,SF,42.7
Dominic Rhodes,RB,2004,IND,39.8
Greg Jones,RB,2004,JAX,38.5
Cory Schlesinger,RB,2004,DET,37.8
Reno Mahe,RB,2004,PHI,35.4
Justin Fargas,RB,2004,LV,34.4
Kyle Johnson,RB,2004,DEN,33.6
Shaud Williams,RB,2004,BUF,33.6
Jason McKie,RB,2004,CHI,32.1
James Mungro,RB,2004,IND,30.5
Mike Cloud,RB,2004,NYG,28.3
Maurice Morris,RB,2004,SEA,26.9
Lamar Gordon,RB,2004,MIA,26.8
Charlie Garner,RB,2004,TB,26.3
Ron Dayne,RB,2004,NYG,25.6
Joey Goodspeed,RB,2004,LA,24.7
Willie Parker,RB,2004,PIT,23.2
B.J. Sams,RB,2004,BAL,21.1
ReShard Lee,RB,2004,DAL,20.2
Chris Fuamatu-Ma'afala,RB,2004,JAX,18.8
Alan Ricard,RB,2004,BAL,18.5
Garrison Hearst,RB,2004,DEN,18.1
Jameel Cook,RB,2004,TB,17.4
Jamal Robertson,RB,2004,SF,16.5
Jamel White,RB,2004,BAL,16.3
James Jackson,RB,2004,CLE,16.3
Fred Beasley,RB,2004,SF,15.9
Leonard Henry,RB,2004,MIA,15.6
Arlen Harris,RB,2004,LA,14.4
Stephen Davis,RB,2004,CAR,14.4
Tony Hollings,RB,2004,HOU,14.3
Michael Turner,RB,2004,LAC,13.2
Larry Croom,RB,2004,ARI,11.2
Stanley Pritchett,RB,2004,ATL,10.3
Musa Smith,RB,2004,BAL,9.9
Rabih Abdullah,RB,2004,NE,9.2
Joe Burns,RB,2004,BUF,9
Steve Bush,RB,2004,SF,9
Eric McCoo,RB,2004,PHI,8.9
Andrew Pinnock,RB,2004,LAC,8.2
Brandon Bennett,RB,2004,CAR,7.7
Stephen Trejo,RB,2004,DET,7.7
Thomas Tapeh,RB,2004,PHI,7.7
Earnest Graham,RB,2004,TB,7.3
Adrian Peterson,RB,2004,CHI,6.9
Chris Perry,RB,2004,CIN,6.4
Nicolas Luchey,RB,2004,GB,6.4
Adimchinobe Echemandu,RB,2004,CLE,6
Derrick Ward,RB,2004,NYG,6
Ian Smart,RB,2004,TB,5.6
Jamar Martin,RB,2004,MIA,5.5
Fred McAfee,RB,2004,NO,5.4
Brock Forsey,RB,2004,MIA,5.3
Joey Harris,RB,2004,CAR,5.3
Moran Norris,RB,2004,HOU,5.3
Fred McCrary,RB,2004,ATL,4.3
Walter Williams,RB,2004,GB,4.2
Cecil Sapp,RB,2004,DEN,3.2
Cedric Cobbs,RB,2004,NE,3
Dan Klecko,RB,2004,NE,2.8
David Allen,RB,2004,JAX,2.8
George Layne,RB,2004,ATL,2.8
Vick King,RB,2004,MIA,2.7
Greg Comella,RB,2004,TB,2.2
Larry Ned,RB,2004,MIN,1.9
Rod Smart,RB,2004,CAR,1.9
Ki-Jana Carter,RB,2004,NO,1.7
Kerry Carter,RB,2004,SEA,1.5
Doug Easlick,RB,2004,MIA,1.4
Jarrod Baxter,RB,2004,HOU,1.4
Jasen Isom,RB,2004,SF,1.1
Jason Wright,RB,2004,ATL,1
Damien Anderson,RB,2004,ARI,0.2
Dante Brown,RB,2004,PIT,0.2
Omar Easy,RB,2004,KC,0.1
Rock Cartwright,RB,2004,WAS,0
Tony Gonzalez,TE,2004,KC,270.3
Antonio Gates,TE,2004,LAC,255.4
Jason Witten,TE,2004,DAL,221
Randy McMichael,TE,2004,MIA,178.1
Eric Johnson,TE,2004,SF,174.5
Jermaine Wiggins,TE,2004,MIN,165.5
Jeremy Shockey,TE,2004,NYG,163.6
Alge Crumpler,TE,2004,ATL,159.4
Bubba Franks,TE,2004,GB,112.1
Daniel Graham,TE,2004,NE,108.4
Jeb Putzier,TE,2004,DEN,105.2
Chris Cooley,TE,2004,WAS,104.4
L.J. Smith,TE,2004,PHI,101.7
Freddie Jones,TE,2004,ARI,99.6
Marcus Pollard,TE,2004,IND,95.9
Dallas Clark,TE,2004,IND,95.3
Ken Dilger,TE,2004,TB,93.5
Steve Heiden,TE,2004,CLE,86.7
Jerramy Stevens,TE,2004,SEA,85.9
Stephen Alexander,TE,2004,DET,84.7
Kris Mangum,TE,2004,CAR,84.3
Todd Heap,TE,2004,BAL,75.3
Aaron Shea,TE,2004,CLE,75.2
Chad Lewis,TE,2004,PHI,73.7
Ben Troupe,TE,2004,TEN,71.9
Doug Jolley,TE,2004,LV,70.3
Mark Campbell,TE,2004,BUF,67.3
Matt Schobel,TE,2004,CIN,63.1
Erron Kinney,TE,2004,TEN,62.3
Chris Baker,TE,2004,NYJ,58.2
Desmond Clark,TE,2004,CHI,56.2
Itula Mili,TE,2004,SEA,53
Daniel Wilcox,TE,2004,BAL,52.9
Shad Meier,TE,2004,TEN,47.7
Christian Fauria,TE,2004,NE,47.5
Jason Dunn,TE,2004,KC,47
Terry Jones,TE,2004,BAL,41.2
Billy Miller,TE,2004,HOU,40.8
Mike Seidman,TE,2004,CAR,39.3
Robert Royal,TE,2004,WAS,39
Brandon Manumaleuna,TE,2004,LA,38.4
Courtney Anderson,TE,2004,LV,36.5
Jerame Tuman,TE,2004,PIT,35.9
Patrick Hape,TE,2004,DEN,35.5
Teyo Johnson,TE,2004,LV,34.1
Tim Euhus,TE,2004,BUF,32.8
Kyle Brady,TE,2004,JAX,30.3
Todd Yoder,TE,2004,JAX,29.7
Anthony Becht,TE,2004,NYJ,29
Justin Peelle,TE,2004,LAC,28.4
Will Heller,TE,2004,TB,27.8
Jay Riemersma,TE,2004,PIT,27.2
Ernie Conwell,TE,2004,NO,26.2
Donald Lee,TE,2004,MIA,26
Darnell Dinkins,TE,2004,BAL,24.4
Dustin Lyman,TE,2004,CHI,24.3
Reggie Kelly,TE,2004,CIN,23.5
George Wrighster,TE,2004,JAX,22.9
Brian Jones,TE,2004,JAX,22.7
Aaron Walker,TE,2004,SF,21.5
Tony Stewart,TE,2004,CIN,20.8
Casey Fitzsimmons,TE,2004,DET,20.3
Ryan Krause,TE,2004,LAC,19.1
Ryan Hannam,TE,2004,SEA,19
Jed Weaver,TE,2004,NE,17.3
Sean Berton,TE,2004,MIN,16.8
Richard Owens,TE,2004,MIN,14.9
Marcellus Rivers,TE,2004,NYG,14.6
David Martin,TE,2004,GB,13.8
Visanthe Shiancoe,TE,2004,NYG,13.5
Cameron Cleeland,TE,2004,LA,12.5
Ryan Neufeld,TE,2004,BUF,12.1
Walter Rasby,TE,2004,WAS,10.2
Eric Edwards,TE,2004,ARI,10.1
Kellen Winslow,TE,2004,CLE,10
Mark Bruener,TE,2004,HOU,9.2
Ben Steele,TE,2004,GB,8.2
Rickey Dudley,TE,2004,TB,7.8
Dwayne Blakley,TE,2004,ATL,7.5
Lamont Hall,TE,2004,NO,7.4
Michael Gaines,TE,2004,CAR,7.4
Ben Hartsock,TE,2004,IND,7.3
Brian Kozlowski,TE,2004,WAS,5.9
Rod Trafford,TE,2004,BUF,5.5
Lorenzo Diamond,TE,2004,ARI,4.9
Dave Moore,TE,2004,TB,4.7
Jimmy Kleinsasser,TE,2004,MIN,4.4
Randal Williams,TE,2004,DAL,3.7
Benjamin Watson,TE,2004,NE,3.6
Dan Campbell,TE,2004,DAL,3.6
Matt Cushing,TE,2004,PIT,2.7
Nate Lawrie,TE,2004,TB,2.5
Mike Sellers,TE,2004,WAS,2.4
John Gilmore,TE,2004,CHI,2.1
Chad Mustard,TE,2004,CLE,1.9
Kevin Ware,TE,2004,SF,1.9
Billy Baber,TE,2004,TB,1.7
Keith Heinrich,TE,2004,CLE,1.1
Muhsin Muhammad,WR,2004,CAR,329
Joe Horn,WR,2004,NO,301.9
Javon Walker,WR,2004,GB,295
Torry Holt,WR,2004,LA,289.2
Marvin Harrison,WR,2004,IND,285.3
Chad Johnson,WR,2004,CIN,280.3
Terrell Owens,WR,2004,PHI,278.5
Drew Bennett,WR,2004,TEN,276.94
Reggie Wayne,WR,2004,IND,269.6
Donald Driver,WR,2004,GB,257.2
Derrick Mason,WR,2004,TEN,254.5
Darrell Jackson,WR,2004,SEA,249.7
Isaac Bruce,WR,2004,LA,246.2
Michael Clayton,WR,2004,TB,244.3
Rod Smith,WR,2004,DEN,238.7
Nate Burleson,WR,2004,MIN,235.5
Brandon Stokley,WR,2004,IND,233.7
Andre Johnson,WR,2004,HOU,228.4
Jimmy Smith,WR,2004,JAX,225.2
Eric Moulds,WR,2004,BUF,222.2
Eddie Kennison,WR,2004,KC,220.1
Jerry Porter,WR,2004,LV,213.4
Hines Ward,WR,2004,PIT,212.9
Chris Chambers,WR,2004,MIA,208.4
Ashley Lelie,WR,2004,DEN,204.9
Keyshawn Johnson,WR,2004,DAL,201.96
Randy Moss,WR,2004,MIN,201.18
T.J. Houshmandzadeh,WR,2004,CIN,199.9
Lee Evans,WR,2004,BUF,192.8
Laveranues Coles,WR,2004,WAS,188.7
Larry Fitzgerald,WR,2004,ARI,185.4
Roy Williams,WR,2004,DET,181.8
Donte' Stallworth,WR,2004,NO,168.4
David Patten,WR,2004,NE,166.5
Antonio Bryant,WR,2004,CLE,161.2
David Givens,WR,2004,NE,161.2
Marcus Robinson,WR,2004,MIN,160.7
Santana Moss,WR,2004,NYJ,160.6
Justin McCareins,WR,2004,NYJ,156.5
Johnnie Morton,WR,2004,KC,154.8
Ronald Curry,WR,2004,LV,153.6
Keary Colbert,WR,2004,CAR,152.4
Dennis Northcutt,WR,2004,CLE,149.5
Rod Gardner,WR,2004,WAS,146.7
Eric Parker,WR,2004,LAC,143.3
Brandon Lloyd,WR,2004,SF,137.5
Plaxico Burress,WR,2004,PIT,134.8
Cedrick Wilson,WR,2004,SF,129.7
Peerless Price,WR,2004,ATL,124.9
Amani Toomer,WR,2004,NYG,123.7
Anquan Boldin,WR,2004,ARI,122.6
Marty Booker,WR,2004,MIA,120.92
Jabar Gaffney,WR,2004,HOU,119.2
David Terrell,WR,2004,CHI,116.9
Joey Galloway,WR,2004,TB,112.5
Todd Pinkston,WR,2004,PHI,109.6
Bryant Johnson,WR,2004,ARI,108.1
Troy Edwards,WR,2004,JAX,105.5
Deion Branch,WR,2004,NE,104.4
Shaun McDonald,WR,2004,LA,104.4
Az-Zahir Hakim,WR,2004,DET,102.3
Doug Gabriel,WR,2004,LV,100.8
Curtis Conway,WR,2004,SF,98.3
Jerome Pathon,WR,2004,NO,96.1
Bobby Engram,WR,2004,SEA,95.9
Bobby Wade,WR,2004,CHI,95.7
Ike Hilliard,WR,2004,NYG,94.1
Koren Robinson,WR,2004,SEA,92.8
Jerry Rice,WR,2004,SEA,90.9
Quincy Morgan,WR,2004,DAL,89.7
Kevin Curtis,WR,2004,LA,88.5
Kelley Washington,WR,2004,CIN,86.7
Corey Bradford,WR,2004,HOU,84.9
Ricky Proehl,WR,2004,CAR,84.6
Derrius Thompson,WR,2004,MIA,82.9
Dez White,WR,2004,ATL,80.4
Clarence Moore,WR,2004,BAL,79.3
Boo Williams,WR,2004,NO,79.2
Darius Watts,WR,2004,DEN,78.8
Wayne Chrebet,WR,2004,NYJ,76.7
Keenan McCardell,WR,2004,LAC,76.6
Derick Armstrong,WR,2004,HOU,76.5
Kevin Johnson,WR,2004,BAL,76.3
Terry Glenn,WR,2004,DAL,75.7
Travis Taylor,WR,2004,BAL,74.1
Joe Jurevicius,WR,2004,TB,72.3
Freddie Mitchell,WR,2004,PHI,71.7
Reche Caldwell,WR,2004,LAC,71.5
Randy Hymes,WR,2004,BAL,70.3
Andre Davis,WR,2004,CLE,69.3
Robert Ferguson,WR,2004,GB,68.7
Dante Hall,WR,2004,KC,65.6
Tai Streets,WR,2004,DET,62
Reggie Williams,WR,2004,JAX,61.8
Ernest Wilford,WR,2004,JAX,60.1
Kelly Campbell,WR,2004,MIN,59.8
Brian Finneran,WR,2004,ATL,58.8
Kassim Osgood,WR,2004,LAC,57.8
Antonio Chatman,WR,2004,GB,56.2
Eddie Berlin,WR,2004,TEN,53.8
Bernard Berrian,WR,2004,CHI,52.3
Tim Brown,WR,2004,TB,48
Alvis Whitted,WR,2004,LV,45.7
Reggie Swinton,WR,2004,DET,45.6
Bryan Gilmore,WR,2004,MIA,41.6
Troy Brown,WR,2004,NE,41.4
Bethel Johnson,WR,2004,NE,40.2
Chris Horn,WR,2004,KC,40
Tim Carter,WR,2004,NYG,38.5
James Thrash,WR,2004,WAS,37.3
Greg Lewis,WR,2004,PHI,36.9
Karl Williams,WR,2004,ARI,36.3
Taylor Jacobs,WR,2004,WAS,35.2
Charles Lee,WR,2004,TB,33.7
Jonathan Carter,WR,2004,NYJ,33.3
Patrick Crayton,WR,2004,DAL,32.2
David Tyree,WR,2004,NYG,31.5
Josh Reed,WR,2004,BUF,31.2
Frisman Jackson,WR,2004,CLE,30.2
Dane Looker,WR,2004,LA,29.3
Cortez Hankton,WR,2004,JAX,29.1
Rashaun Woods,WR,2004,SF,29
Arnaz Battle,WR,2004,SF,28.8
Samie Parker,WR,2004,KC,28.7
Bill Schroeder,WR,2004,TB,28.6
Justin Gage,WR,2004,CHI,27.6
Michael L. Lewis,WR,2004,NO,26.7
Sam Aiken,WR,2004,BUF,25.8
Peter Warrick,WR,2004,CIN,25.1
Eddie Drummond,WR,2004,DET,24.9
Lee Mays,WR,2004,PIT,22.7
Tim Dwight,WR,2004,LAC,22.5
Jerheme Urban,WR,2004,SEA,21.7
Terrance Copper,WR,2004,DAL,21.3
Jamaar Taylor,WR,2004,NYG,19.8
Michael Jenkins,WR,2004,ATL,19.1
Jerricho Cotchery,WR,2004,NYJ,18
David Kircus,WR,2004,DET,15.8
Nate Jackson,WR,2004,DEN,15.3
Kevin Walter,WR,2004,CIN,14.7
Malcom Floyd,WR,2004,LAC,13.9
Jonathan Smith,WR,2004,BUF,12.2
Darnerien McCants,WR,2004,WAS,12.1
Nate Poole,WR,2004,ARI,12
Steve Smith,WR,2004,CAR,12
Triandos Luke,WR,2004,DEN,11.2
Bobby Shaw,WR,2004,LAC,11
John Stone,WR,2004,LV,11
Andre King,WR,2004,CLE,9.9
Scott Vines,WR,2004,DET,8.1
Willie Ponder,WR,2004,NYG,6.9
Richard Alston,WR,2004,CLE,6
Wes Welker,WR,2004,MIA,6
Jason McAddley,WR,2004,TEN,5.8
Billy McMullen,WR,2004,PHI,5.4
Cliff Russell,WR,2004,CIN,4.6
Karl Hankton,WR,2004,CAR,4.5
Talman Gardner,WR,2004,NO,3.3
Tyrone Calico,WR,2004,TEN,3.3
Andrae Thurman,WR,2004,GB,3.2
Brad Pyatt,WR,2004,IND,3.2
Alex Bannister,WR,2004,SEA,3
Johnnie Morant,WR,2004,LV,3
Dedric Ward,WR,2004,DAL,2.6
Devard Darling,WR,2004,BAL,2.5
Mike Furrey,WR,2004,LA,1.8
Ronald Bellamy,WR,2004,MIA,1.8
Sean Morey,WR,2004,PIT,1.8
Aaron Moorehead,WR,2004,IND,1.7
Reggie Newhouse,WR,2004,ARI,1.5
Troy Walters,WR,2004,IND,1.5
Jermaine Lewis,WR,2004,JAX,1.4
Keenan Howry,WR,2004,MIN,1.3
Mike Alstott,FB,2005,TB,99.2
Verron Haynes,FB,2005,PIT,65.7
Jerald Sowell,FB,2005,NYJ,61.6
Lorenzo Neal,FB,2005,LAC,54.1
William Henderson,FB,2005,GB,53.9
Mack Strong,FB,2005,SEA,46.4
Heath Evans,FB,2005,NE,45.7
Jeremi Johnson,FB,2005,CIN,37.9
Daimon Shelton,FB,2005,BUF,28.8
Marc Edwards,FB,2005,CHI,28.6
Brad Hoover,FB,2005,CAR,24.9
Terrelle Smith,FB,2005,CLE,24.7
Tony Richardson,FB,2005,KC,23.8
Lousaka Polite,FB,2005,DAL,23
Jim Finn,FB,2005,NYG,22.8
Josh Parry,FB,2005,PHI,21.9
Derrick Wimbush,FB,2005,JAX,20.8
Mike Karney,FB,2005,NO,17.3
Madison Hedgecock,FB,2005,LA,15.9
Dan Kreider,FB,2005,PIT,13.4
Leonard Weaver,FB,2005,SEA,10.2
B.J. Askew,FB,2005,NYJ,8
Chris Hetherington,FB,2005,SF,7.9
Bryan Johnson,FB,2005,CHI,7
Vonta Leach,FB,2005,GB,6.9
Ovie Mughelli,FB,2005,BAL,2.3
Kris Brown,K,2005,HOU,0.4
Jeff Wilkins,K,2005,LA,-0.4
Carson Palmer,QB,2005,CIN,265.84
Tom Brady,QB,2005,NE,249.3
Peyton Manning,QB,2005,IND,242.38
Matt Hasselbeck,QB,2005,SEA,230.6
Eli Manning,QB,2005,NYG,224.48
Mike Vick,QB,2005,ATL,219.08
Jake Plummer,QB,2005,DEN,218.24
Trent Green,QB,2005,KC,210.76
Drew Brees,QB,2005,LAC,209.94
Kerry Collins,QB,2005,LV,208.16
Drew Bledsoe,QB,2005,DAL,206.56
Jake Delhomme,QB,2005,CAR,197.94
Mark Brunell,QB,2005,WAS,195.1
Steve McNair,QB,2005,TEN,180.34
Brett Favre,QB,2005,GB,173.44
Aaron Brooks,QB,2005,NO,169.38
Ben Roethlisberger,QB,2005,PIT,168.3
Gus Frerotte,QB,2005,MIA,165.94
David Carr,QB,2005,HOU,160.32
Donovan McNabb,QB,2005,PHI,153.78
Byron Leftwich,QB,2005,JAX,147.62
Kurt Warner,QB,2005,ARI,130.32
Marc Bulger,QB,2005,LA,129.88
Brad Johnson,QB,2005,MIN,114.7
Joey Harrington,QB,2005,DET,105.44
Trent Dilfer,QB,2005,CLE,103.44
Chris Simms,QB,2005,TB,103.2
Kyle Boller,QB,2005,BAL,100.56
David Garrard,QB,2005,JAX,95.18
Josh McCown,QB,2005,ARI,95.18
Brooks Bollinger,QB,2005,NYJ,90.12
Kelly Holcomb,QB,2005,BUF,81.46
Kyle Orton,QB,2005,CHI,79.16
J.P. Losman,QB,2005,BUF,78.8
Daunte Culpepper,QB,2005,MIN,78.66
Mike McMahon,QB,2005,PHI,76.82
Anthony Wright,QB,2005,BAL,74.08
Brian Griese,QB,2005,TB,58.64
Jamie Martin,QB,2005,LA,57.68
Charlie Frye,QB,2005,CLE,49.38
Jeff Garcia,QB,2005,DET,48.58
Ryan Fitzpatrick,QB,2005,LA,47.48
Matt Schaub,QB,2005,ATL,47.4
Tim Rattay,QB,2005,SF,32.48
Sage Rosenfels,QB,2005,MIA,29.98
Billy Volek,QB,2005,TEN,27.26
Jim Sorgi,QB,2005,IND,25.86
Ken Dorsey,QB,2005,SF,24.34
Vinny Testaverde,QB,2005,NYJ,23.48
Chad Pennington,QB,2005,NYJ,21.9
Alex Smith,QB,2005,SF,21.3
Charlie Batch,QB,2005,PIT,20.84
Todd Bouman,QB,2005,NO,18.38
Tommy Maddox,QB,2005,PIT,14.84
Matt Cassel,QB,2005,NE,14.62
Patrick Ramsey,QB,2005,WAS,11.46
Bradlee Van Pelt,QB,2005,DEN,11.08
Rex Grossman,QB,2005,CHI,10.36
Quinn Gray,QB,2005,JAX,10.1
John Navarre,QB,2005,ARI,8.96
Seneca Wallace,QB,2005,SEA,8.42
Jay Fiedler,QB,2005,NYJ,8.28
Tony Banks,QB,2005,HOU,6.72
Jeff Blake,QB,2005,CHI,6.1
Chris Weinke,QB,2005,CAR,6.06
Cody Pickett,QB,2005,SF,5.8
Matt Mauck,QB,2005,TEN,5.34
Kordell Stewart,QB,2005,BAL,3
Marques Tuiasosopo,QB,2005,LV,2.86
Philip Rivers,QB,2005,LAC,2.5
Jon Kitna,QB,2005,CIN,1.36
Kliff Kingsbury,QB,2005,NYJ,0.68
Dan Orlovsky,QB,2005,DET,0.52
Shaun Hill,QB,2005,MIN,-0.2
Todd Collins,QB,2005,KC,-0.2
Tony Romo,QB,2005,DAL,-0.2
Tim Hasselbeck,QB,2005,NYG,-0.3
Koy Detmer,QB,2005,PHI,-0.38
Doug Flutie,QB,2005,NE,-0.94
Aaron Rodgers,QB,2005,GB,-2.7
Shaun Alexander,RB,2005,SEA,376.8
LaDainian Tomlinson,RB,2005,LAC,366.28
Larry Johnson,RB,2005,KC,360.3
Tiki Barber,RB,2005,NYG,359
Edgerrin James,RB,2005,IND,310.3
LaMont Jordan,RB,2005,LV,294.8
Clinton Portis,RB,2005,WAS,271.88
Rudi Johnson,RB,2005,CIN,249.8
Steven Jackson,RB,2005,LA,233.6
Brian Westbrook,RB,2005,PHI,228
Thomas Jones,RB,2005,CHI,223.8
Mike Anderson,RB,2005,DEN,214.6
Warrick Dunn,RB,2005,ATL,214.6
Reuben Droughns,RB,2005,CLE,209.1
Domanick Williams,RB,2005,HOU,204.3
Willis McGahee,RB,2005,BUF,198.5
Willie Parker,RB,2005,PIT,190
Corey Dillon,RB,2005,NE,189.4
Julius Jones,RB,2005,DAL,182.1
Chris Brown,RB,2005,TEN,178.8
Cadillac Williams,RB,2005,TB,177.9
DeShaun Foster,RB,2005,CAR,175.4
Ronnie Brown,RB,2005,MIA,167.9
Tatum Bell,RB,2005,DEN,166.5
Mewelde Moore,RB,2005,MIN,159.1
Jamal Lewis,RB,2005,BAL,155.7
Curtis Martin,RB,2005,NYJ,137.3
Stephen Davis,RB,2005,CAR,136.1
Ricky Williams,RB,2005,MIA,134.6
Kevan Barlow,RB,2005,SF,129.2
Priest Holmes,RB,2005,KC,127.8
Kevin Jones,RB,2005,DET,127.3
Chris Perry,RB,2005,CIN,121.7
Michael Pittman,RB,2005,TB,121.6
Chester Taylor,RB,2005,BAL,120.9
Antwaan Randle El,RB,2005,PIT,120.78
Fred Taylor,RB,2005,JAX,118
Samkon Gado,RB,2005,GB,115.9
Marion Barber,RB,2005,DAL,113.3
Tony Fisher,RB,2005,GB,112.56
Michael Bennett,RB,2005,MIN,108.7
Marshall Faulk,RB,2005,LA,108.3
Frank Gore,RB,2005,SF,102.9
Shawn Bryson,RB,2005,DET,100
Marcel Shipp,RB,2005,ARI,99.6
Jerome Bettis,RB,2005,PIT,98.8
Greg Jones,RB,2005,JAX,98
Antowain Smith,RB,2005,NO,96.5
Jonathan Wells,RB,2005,HOU,96.4
Aaron Stecker,RB,2005,NO,95.4
T.J. Duckett,RB,2005,ATL,94.3
Artose Pinner,RB,2005,DET,92
J.J. Arrington,RB,2005,ARI,85.9
Patrick Pass,RB,2005,NE,85.2
Deuce McAllister,RB,2005,NO,80.2
Alvin Pearman,RB,2005,JAX,72.9
Kyle Johnson,RB,2005,DEN,69.9
Ladell Betts,RB,2005,WAS,65.6
Maurice Hicks,RB,2005,SF,65.5
Kevin Faulk,RB,2005,NE,65.4
Obafemi Ayanbadejo,RB,2005,ARI,63.7
Adrian Peterson,RB,2005,CHI,62.9
Ahman Green,RB,2005,GB,59.2
Dominic Rhodes,RB,2005,IND,57.6
Travis Henry,RB,2005,TEN,56.2
Cedric Houston,RB,2005,NYJ,54.8
Justin Griffith,RB,2005,ATL,54.6
Michael Turner,RB,2005,LAC,51.5
Zack Crockett,RB,2005,LV,50.9
Brandon Jacobs,RB,2005,NYG,49.9
Vernand Morency,RB,2005,HOU,49.1
Ryan Moats,RB,2005,PHI,48.5
Shaud Williams,RB,2005,BUF,44.9
Maurice Morris,RB,2005,SEA,44.6
LaBrandon Toefield,RB,2005,JAX,42.9
Nick Goings,RB,2005,CAR,42.4
Lamar Gordon,RB,2005,PHI,39.1
Ron Dayne,RB,2005,DEN,35.7
Rock Cartwright,RB,2005,WAS,34.2
Jarrett Payton,RB,2005,TEN,31.5
Ciatrick Fason,RB,2005,MIN,30.2
Duce Staley,RB,2005,PIT,30.2
Reno Mahe,RB,2005,PHI,27.5
Cedric Benson,RB,2005,CHI,26.5
Sammy Morris,RB,2005,MIA,25.2
Najeh Davenport,RB,2005,GB,24.8
Noah Herron,RB,2005,GB,24.3
Troy Fleming,RB,2005,TEN,22.9
Tyson Thompson,RB,2005,DAL,22.8
Terry Jackson,RB,2005,SF,19.8
Arlen Harris,RB,2005,LA,17.5
Jameel Cook,RB,2005,TB,17.3
Cory Schlesinger,RB,2005,DET,17.2
William Green,RB,2005,CLE,15.8
Derrick Ward,RB,2005,NYG,15.6
Moe Williams,RB,2005,MIN,15.2
Aveion Cason,RB,2005,LA,14.6
Anthony Thomas,RB,2005,NO,14.5
Dee Brown,RB,2005,KC,13.4
Jason Wright,RB,2005,CLE,13.2
Justin Green,RB,2005,BAL,12.6
Paul Smith,RB,2005,DET,10.5
Jamal Robertson,RB,2005,CAR,10.1
Lee Suggs,RB,2005,CLE,10.1
Derrick Blaylock,RB,2005,NYJ,10
Ran Carthon,RB,2005,IND,9.8
Darren Sproles,RB,2005,LAC,9
Joe Burns,RB,2005,BUF,8.9
Jason McKie,RB,2005,CHI,7.7
Damien Nash,RB,2005,TEN,7.6
Bruce Perry,RB,2005,PHI,7.4
Moran Norris,RB,2005,HOU,7.4
James Mungro,RB,2005,IND,7.3
Earnest Graham,RB,2005,TB,6.3
James Jackson,RB,2005,ARI,6.2
Chad Morton,RB,2005,NYG,6
Mike Cloud,RB,2005,NYG,5.9
Cecil Sapp,RB,2005,DEN,5.8
Steve Bush,RB,2005,SF,5.1
Justin Fargas,RB,2005,LV,4.7
Fred McCrary,RB,2005,ATL,4.2
Alan Ricard,RB,2005,BAL,3.8
Musa Smith,RB,2005,BAL,3.5
Fred Beasley,RB,2005,SF,3.2
Amos Zereoue,RB,2005,NE,2.9
Walter Williams,RB,2005,GB,2.9
Travis Minor,RB,2005,MIA,2.7
Ronnie Cruz,RB,2005,KC,2.5
Jamel White,RB,2005,BAL,1.7
Jarrod Baxter,RB,2005,ARI,1.4
ReShard Lee,RB,2005,GB,1.1
Damien Anderson,RB,2005,ARI,0.7
Rod Smart,RB,2005,CAR,0.6
Andrew Pinnock,RB,2005,LAC,0.4
Nehemiah Broughton,RB,2005,WAS,0.3
Nicolas Luchey,RB,2005,CIN,0
Antonio Gates,TE,2005,LAC,259.1
Todd Heap,TE,2005,BAL,200.5
Jeremy Shockey,TE,2005,NYG,198.1
Chris Cooley,TE,2005,WAS,188.4
Alge Crumpler,TE,2005,ATL,182.7
Tony Gonzalez,TE,2005,KC,180.5
Jason Witten,TE,2005,DAL,177.7
Randy McMichael,TE,2005,MIA,146.2
L.J. Smith,TE,2005,PHI,145.2
Ben Troupe,TE,2005,TEN,132
Jermaine Wiggins,TE,2005,MIN,130.8
Jerramy Stevens,TE,2005,SEA,130.4
Erron Kinney,TE,2005,TEN,121.3
Heath Miller,TE,2005,PIT,120.9
Marcus Pollard,TE,2005,DET,114.6
Dallas Clark,TE,2005,IND,109.8
Steve Heiden,TE,2005,CLE,101.1
Benjamin Watson,TE,2005,NE,95.1
Alex Smith,TE,2005,TB,89.7
Jeb Putzier,TE,2005,DEN,87.1
Zach Hilton,TE,2005,NO,80.6
Bo Scaife,TE,2005,TEN,76.3
Donald Lee,TE,2005,GB,74.4
Courtney Anderson,TE,2005,LV,72.3
David Martin,TE,2005,GB,69.4
Mike Sellers,TE,2005,WAS,67.3
Doug Jolley,TE,2005,NYJ,65.4
Adam Bergen,TE,2005,ARI,61
Desmond Clark,TE,2005,CHI,58.9
Daniel Graham,TE,2005,NE,57.5
Bryan Fletcher,TE,2005,IND,56.2
Kris Mangum,TE,2005,CAR,55.2
Bubba Franks,TE,2005,GB,53.8
Chris Baker,TE,2005,NYJ,50.9
Stephen Alexander,TE,2005,DEN,44
Matt Schobel,TE,2005,CIN,43.3
Daniel Wilcox,TE,2005,BAL,41.4
Marcellus Rivers,TE,2005,HOU,40.8
Michael Gaines,TE,2005,CAR,39.5
Aaron Shea,TE,2005,CLE,39.3
Jimmy Kleinsasser,TE,2005,MIN,39.1
Robert Royal,TE,2005,WAS,37.1
George Wrighster,TE,2005,JAX,37
Kyle Brady,TE,2005,JAX,35.7
Ernie Conwell,TE,2005,NO,33.5
Mark Campbell,TE,2005,BUF,32.9
Eric Edwards,TE,2005,ARI,31.3
Reggie Kelly,TE,2005,CIN,30
Randal Williams,TE,2005,LV,29.4
Brandon Manumaleuna,TE,2005,LA,28.1
Ryan Hannam,TE,2005,SEA,27.9
Anthony Becht,TE,2005,TB,27.2
Christian Fauria,TE,2005,NE,25.7
Ben Utecht,TE,2005,IND,20.9
Justin Peelle,TE,2005,LAC,20.8
Casey Fitzsimmons,TE,2005,DET,20.5
Visanthe Shiancoe,TE,2005,NYG,17.1
Terry Jones,TE,2005,SF,16.6
Lorenzo Diamond,TE,2005,MIA,13.4
Dwayne Blakley,TE,2005,ATL,13
Cameron Cleeland,TE,2005,LA,12.7
Darnell Dinkins,TE,2005,BAL,11.5
Chad Lewis,TE,2005,PHI,11.4
Dan Campbell,TE,2005,DAL,11.4
Stephen Spach,TE,2005,PHI,11.2
Billy Bajema,TE,2005,SF,10.4
Jason Dunn,TE,2005,KC,10.3
Wesley Duke,TE,2005,DEN,10.2
J.P. Foschi,TE,2005,LV,9.7
Lamont Hall,TE,2005,NO,9.6
Joel Dreessen,TE,2005,NYJ,9.1
Jerame Tuman,TE,2005,PIT,8.7
Brian Jones,TE,2005,JAX,7.9
John Gilmore,TE,2005,CHI,7.1
Will Heller,TE,2005,MIA,7.1
Kris Wilson,TE,2005,KC,6.9
Tony Stewart,TE,2005,CIN,6.6
Teyo Johnson,TE,2005,ARI,5.9
Roland Williams,TE,2005,LA,5.1
Gabe Reid,TE,2005,CHI,5
Tim Euhus,TE,2005,BUF,4.7
Brian Kozlowski,TE,2005,WAS,4.6
Matt Murphy,TE,2005,HOU,4.6
Mark Bruener,TE,2005,HOU,4.2
Richard Owens,TE,2005,MIN,3.8
Trent Smith,TE,2005,SF,3.7
Paul Irons,TE,2005,CLE,3.6
Brett Pierce,TE,2005,DAL,3.5
Gregg Guenther,TE,2005,TEN,3.3
Ben Hartsock,TE,2005,IND,2.8
Robert Johnson,TE,2005,WAS,2.4
Richard Angulo,TE,2005,MIN,2.1
Ryan Neufeld,TE,2005,BUF,1.9
Matt Kranchick,TE,2005,PIT,1.6
Dave Moore,TE,2005,TB,1.5
Sean Berton,TE,2005,NYG,1.3
Alex Holmes,TE,2005,MIA,1.2
Steve Smith,WR,2005,CAR,339.8
Larry Fitzgerald,WR,2005,ARI,308
Chad Johnson,WR,2005,CIN,297.5
Anquan Boldin,WR,2005,ARI,288.3
Torry Holt,WR,2005,LA,287.3
Santana Moss,WR,2005,WAS,284
Joey Galloway,WR,2005,TB,272.1
Marvin Harrison,WR,2005,IND,268.6
Chris Chambers,WR,2005,MIA,265
Donald Driver,WR,2005,GB,239.4
Plaxico Burress,WR,2005,NYG,237.4
Hines Ward,WR,2005,PIT,231.5
Rod Smith,WR,2005,DEN,228.2
T.J. Houshmandzadeh,WR,2005,CIN,225.8
Terry Glenn,WR,2005,DAL,223.2
Reggie Wayne,WR,2005,IND,218.5
Keenan McCardell,WR,2005,LAC,215.9
Eddie Kennison,WR,2005,KC,210.5
Derrick Mason,WR,2005,BAL,209.3
Randy Moss,WR,2005,LV,208.5
Jimmy Smith,WR,2005,JAX,208.3
Deion Branch,WR,2005,NE,207.8
Donte' Stallworth,WR,2005,NO,204.7
Jerry Porter,WR,2005,LV,199.4
Antonio Bryant,WR,2005,CLE,192.2
Laveranues Coles,WR,2005,NYJ,187.5
Keyshawn Johnson,WR,2005,DAL,187.2
Eric Moulds,WR,2005,BUF,186.6
Joe Jurevicius,WR,2005,SEA,184.4
Kevin Curtis,WR,2005,LA,183.7
Amani Toomer,WR,2005,NYG,170.4
Lee Evans,WR,2005,BUF,169.1
Muhsin Muhammad,WR,2005,CHI,163
Roy Williams,WR,2005,DET,161.7
Terrell Owens,WR,2005,PHI,159.5
Bobby Engram,WR,2005,SEA,158.4
Drew Bennett,WR,2005,TEN,156.1
Eric Parker,WR,2005,LAC,153
Ernest Wilford,WR,2005,JAX,151.1
Brandon Lloyd,WR,2005,SF,149.3
David Givens,WR,2005,NE,146.1
Andre Johnson,WR,2005,HOU,142.8
Antonio Chatman,WR,2005,GB,137.3
Travis Taylor,WR,2005,MIN,134.7
Ashley Lelie,WR,2005,DEN,133.4
Brian Finneran,WR,2005,ATL,129.1
Justin McCareins,WR,2005,NYJ,127.1
Marty Booker,WR,2005,MIA,125.6
Reggie Brown,WR,2005,PHI,124.6
Joe Horn,WR,2005,NO,118.4
Jabar Gaffney,WR,2005,HOU,117.5
Matt Jones,WR,2005,JAX,114.78
Marcus Robinson,WR,2005,MIN,114.5
Mark Clayton,WR,2005,BAL,112.4
Greg Lewis,WR,2005,PHI,111.4
Doug Gabriel,WR,2005,LV,110.9
Corey Bradford,WR,2005,HOU,109.4
Dennis Northcutt,WR,2005,CLE,107.4
Chris Henry,WR,2005,CIN,107.2
Isaac Bruce,WR,2005,LA,106.5
Darrell Jackson,WR,2005,SEA,104.9
Michael Jenkins,WR,2005,ATL,104.8
Samie Parker,WR,2005,KC,103.3
Dante Hall,WR,2005,KC,102.7
Brandon Stokley,WR,2005,IND,101.3
Braylon Edwards,WR,2005,CLE,101.2
Shaun McDonald,WR,2005,LA,99
Troy Brown,WR,2005,NE,97.6
Az-Zahir Hakim,WR,2005,NO,94.9
Ricky Proehl,WR,2005,CAR,92.3
Roddy White,WR,2005,ATL,90.6
Bryant Johnson,WR,2005,ARI,89.2
Josh Reed,WR,2005,BUF,88.6
Arnaz Battle,WR,2005,SF,86.48
Robert Ferguson,WR,2005,GB,83.6
Scott Vines,WR,2005,DET,82.4
D.J. Hackett,WR,2005,SEA,80
Reggie Williams,WR,2005,JAX,77.8
Justin Gage,WR,2005,CHI,77.6
Koren Robinson,WR,2005,MIN,77.4
Troy Williamson,WR,2005,MIN,76
Devery Henderson,WR,2005,NO,75.2
Wes Welker,WR,2005,MIA,72.9
Tim Dwight,WR,2005,NE,71.3
Cedrick Wilson,WR,2005,PIT,71.1
Michael Clayton,WR,2005,TB,69.4
Ike Hilliard,WR,2005,TB,69.2
Nate Burleson,WR,2005,MIN,68.2
Patrick Crayton,WR,2005,DAL,68.1
Reche Caldwell,WR,2005,LAC,66.2
Mike Williams,WR,2005,DET,66
Brandon Jones,WR,2005,TEN,65
Keary Colbert,WR,2005,CAR,63.8
Roydell Williams,WR,2005,TEN,62.9
Frisman Jackson,WR,2005,CLE,58.7
Courtney Roby,WR,2005,TEN,57.5
Johnnie Morton,WR,2005,SF,49.8
Billy McMullen,WR,2005,PHI,48.8
Troy Walters,WR,2005,IND,47.2
Kevin Walter,WR,2005,CIN,46.1
Jerricho Cotchery,WR,2005,NYJ,44.5
David Patten,WR,2005,WAS,43.7
Dane Looker,WR,2005,LA,43.6
LeRon McCoy,WR,2005,ARI,43.1
Charlie Adams,WR,2005,DEN,42.7
Bernard Berrian,WR,2005,CHI,40.7
Charles Rogers,WR,2005,DET,39.7
Tyrone Calico,WR,2005,TEN,39.1
Mark Bradley,WR,2005,CHI,39
Alvis Whitted,WR,2005,LV,37.4
Chris Horn,WR,2005,KC,36.7
Randy Hymes,WR,2005,BAL,36.2
Quincy Morgan,WR,2005,PIT,36
Roscoe Parrish,WR,2005,BUF,35.72
James Thrash,WR,2005,WAS,34.2
Rod Gardner,WR,2005,GB,34.1
Andre Davis,WR,2005,NE,34
Tim Carter,WR,2005,NYG,33
Kevin Johnson,WR,2005,DET,30.3
Wayne Chrebet,WR,2005,NYJ,30.3
Bobby Wade,WR,2005,TEN,30.1
Jerome Mathis,WR,2005,HOU,29.5
Peter Warrick,WR,2005,SEA,29.5
Charles Lee,WR,2005,ARI,26.2
Kelley Washington,WR,2005,CIN,26.1
Todd Devoe,WR,2005,DEN,23.7
Edell Shepherd,WR,2005,TB,22.3
Jerheme Urban,WR,2005,SEA,22.1
Marc Boerigter,WR,2005,KC,21.9
Bryan Gilmore,WR,2005,MIA,21.5
Drew Carter,WR,2005,CAR,21.3
Taylor Jacobs,WR,2005,WAS,21
Derick Armstrong,WR,2005,HOU,20.5
Jason McAddley,WR,2005,SF,19.5
Tab Perry,WR,2005,CIN,19
Bethel Johnson,WR,2005,NE,16.7
Jonathan Smith,WR,2005,BUF,16.7
Peerless Price,WR,2005,DAL,16.5
Andrae Thurman,WR,2005,GB,16.2
Aaron Moorehead,WR,2005,IND,14.5
David Tyree,WR,2005,NYG,14.2
Darnerien McCants,WR,2005,PHI,13.7
David Boston,WR,2005,MIA,12
Dez White,WR,2005,ATL,10.5
Sam Aiken,WR,2005,BUF,9.7
Nate Poole,WR,2005,NO,9.3
Clarence Moore,WR,2005,BAL,8.9
Vincent Jackson,WR,2005,LAC,8.9
Terrence Murphy,WR,2005,GB,8.6
Reggie Newhouse,WR,2005,ARI,8.5
Donovan Morgan,WR,2005,HOU,8.2
Josh Cribbs,WR,2005,CLE,7.7
Antonio Brown,WR,2005,WAS,6.7
Javon Walker,WR,2005,GB,6.7
Willie Ponder,WR,2005,NYG,6.4
Brandon Childress,WR,2005,NE,6.2
Pat Johnson,WR,2005,BAL,5.1
Dante Ridgeway,WR,2005,NYJ,4.6
Cortez Hankton,WR,2005,JAX,4.5
Kassim Osgood,WR,2005,LAC,4.5
Darius Watts,WR,2005,DEN,4.2
Troy Edwards,WR,2005,DET,3.5
Ronald Curry,WR,2005,LV,3.2
Eddie Berlin,WR,2005,CHI,2.9
Jerome Pathon,WR,2005,ATL,2.8
Jimmy Farris,WR,2005,WAS,2.8
Dominique Thompson,WR,2005,LA,2.3
Glenn Martinez,WR,2005,DET,2.1
O.J. Small,WR,2005,TEN,1.6
Terrance Copper,WR,2005,DAL,1.5
Rasheed Marshall,WR,2005,SF,0.2
Eddie Drummond,WR,2005,DET,-0.3
Mike Alstott,FB,2006,TB,62.6
Mack Strong,FB,2006,SEA,61.8
Ovie Mughelli,FB,2006,BAL,54.2
Mike Karney,FB,2006,NO,45.9
Lorenzo Neal,FB,2006,LAC,45.2
Brad Hoover,FB,2006,CAR,43.5
Michael Robinson,FB,2006,SF,37.3
Verron Haynes,FB,2006,PIT,33.3
Ahmard Hall,FB,2006,TEN,28.9
Heath Evans,FB,2006,NE,28.1
Tony Richardson,FB,2006,MIN,25.3
Jeremi Johnson,FB,2006,CIN,21.3
William Henderson,FB,2006,GB,18.2
Vonta Leach,FB,2006,HOU,18.1
B.J. Askew,FB,2006,NYJ,15.1
Jim Finn,FB,2006,NYG,14.8
Dan Kreider,FB,2006,PIT,14.7
Lawrence Vickers,FB,2006,CLE,12.2
Terrelle Smith,FB,2006,CLE,11.5
Daimon Shelton,FB,2006,BUF,10.5
Madison Hedgecock,FB,2006,LA,10.1
Derrick Wimbush,FB,2006,JAX,6.6
Lousaka Polite,FB,2006,DAL,5.9
Darian Barnes,FB,2006,MIA,5.2
John Kuhn,FB,2006,PIT,4.3
Casey Cramer,FB,2006,TEN,2.8
Josh Parry,FB,2006,SEA,2.1
Chris Hetherington,FB,2006,SF,2
Corey McIntyre,FB,2006,NO,2
Jerald Sowell,FB,2006,TB,1.6
Ryan Longwell,K,2006,MIN,4.64
David Akers,K,2006,PHI,0.44
Jason Elam,K,2006,DEN,0.2
Peyton Manning,QB,2006,IND,309.48
Mike Vick,QB,2006,ATL,263.96
Drew Brees,QB,2006,NO,260.16
Marc Bulger,QB,2006,LA,252.44
Carson Palmer,QB,2006,CIN,236.94
Tom Brady,QB,2006,NE,219.52
Jon Kitna,QB,2006,DET,217.92
Philip Rivers,QB,2006,LAC,208.78
Vince Young,QB,2006,TEN,203.26
Donovan McNabb,QB,2006,PHI,199.68
Eli Manning,QB,2006,NYG,191.86
Brett Favre,QB,2006,GB,190.2
Ben Roethlisberger,QB,2006,PIT,184.92
Steve McNair,QB,2006,BAL,177.9
J.P. Losman,QB,2006,BUF,176
Tony Romo,QB,2006,DAL,174.32
Chad Pennington,QB,2006,NYJ,173.18
Rex Grossman,QB,2006,CHI,170.68
Alex Smith,QB,2006,SF,169.14
Jake Delhomme,QB,2006,CAR,151.4
David Carr,QB,2006,HOU,149.9
Matt Hasselbeck,QB,2006,SEA,148.68
Matt Leinart,QB,2006,ARI,134.08
Charlie Frye,QB,2006,CLE,129.46
Brad Johnson,QB,2006,MIN,126.2
Joey Harrington,QB,2006,MIA,113.14
David Garrard,QB,2006,JAX,112.4
Jake Plummer,QB,2006,DEN,110.96
Damon Huard,QB,2006,KC,109.42
Mark Brunell,QB,2006,WAS,100.96
Jeff Garcia,QB,2006,PHI,95.06
Jason Campbell,QB,2006,WAS,91.08
Bruce Gradkowski,QB,2006,TB,88.54
Byron Leftwich,QB,2006,JAX,80.42
Drew Bledsoe,QB,2006,DAL,71.36
Jay Cutler,QB,2006,DEN,63.84
Trent Green,QB,2006,KC,63.58
Kurt Warner,QB,2006,ARI,63.38
Seneca Wallace,QB,2006,SEA,60.98
Daunte Culpepper,QB,2006,MIA,47.16
Aaron Brooks,QB,2006,LV,46.6
Tim Rattay,QB,2006,TB,40.22
Derek Anderson,QB,2006,CLE,38.42
Charlie Batch,QB,2006,PIT,38.28
Andrew Walter,QB,2006,LV,38.08
Kyle Boller,QB,2006,BAL,36.8
Tarvaris Jackson,QB,2006,MIN,30.9
Chris Weinke,QB,2006,CAR,26.6
Brad Smith,QB,2006,NYJ,25.4
A.J. Feeley,QB,2006,PHI,23.98
Cleo Lemon,QB,2006,MIA,23.18
Quinn Gray,QB,2006,JAX,21.24
Sage Rosenfels,QB,2006,HOU,21.1
Chris Simms,QB,2006,TB,20.1
Kerry Collins,QB,2006,TEN,15.96
Matt Schaub,QB,2006,ATL,10.42
Jamie Martin,QB,2006,NO,8.32
Charlie Whitehurst,QB,2006,LAC,7.3
Brian Griese,QB,2006,CHI,6.3
Marques Tuiasosopo,QB,2006,LV,5.62
Vinny Testaverde,QB,2006,NE,4.36
Brooks Bollinger,QB,2006,MIN,3.84
Josh McCown,QB,2006,DET,3.5
Gus Frerotte,QB,2006,LA,1.08
Aaron Rodgers,QB,2006,GB,0.94
Anthony Wright,QB,2006,CIN,0.94
Brett Basanez,QB,2006,CAR,0.44
Jared Lorenzen,QB,2006,NYG,0.2
Ken Dorsey,QB,2006,CLE,0
Patrick Ramsey,QB,2006,NYJ,0
Ryan Fitzpatrick,QB,2006,LA,0
Billy Volek,QB,2006,LAC,-0.14
Matt Cassel,QB,2006,NE,-0.32
Ingle Martin,QB,2006,GB,-0.5
Kellen Clemens,QB,2006,NYJ,-1
Brodie Croyle,QB,2006,KC,-3.38
LaDainian Tomlinson,RB,2006,LAC,481.1
Steven Jackson,RB,2006,LA,415.4
Larry Johnson,RB,2006,KC,370.9
Brian Westbrook,RB,2006,PHI,330.6
Frank Gore,RB,2006,SF,321
Tiki Barber,RB,2006,NYG,298.7
Willie Parker,RB,2006,PIT,288.6
Maurice Jones-Drew,RB,2006,JAX,277.7
Reggie Bush,RB,2006,NO,267.6
Ladell Betts,RB,2006,WAS,236.9
Rudi Johnson,RB,2006,CIN,234.2
Deuce McAllister,RB,2006,NO,225.9
Joseph Addai,RB,2006,IND,224.6
Ahman Green,RB,2006,GB,222.9
Chester Taylor,RB,2006,MIN,222.2
Kevin Jones,RB,2006,DET,219.9
Thomas Jones,RB,2006,CHI,205.74
Edgerrin James,RB,2006,ARI,205.6
Marion Barber,RB,2006,DAL,204
Fred Taylor,RB,2006,JAX,193.8
Jamal Lewis,RB,2006,BAL,192.7
Travis Henry,RB,2006,TEN,188.9
Ronnie Brown,RB,2006,MIA,185.1
Corey Dillon,RB,2006,NE,184.9
Warrick Dunn,RB,2006,ATL,183
Willis McGahee,RB,2006,BUF,164.6
Laurence Maroney,RB,2006,NE,155.9
Julius Jones,RB,2006,DAL,153.6
DeShaun Foster,RB,2006,CAR,151.6
Mike Bell,RB,2006,DEN,151.5
Dominic Rhodes,RB,2006,IND,149.2
Shaun Alexander,RB,2006,SEA,142.4
Tatum Bell,RB,2006,DEN,140
Leon Washington,RB,2006,NYJ,139
Reuben Droughns,RB,2006,CLE,135.7
Cadillac Williams,RB,2006,TB,129.4
Clinton Portis,RB,2006,WAS,128.3
DeAngelo Williams,RB,2006,CAR,126.4
Wali Lundy,RB,2006,HOU,125
Mewelde Moore,RB,2006,MIN,122.5
Brandon Jacobs,RB,2006,NYG,120.2
Michael Pittman,RB,2006,TB,118
Ron Dayne,RB,2006,HOU,114.9
Cedric Benson,RB,2006,CHI,114.1
Kevin Faulk,RB,2006,NE,108.9
Antwaan Randle El,RB,2006,WAS,108.42
Jerious Norwood,RB,2006,ATL,98.5
Justin Fargas,RB,2006,LV,94
Correll Buckhalter,RB,2006,PHI,87.6
Anthony Thomas,RB,2006,BUF,83.7
Vernand Morency,RB,2006,GB,82.2
Kevan Barlow,RB,2006,NYJ,82.1
Noah Herron,RB,2006,GB,81.1
Sammy Morris,RB,2006,MIA,79.2
Cedric Houston,RB,2006,NYJ,78.7
Maurice Morris,RB,2006,SEA,74
Justin Griffith,RB,2006,ATL,72.4
LaMont Jordan,RB,2006,LV,70.8
Michael Turner,RB,2006,LAC,69.9
Najeh Davenport,RB,2006,PIT,68.4
Kenny Watson,RB,2006,CIN,64.1
Arlen Harris,RB,2006,DET,53
Samkon Gado,RB,2006,HOU,52.5
ReShard Lee,RB,2006,LV,51
Musa Smith,RB,2006,BAL,48.8
LenDale White,RB,2006,TEN,44.4
Jason McKie,RB,2006,CHI,43
Stephen Davis,RB,2006,LA,42.7
Maurice Hicks,RB,2006,SF,40.9
Marcel Shipp,RB,2006,ARI,40.1
Aaron Stecker,RB,2006,NO,39.1
Artose Pinner,RB,2006,MIN,38.7
Mike Anderson,RB,2006,BAL,38.7
Michael Bennett,RB,2006,KC,36.7
Obafemi Ayanbadejo,RB,2006,ARI,34.6
Nick Goings,RB,2006,CAR,31.9
Thomas Tapeh,RB,2006,PHI,31.4
Jason Wright,RB,2006,CLE,31.1
Adrian Peterson,RB,2006,CHI,30.9
Tony Fisher,RB,2006,LA,30.8
T.J. Duckett,RB,2006,WAS,28.8
Zack Crockett,RB,2006,LV,27.6
Jameel Cook,RB,2006,HOU,26.5
Chris Taylor,RB,2006,HOU,25.3
Shawn Bryson,RB,2006,DET,23.9
J.J. Arrington,RB,2006,ARI,21.7
Moran Norris,RB,2006,SF,21.4
Ciatrick Fason,RB,2006,MIN,20.8
Jerome Harrison,RB,2006,CLE,19.7
Kyle Johnson,RB,2006,DEN,19.7
Cecil Sapp,RB,2006,DEN,19.4
Chris Perry,RB,2006,CIN,18.9
Alvin Pearman,RB,2006,JAX,18.1
Chris Brown,RB,2006,TEN,18
Aveion Cason,RB,2006,DET,17
Jamaal Branch,RB,2006,NO,15.3
Brandon Miree,RB,2006,GB,14.7
Damien Nash,RB,2006,DEN,14.7
Derrick Blaylock,RB,2006,NYJ,12.2
Cory Schlesinger,RB,2006,DET,11.6
Travis Minor,RB,2006,MIA,10.6
Fred McCrary,RB,2006,ATL,10.3
Tyson Thompson,RB,2006,DAL,9
Earnest Graham,RB,2006,TB,7.3
Dan Klecko,RB,2006,IND,7.2
Fred McAfee,RB,2006,NO,7.2
Reno Mahe,RB,2006,PHI,7.1
Ryan Moats,RB,2006,PHI,6.9
Ran Carthon,RB,2006,IND,6.4
Ronnie Cruz,RB,2006,KC,5.9
Justin Green,RB,2006,BAL,5.7
Rock Cartwright,RB,2006,WAS,5.5
Brian Calhoun,RB,2006,DET,5.4
Kay-Jay Harris,RB,2006,LA,4.9
Patrick Pass,RB,2006,NE,4.5
Dee Brown,RB,2006,KC,3.9
Eric Shelton,RB,2006,CAR,3.9
Oliver Hoyte,RB,2006,DAL,3
James Hodgins,RB,2006,NYJ,2.9
Lee Suggs,RB,2006,MIA,2.6
Andrew Pinnock,RB,2006,LAC,2.5
Chad Morton,RB,2006,NYG,2.2
LaBrandon Toefield,RB,2006,JAX,2.2
Cedric Cobbs,RB,2006,DEN,0.9
Keylon Kincade,RB,2006,DAL,0.9
Derrick Ross,RB,2006,KC,0.8
Marquis Weeks,RB,2006,SEA,0.8
Rich Alexis,RB,2006,JAX,0.5
Lamar Gordon,RB,2006,DET,0.2
Marlion Jackson,RB,2006,ATL,0.2
Quincy Wilson,RB,2006,CIN,0.2
Shaud Williams,RB,2006,BUF,0.2
Antonio Gates,TE,2006,LAC,217.4
Tony Gonzalez,TE,2006,KC,195
Kellen Winslow,TE,2006,CLE,194.5
Todd Heap,TE,2006,BAL,185.5
Alge Crumpler,TE,2006,ATL,182
Jeremy Shockey,TE,2006,NYG,170.3
Chris Cooley,TE,2006,WAS,168.4
Jason Witten,TE,2006,DAL,145.4
Randy McMichael,TE,2006,MIA,144
Desmond Clark,TE,2006,CHI,143.6
L.J. Smith,TE,2006,PHI,143.1
Benjamin Watson,TE,2006,NE,131.7
Heath Miller,TE,2006,PIT,103.3
Owen Daniels,TE,2006,HOU,99
George Wrighster,TE,2006,JAX,92.3
Dallas Clark,TE,2006,IND,90.7
Jermaine Wiggins,TE,2006,MIN,90.6
Chris Baker,TE,2006,NYJ,85
Bo Scaife,TE,2006,TEN,83.3
Alex Smith,TE,2006,TB,76
Dan Campbell,TE,2006,DET,75.8
Eric Johnson,TE,2006,SF,75.2
Steve Heiden,TE,2006,CLE,72.9
Ben Utecht,TE,2006,IND,72.7
Tony Scheffler,TE,2006,DEN,70.9
Jerramy Stevens,TE,2006,SEA,69.1
Courtney Anderson,TE,2006,LV,65.5
Robert Royal,TE,2006,BUF,63.4
Vernon Davis,TE,2006,SF,63
Randal Williams,TE,2006,LV,53.3
David Martin,TE,2006,GB,52.8
Reggie Kelly,TE,2006,CIN,52.4
Daniel Graham,TE,2006,NE,52.3
Daniel Wilcox,TE,2006,BAL,50.6
Bryan Fletcher,TE,2006,IND,50.2
Joe Klopfenstein,TE,2006,LA,48.6
Matt Schobel,TE,2006,PHI,47.4
Bubba Franks,TE,2006,GB,46.2
Kris Wilson,TE,2006,KC,46.2
Stephen Alexander,TE,2006,DEN,46
Kris Mangum,TE,2006,CAR,44
Brandon Manumaleuna,TE,2006,LAC,41.2
Ben Troupe,TE,2006,TEN,40
Mike Sellers,TE,2006,WAS,39.6
Anthony Becht,TE,2006,TB,35.5
Mark Campbell,TE,2006,NO,34.4
Justin Peelle,TE,2006,MIA,33.6
David Thomas,TE,2006,NE,32.9
Leonard Pope,TE,2006,ARI,32.1
Tony Stewart,TE,2006,CIN,32
John Madsen,TE,2006,LV,31.6
Marcedes Lewis,TE,2006,JAX,31.6
Michael Gaines,TE,2006,CAR,29.6
Adam Bergen,TE,2006,ARI,28.1
Mark Bruener,TE,2006,HOU,27.2
Billy Miller,TE,2006,NO,26.9
Anthony Fasano,TE,2006,DAL,26.6
Jeb Putzier,TE,2006,HOU,25.5
Donald Lee,TE,2006,GB,25
Marcus Pollard,TE,2006,DET,22
John Gilmore,TE,2006,CHI,21.8
Jerame Tuman,TE,2006,PIT,20.3
Ernie Conwell,TE,2006,NO,19.7
Visanthe Shiancoe,TE,2006,NYG,18.1
Jeff Dugan,TE,2006,MIN,18
Itula Mili,TE,2006,SEA,16.9
Richard Owens,TE,2006,MIN,16.5
Casey Fitzsimmons,TE,2006,DET,14.1
Dwayne Blakley,TE,2006,ATL,13.6
Will Heller,TE,2006,SEA,13.2
Ben Hartsock,TE,2006,TEN,12.8
Dominique Byrd,TE,2006,LA,11.9
Aaron Walker,TE,2006,LA,11.8
Jimmy Kleinsasser,TE,2006,MIN,11.7
Brad Cieslak,TE,2006,BUF,10.6
Darnell Dinkins,TE,2006,CLE,9.4
Kyle Brady,TE,2006,JAX,8.7
John Owens,TE,2006,NO,8.4
Sean Ryan,TE,2006,NYJ,8.4
Jason Dunn,TE,2006,KC,8
Gabe Reid,TE,2006,CHI,7.7
Ryan Neufeld,TE,2006,BUF,7.4
Todd Yoder,TE,2006,WAS,7.4
Jeff King,TE,2006,CAR,7.1
Sean McHugh,TE,2006,DET,5.5
Delanie Walker,TE,2006,SF,5
Chad Mustard,TE,2006,DEN,4.3
Christian Fauria,TE,2006,WAS,3.7
John Bronson,TE,2006,ARI,3.5
Quinn Sypniewski,TE,2006,BAL,3.5
Nate Lawrie,TE,2006,NO,2.7
Doug Jolley,TE,2006,TB,1.7
Cooper Wallace,TE,2006,TEN,1.6
Brian Kozlowski,TE,2006,WAS,1.1
Kevin Everett,TE,2006,BUF,1.1
Eric Beverly,TE,2006,ATL,1
Dave Moore,TE,2006,TB,-0.1
Marvin Harrison,WR,2006,IND,301.6
Terrell Owens,WR,2006,DAL,283
Reggie Wayne,WR,2006,IND,273
Torry Holt,WR,2006,LA,269.8
Donald Driver,WR,2006,GB,269.4
Chad Johnson,WR,2006,CIN,266.4
Steve Smith,WR,2006,CAR,259.7
Lee Evans,WR,2006,BUF,259.1
T.J. Houshmandzadeh,WR,2006,CIN,252.7
Roy Williams,WR,2006,DET,251.2
Andre Johnson,WR,2006,HOU,249.1
Javon Walker,WR,2006,DEN,243.7
Mike Furrey,WR,2006,DET,240.6
Laveranues Coles,WR,2006,NYJ,238.2
Anquan Boldin,WR,2006,ARI,230.1
Marques Colston,WR,2006,NO,221.8
Plaxico Burress,WR,2006,NYG,219.8
Darrell Jackson,WR,2006,SEA,218.6
Jerricho Cotchery,WR,2006,NYJ,216.6
Terry Glenn,WR,2006,DAL,211.8
Joey Galloway,WR,2006,TB,210.6
Hines Ward,WR,2006,PIT,208.5
Isaac Bruce,WR,2006,LA,203.8
Larry Fitzgerald,WR,2006,ARI,198.6
Mark Clayton,WR,2006,BAL,187.9
Reggie Brown,WR,2006,PHI,187
Braylon Edwards,WR,2006,CLE,185.1
Santana Moss,WR,2006,WAS,180.2
Keyshawn Johnson,WR,2006,CAR,177.9
Muhsin Muhammad,WR,2006,CHI,174.3
Marty Booker,WR,2006,MIA,171.6
Eddie Kennison,WR,2006,KC,170.6
Bernard Berrian,WR,2006,CHI,163
Reche Caldwell,WR,2006,NE,161.5
Chris Chambers,WR,2006,MIA,160.2
Derrick Mason,WR,2006,BAL,154.6
Deion Branch,WR,2006,SEA,152.5
Santonio Holmes,WR,2006,PIT,150.7
Chris Henry,WR,2006,CIN,150.5
Arnaz Battle,WR,2006,SF,147.1
Devery Henderson,WR,2006,NO,143.9
Reggie Williams,WR,2006,JAX,141.9
Wes Welker,WR,2006,MIA,141.7
Donte' Stallworth,WR,2006,PHI,140.5
Ronald Curry,WR,2006,LV,139.1
Bryant Johnson,WR,2006,ARI,137.7
Drew Bennett,WR,2006,TEN,137.7
Travis Taylor,WR,2006,MIN,136.6
Antonio Bryant,WR,2006,SF,131.7
Joe Horn,WR,2006,NO,130.9
D.J. Hackett,WR,2006,SEA,130
Matt Jones,WR,2006,JAX,126.7
Greg Jennings,WR,2006,GB,126.2
Michael Jenkins,WR,2006,ATL,124.8
Nate Washington,WR,2006,PIT,122.2
Eric Moulds,WR,2006,HOU,119.3
Rod Smith,WR,2006,DEN,118.7
Eric Parker,WR,2006,LAC,115.8
Randy Moss,WR,2006,LV,115.3
Vincent Jackson,WR,2006,LAC,111.9
Patrick Crayton,WR,2006,DAL,111.6
Kevin Curtis,WR,2006,LA,110.3
Troy Brown,WR,2006,NE,110.2
Peerless Price,WR,2006,BUF,108
Joe Jurevicius,WR,2006,CLE,107.5
Samie Parker,WR,2006,KC,103.8
Ernest Wilford,WR,2006,JAX,98.4
Cedrick Wilson,WR,2006,PIT,93.64
Bobby Wade,WR,2006,TEN,91.1
Marcus Robinson,WR,2006,MIN,91.1
Brandon Jones,WR,2006,TEN,89.7
Doug Gabriel,WR,2006,LV,88.8
Josh Reed,WR,2006,BUF,88.3
Amani Toomer,WR,2006,NYG,86
Drew Carter,WR,2006,CAR,83.5
Troy Williamson,WR,2006,MIN,82.5
Ike Hilliard,WR,2006,TB,79.9
Michael Clayton,WR,2006,TB,78.7
Roddy White,WR,2006,ATL,78.6
Keenan McCardell,WR,2006,LAC,78.5
Hank Baskett,WR,2006,PHI,78.4
Ashley Lelie,WR,2006,ATL,77
Terrance Copper,WR,2006,NO,76.3
Demetrius Williams,WR,2006,BAL,73.6
Roscoe Parrish,WR,2006,BUF,72.8
Greg Lewis,WR,2006,PHI,68.8
Billy McMullen,WR,2006,MIN,65.7
Dante Hall,WR,2006,KC,65.5
Rashied Davis,WR,2006,CHI,64.7
Brandon Marshall,WR,2006,DEN,64.1
Justin McCareins,WR,2006,NYJ,63.5
Ruvell Martin,WR,2006,GB,62.8
Mark Bradley,WR,2006,CHI,60.2
Bobby Engram,WR,2006,SEA,59.4
Brandon Lloyd,WR,2006,WAS,57.5
Tim Carter,WR,2006,NYG,57.3
Troy Walters,WR,2006,ARI,55.9
Alvis Whitted,WR,2006,LV,55.3
Nate Burleson,WR,2006,SEA,55.2
Malcom Floyd,WR,2006,LAC,54
David Tyree,WR,2006,NYG,50.7
Derek Hagan,WR,2006,MIA,49.1
Chad Jackson,WR,2006,NE,48.4
Dennis Northcutt,WR,2006,CLE,46
Bryan Gilmore,WR,2006,SF,36.4
Devin Hester,WR,2006,CHI,36
Kevin Walter,WR,2006,HOU,33.3
James Thrash,WR,2006,WAS,33.1
Az-Zahir Hakim,WR,2006,DET,31.8
Jabar Gaffney,WR,2006,NE,31.2
Shaun McDonald,WR,2006,LA,30.6
Corey Bradford,WR,2006,DET,30.4
Tim Dwight,WR,2006,NYJ,30
David Kircus,WR,2006,DEN,27.7
Kelley Washington,WR,2006,CIN,26.5
Bethel Johnson,WR,2006,MIN,25.4
Josh Cribbs,WR,2006,CLE,24.2
Mike Williams,WR,2006,DET,23.9
Jamal Jones,WR,2006,NO,22.8
Brandon Stokley,WR,2006,IND,22.5
Aaron Moorehead,WR,2006,IND,22.2
Carlyle Holiday,WR,2006,GB,21.6
Maurice Stovall,WR,2006,TB,20.1
Roydell Williams,WR,2006,TEN,20.1
David Givens,WR,2006,TEN,18.7
Jason Avant,WR,2006,PHI,17.8
Koren Robinson,WR,2006,GB,15.9
Robert Ferguson,WR,2006,GB,14.1
Tab Perry,WR,2006,CIN,13.5
Sam Hurd,WR,2006,DAL,12.5
Paris Warren,WR,2006,TB,11.3
Mike Jennings,WR,2006,NYG,11.1
Keary Colbert,WR,2006,CAR,10.6
Johnnie Morant,WR,2006,LV,10
Nate Jackson,WR,2006,DEN,9.9
Cortez Hankton,WR,2006,JAX,9.8
Justin Gage,WR,2006,CHI,8.8
Devale Ellis,WR,2006,DET,8.4
Clarence Moore,WR,2006,BAL,8.1
Sinorice Moss,WR,2006,NYG,7.5
Martin Nance,WR,2006,MIN,7.3
Micheal Spurlock,WR,2006,ARI,7.1
Taylor Jacobs,WR,2006,SF,6.9
Taye Biddle,WR,2006,CAR,6.7
Karl Hankton,WR,2006,CAR,6.1
Ricky Proehl,WR,2006,IND,6
Terrence Wilkins,WR,2006,IND,6
Edell Shepherd,WR,2006,HOU,5.7
Jeff Webb,WR,2006,KC,5.3
Antonio Chatman,WR,2006,CIN,5.2
Travis Wilson,WR,2006,CLE,5.2
Courtney Roby,WR,2006,TEN,5.1
Sean Morey,WR,2006,PIT,4.9
David Anderson,WR,2006,HOU,3.7
Rod Gardner,WR,2006,KC,3.7
Chris Francies,WR,2006,GB,3.6
David Patten,WR,2006,WAS,3.5
Cliff Russell,WR,2006,MIA,3.4
Eddie Drummond,WR,2006,DET,3.4
Andre Davis,WR,2006,BUF,3.3
Jerry Porter,WR,2006,LV,2.9
Brandon Childress,WR,2006,NE,2.7
Kelvin Kight,WR,2006,NE,2.7
Walter Young,WR,2006,PIT,2.7
Lance Moore,WR,2006,NO,2
James Adkisson,WR,2006,LV,1.9
Will Buchanon,WR,2006,LV,1.9
Derrick Lewis,WR,2006,HOU,1.5
Dane Looker,WR,2006,LA,1.3
Glenn Holt,WR,2006,CIN,1.3
Reggie McNeal,WR,2006,CIN,0.8
Adam Jennings,WR,2006,ATL,-0.4
Leonard Weaver,FB,2007,SEA,90.9
Vonta Leach,FB,2007,HOU,52
Heath Evans,FB,2007,NE,38.4
Lawrence Vickers,FB,2007,CLE,38.4
B.J. Askew,FB,2007,TB,35.5
Mike Karney,FB,2007,NO,34.5
Michael Robinson,FB,2007,SF,30.4
Tony Richardson,FB,2007,MIN,21.2
Le'Ron McClain,FB,2007,BAL,20.3
Brad Hoover,FB,2007,CAR,19.7
Lorenzo Neal,FB,2007,LAC,19.5
Mack Strong,FB,2007,SEA,18.1
Jeremi Johnson,FB,2007,CIN,17.7
Ovie Mughelli,FB,2007,ATL,16.3
Ahmard Hall,FB,2007,TEN,15.8
Luke Lawton,FB,2007,IND,14.2
Terrelle Smith,FB,2007,ARI,13.2
Madison Hedgecock,FB,2007,NYG,12.2
Deon Anderson,FB,2007,DAL,11.5
Jason Snelling,FB,2007,ATL,10.3
Gilbert Harris,FB,2007,KC,7.7
Boomer Grigsby,FB,2007,KC,3.4
Naufahu Tahi,FB,2007,MIN,3.2
Reagan Maui'a,FB,2007,MIA,3
Dan Kreider,FB,2007,PIT,2.7
John Kuhn,FB,2007,GB,2.7
Verron Haynes,FB,2007,PIT,2.2
Jon Bradley,FB,2007,DET,1.9
Jason Pociask,FB,2007,NYJ,1.7
Oren O'Neal,FB,2007,LV,1.1
Robbie Gould,K,2007,CHI,0
Tom Brady,QB,2007,NE,390.04
Tony Romo,QB,2007,DAL,295.64
Peyton Manning,QB,2007,IND,275.1
Ben Roethlisberger,QB,2007,PIT,260.72
Drew Brees,QB,2007,NO,259.32
Derek Anderson,QB,2007,CLE,253.14
Matt Hasselbeck,QB,2007,SEA,246.34
Brett Favre,QB,2007,GB,243.48
Carson Palmer,QB,2007,CIN,228.2
Donovan McNabb,QB,2007,PHI,212.56
Jay Cutler,QB,2007,DEN,210.38
Kurt Warner,QB,2007,ARI,205.86
Jon Kitna,QB,2007,DET,190.84
David Garrard,QB,2007,JAX,188.56
Eli Manning,QB,2007,NYG,184.34
Philip Rivers,QB,2007,LAC,177.38
Vince Young,QB,2007,TEN,155.34
Jeff Garcia,QB,2007,TB,155.2
Jason Campbell,QB,2007,WAS,146.6
Tarvaris Jackson,QB,2007,MIN,130.44
Sage Rosenfels,QB,2007,HOU,110.46
Cleo Lemon,QB,2007,MIA,110.12
Matt Schaub,QB,2007,HOU,106.84
Joey Harrington,QB,2007,ATL,105.3
Marc Bulger,QB,2007,LA,104.98
Damon Huard,QB,2007,KC,102.18
Chad Pennington,QB,2007,NYJ,101.84
Brian Griese,QB,2007,CHI,88.92
Kyle Boller,QB,2007,BAL,86.62
Trent Edwards,QB,2007,BUF,82.1
Brad Smith,QB,2007,NYJ,81
Daunte Culpepper,QB,2007,LV,79.88
Kellen Clemens,QB,2007,NYJ,76.26
Josh McCown,QB,2007,LV,74.94
Quinn Gray,QB,2007,JAX,73.14
Chris Redman,QB,2007,ATL,72.76
Luke McCown,QB,2007,TB,62.06
J.P. Losman,QB,2007,BUF,59.16
Jake Delhomme,QB,2007,CAR,57.28
Brodie Croyle,QB,2007,KC,56.88
Rex Grossman,QB,2007,CHI,54.74
Todd Collins,QB,2007,WAS,51.62
Trent Dilfer,QB,2007,SF,49.14
Trent Green,QB,2007,MIA,48.68
Vinny Testaverde,QB,2007,CAR,45.64
Gus Frerotte,QB,2007,LA,44.86
Shaun Hill,QB,2007,SF,41.44
Alex Smith,QB,2007,SF,35.46
Steve McNair,QB,2007,BAL,33.72
A.J. Feeley,QB,2007,PHI,33.54
Troy Smith,QB,2007,BAL,33.48
David Carr,QB,2007,CAR,33.3
Matt Moore,QB,2007,CAR,31.7
Matt Leinart,QB,2007,ARI,30.08
Kyle Orton,QB,2007,CHI,28.9
Kelly Holcomb,QB,2007,MIN,26.44
Seneca Wallace,QB,2007,SEA,21
John Beck,QB,2007,MIA,19.56
Brooks Bollinger,QB,2007,MIN,19.44
Kerry Collins,QB,2007,TEN,18.94
Aaron Rodgers,QB,2007,GB,15.62
JaMarcus Russell,QB,2007,LV,13.32
Tim Rattay,QB,2007,ARI,13.06
Patrick Ramsey,QB,2007,DEN,11.08
Charlie Batch,QB,2007,PIT,10.58
Jim Sorgi,QB,2007,IND,8.88
Chris Weinke,QB,2007,SF,8.16
Byron Leftwich,QB,2007,ATL,7.86
Matt Cassel,QB,2007,NE,6.72
Craig Nall,QB,2007,GB,6.12
Bruce Gradkowski,QB,2007,TB,5.2
J.T. O'Sullivan,QB,2007,DET,2.92
Brad Johnson,QB,2007,DAL,2.66
Brady Quinn,QB,2007,CLE,1.8
Andrew Walter,QB,2007,LV,1.52
Jared Lorenzen,QB,2007,NYG,1.32
Brock Berlin,QB,2007,LA,0.52
Anthony Wright,QB,2007,NYG,0.38
Tim Hasselbeck,QB,2007,ARI,-0.1
Jamie Martin,QB,2007,NO,-0.3
Tyler Thigpen,QB,2007,KC,-0.36
Charlie Frye,QB,2007,CLE,-0.54
Matt Gutierrez,QB,2007,NE,-0.7
Kevin Kolb,QB,2007,PHI,-2.2
Billy Volek,QB,2007,LAC,-4.46
Brian Westbrook,RB,2007,PHI,370.4
LaDainian Tomlinson,RB,2007,LAC,367.58
Joseph Addai,RB,2007,IND,276.6
Clinton Portis,RB,2007,WAS,272.7
Adrian Peterson,RB,2007,MIN,251.9
Jamal Lewis,RB,2007,CLE,247.1
Marion Barber,RB,2007,DAL,241.5
Frank Gore,RB,2007,SF,236.8
Earnest Graham,RB,2007,TB,229.2
Willis McGahee,RB,2007,BAL,228.8
Maurice Jones-Drew,RB,2007,JAX,213.5
Edgerrin James,RB,2007,ARI,209.8
Reggie Bush,RB,2007,NO,208.8
Kenny Watson,RB,2007,CIN,203.6
Steven Jackson,RB,2007,LA,201.38
Marshawn Lynch,RB,2007,BUF,194.22
Ryan Grant,RB,2007,GB,186.3
Chester Taylor,RB,2007,MIN,179.5
Willie Parker,RB,2007,PIT,177
LenDale White,RB,2007,TEN,176.2
Thomas Jones,RB,2007,NYJ,173.6
Ronnie Brown,RB,2007,MIA,170.1
Brandon Jacobs,RB,2007,NYG,169.5
Justin Fargas,RB,2007,LV,164.7
Fred Taylor,RB,2007,JAX,163
Adrian Peterson,RB,2007,CHI,162.36
Kevin Jones,RB,2007,DET,156.8
Warrick Dunn,RB,2007,ATL,152.6
DeShaun Foster,RB,2007,CAR,144.9
Ron Dayne,RB,2007,HOU,141.5
DeAngelo Williams,RB,2007,CAR,139.4
Laurence Maroney,RB,2007,NE,137.1
Maurice Morris,RB,2007,SEA,135.1
Selvin Young,RB,2007,DEN,135
Antwaan Randle El,RB,2007,WAS,132.26
Aaron Stecker,RB,2007,NO,130.9
Leon Washington,RB,2007,NYJ,130.04
Larry Johnson,RB,2007,KC,128.5
Najeh Davenport,RB,2007,PIT,128.3
Derrick Ward,RB,2007,NYG,126.1
LaMont Jordan,RB,2007,LV,125.6
Jerious Norwood,RB,2007,ATL,123.2
Shaun Alexander,RB,2007,SEA,123.2
Kevin Faulk,RB,2007,NE,118.1
Cedric Benson,RB,2007,CHI,117.1
Julius Jones,RB,2007,DAL,113.7
Chris Brown,RB,2007,TEN,106.2
Travis Henry,RB,2007,DEN,104.6
Jesse Chatman,RB,2007,MIA,98.6
Kenton Keith,RB,2007,IND,98
Rudi Johnson,RB,2007,CIN,95.7
Kolby Smith,RB,2007,KC,89.5
Musa Smith,RB,2007,BAL,84.6
Ladell Betts,RB,2007,WAS,81.9
Jason Wright,RB,2007,CLE,78.9
Brian Leonard,RB,2007,LA,78.6
Correll Buckhalter,RB,2007,PHI,76
Reuben Droughns,RB,2007,NYG,75.4
Pierre Thomas,RB,2007,NO,73.3
Michael Pittman,RB,2007,TB,71.9
Fred Jackson,RB,2007,BUF,71
J.J. Arrington,RB,2007,ARI,66.9
Sammy Morris,RB,2007,NE,65.9
Ahman Green,RB,2007,HOU,64.3
Lorenzo Booker,RB,2007,MIA,64.2
Samkon Gado,RB,2007,MIA,63.6
Brandon Jackson,RB,2007,GB,61.7
T.J. Duckett,RB,2007,DET,60.9
Vernand Morency,RB,2007,GB,60.7
DeShawn Wynn,RB,2007,GB,60.6
Michael Bennett,RB,2007,TB,58.8
Greg Jones,RB,2007,JAX,56.8
Darius Walker,RB,2007,HOU,55.5
Darren Sproles,RB,2007,LAC,53.5
Dominic Rhodes,RB,2007,LV,52.2
Justin Griffith,RB,2007,LV,51.2
Cecil Sapp,RB,2007,DEN,43
Andre Hall,RB,2007,DEN,42.5
Tatum Bell,RB,2007,DET,42.5
Michael Turner,RB,2007,LAC,41.2
Cadillac Williams,RB,2007,TB,39.5
Anthony Thomas,RB,2007,BUF,39.4
Maurice Hicks,RB,2007,SF,38.3
Chris Henry,RB,2007,TEN,35.2
Aveion Cason,RB,2007,DET,30.7
DeDe Dorsey,RB,2007,CIN,30.2
Garrett Wolfe,RB,2007,CHI,29.2
Ahmad Bradshaw,RB,2007,NYG,28.2
Travis Minor,RB,2007,LA,27.4
Carey Davis,RB,2007,PIT,23.7
Priest Holmes,RB,2007,KC,22.4
Kyle Eckel,RB,2007,NE,22.3
Mewelde Moore,RB,2007,MIN,21.9
Antonio Pittman,RB,2007,LA,18.4
Jerome Harrison,RB,2007,CLE,18.1
Jason McKie,RB,2007,CHI,18
Marcel Shipp,RB,2007,ARI,16.6
Clifton Dawson,RB,2007,IND,15.9
Thomas Tapeh,RB,2007,PHI,14.8
Patrick Cobbs,RB,2007,MIA,14.7
Jameel Cook,RB,2007,HOU,14.4
Korey Hall,RB,2007,GB,12.9
Deuce McAllister,RB,2007,NO,12.7
Dwayne Wright,RB,2007,BUF,12.1
Jackie Battle,RB,2007,KC,12.1
Brian Calhoun,RB,2007,DET,12
Moran Norris,RB,2007,SF,11.5
Mike Anderson,RB,2007,BAL,10.8
LaBrandon Toefield,RB,2007,JAX,10.1
Adimchinobe Echemandu,RB,2007,HOU,9.6
Tony Hunt,RB,2007,PHI,7.6
Tyson Thompson,RB,2007,DAL,5.4
Alex Haynes,RB,2007,CAR,4.7
Artose Pinner,RB,2007,ATL,4.6
Kenneth Darby,RB,2007,TB,4.5
Chris Barclay,RB,2007,TEN,3.6
Justin Green,RB,2007,BAL,3.6
Byron Storer,RB,2007,TB,2.3
Gary Russell,RB,2007,PIT,2.1
Reno Mahe,RB,2007,PHI,2.1
Andrew Pinnock,RB,2007,LAC,1.6
Oliver Hoyte,RB,2007,DAL,1.2
Alvin Pearman,RB,2007,SEA,1.1
Mike Bell,RB,2007,DEN,0
Rock Cartwright,RB,2007,WAS,0
Zack Crockett,RB,2007,TB,0
Ricky Williams,RB,2007,MIA,-0.5
Jason Witten,TE,2007,DAL,250.5
Tony Gonzalez,TE,2007,KC,246.2
Antonio Gates,TE,2007,LAC,227.4
Kellen Winslow,TE,2007,CLE,222.6
Chris Cooley,TE,2007,WAS,194.6
Dallas Clark,TE,2007,IND,188.5
Owen Daniels,TE,2007,HOU,151.8
Heath Miller,TE,2007,PIT,145.6
Donald Lee,TE,2007,GB,139.5
Jeremy Shockey,TE,2007,NYG,137.5
Tony Scheffler,TE,2007,DEN,131.9
Vernon Davis,TE,2007,SF,124.9
Desmond Clark,TE,2007,CHI,122.5
Alge Crumpler,TE,2007,ATL,116.4
Benjamin Watson,TE,2007,NE,112
Zach Miller,TE,2007,LV,104.4
Randy McMichael,TE,2007,LA,99.9
Chris Baker,TE,2007,NYJ,98.1
Eric Johnson,TE,2007,NO,97.8
Jeff King,TE,2007,CAR,96.6
Greg Olsen,TE,2007,CHI,92.1
Bo Scaife,TE,2007,TEN,90.1
Alex Smith,TE,2007,TB,88.5
Marcedes Lewis,TE,2007,JAX,88.1
David Martin,TE,2007,MIA,76.3
Leonard Pope,TE,2007,ARI,74.8
Billy Miller,TE,2007,NO,71.8
Ben Utecht,TE,2007,IND,71.4
Marcus Pollard,TE,2007,SEA,67.3
Justin Peelle,TE,2007,MIA,63.8
Robert Royal,TE,2007,BUF,63.8
Visanthe Shiancoe,TE,2007,MIN,63.3
Quinn Sypniewski,TE,2007,BAL,62.6
Jerramy Stevens,TE,2007,TB,60.9
Daniel Graham,TE,2007,DEN,60.6
Michael Gaines,TE,2007,BUF,58.5
Mike Sellers,TE,2007,WAS,54.5
Todd Heap,TE,2007,BAL,52.9
L.J. Smith,TE,2007,PHI,49.6
Bubba Franks,TE,2007,GB,49.2
Kris Wilson,TE,2007,KC,46.7
Delanie Walker,TE,2007,SF,44.4
Sean McHugh,TE,2007,DET,42.2
Reggie Kelly,TE,2007,CIN,41.1
Brent Celek,TE,2007,PHI,39.8
Will Heller,TE,2007,SEA,39.2
George Wrighster,TE,2007,JAX,35.3
Anthony Fasano,TE,2007,DAL,34.3
Bryan Fletcher,TE,2007,IND,34.3
Kevin Boss,TE,2007,NYG,32.8
Dante Rosario,TE,2007,CAR,28.8
Casey Fitzsimmons,TE,2007,DET,28.5
Kyle Brady,TE,2007,NE,28
Matt Schobel,TE,2007,PHI,27.8
Matt Spaeth,TE,2007,PIT,26.4
Ben Patrick,TE,2007,ARI,26.3
Ben Hartsock,TE,2007,TEN,25.8
Brandon Manumaleuna,TE,2007,LAC,24.6
Daniel Coats,TE,2007,CIN,24.2
John Madsen,TE,2007,LV,24.2
Tony Curtis,TE,2007,DAL,22.8
Todd Yoder,TE,2007,WAS,22.7
Greg Estandia,TE,2007,JAX,22.6
Steve Heiden,TE,2007,CLE,22.4
Richard Angulo,TE,2007,JAX,22.1
Joel Dreessen,TE,2007,HOU,21.5
Christian Fauria,TE,2007,CAR,20.9
Anthony Becht,TE,2007,TB,19
Troy Bienemann,TE,2007,ARI,17.6
Jeb Putzier,TE,2007,HOU,15.9
Jimmy Kleinsasser,TE,2007,MIN,14.3
Martrez Milner,TE,2007,ATL,14
Daniel Wilcox,TE,2007,BAL,13.8
Joe Kowalewski,TE,2007,NYJ,12.8
Dwayne Blakley,TE,2007,ATL,11.8
Joe Klopfenstein,TE,2007,LA,11.7
Jeff Dugan,TE,2007,MIN,11.4
Chad Mustard,TE,2007,DEN,11.2
Ben Troupe,TE,2007,TEN,9.6
Michael Matthews,TE,2007,NYG,8.8
Dominique Byrd,TE,2007,LA,8.4
Jerame Tuman,TE,2007,PIT,7.9
Sean Ryan,TE,2007,NYJ,7.6
Derek Schouman,TE,2007,BUF,4.9
Garrett Mills,TE,2007,MIN,4.6
John Gilmore,TE,2007,CHI,4.4
Ryan Neufeld,TE,2007,BUF,3.4
Aaron Walker,TE,2007,LA,3.3
John Owens,TE,2007,DET,3.3
Ryan Krause,TE,2007,GB,3.1
Jason Dunn,TE,2007,KC,2.9
Lee Vickers,TE,2007,BAL,2.4
David Thomas,TE,2007,NE,1.9
Richard Owens,TE,2007,LA,1.9
Darnell Dinkins,TE,2007,CLE,1.8
Aaron Halterman,TE,2007,MIA,1.7
Brian Kozlowski,TE,2007,WAS,1.5
Isaac Smolko,TE,2007,JAX,1.5
Kevin Everett,TE,2007,BUF,1.3
Dan Campbell,TE,2007,DET,1.1
Randy Moss,WR,2007,NE,385.3
Reggie Wayne,WR,2007,IND,309.4
Terrell Owens,WR,2007,DAL,307
Braylon Edwards,WR,2007,CLE,300.9
T.J. Houshmandzadeh,WR,2007,CIN,297.7
Larry Fitzgerald,WR,2007,ARI,296.2
Chad Johnson,WR,2007,CIN,287.7
Marques Colston,WR,2007,NO,282.2
Wes Welker,WR,2007,NE,280.9
Brandon Marshall,WR,2007,DEN,280.2
Torry Holt,WR,2007,LA,255.9
Plaxico Burress,WR,2007,NYG,244.5
Bobby Engram,WR,2007,SEA,242.7
Derrick Mason,WR,2007,BAL,239.7
Steve Smith,WR,2007,CAR,235.8
Roddy White,WR,2007,ATL,235
Kevin Curtis,WR,2007,PHI,224
Greg Jennings,WR,2007,GB,217
Anquan Boldin,WR,2007,ARI,209.7
Jerricho Cotchery,WR,2007,NYJ,208.7
Shaun McDonald,WR,2007,DET,205.5
Dwayne Bowe,WR,2007,KC,199.5
Donald Driver,WR,2007,GB,199.2
Santonio Holmes,WR,2007,PIT,197.9
Joey Galloway,WR,2007,TB,194.5
Bernard Berrian,WR,2007,CHI,193.1
Andre Johnson,WR,2007,HOU,191.1
Hines Ward,WR,2007,PIT,190.3
Chris Chambers,WR,2007,LAC,188.2
Nate Burleson,WR,2007,SEA,183.8
Kevin Walter,WR,2007,HOU,178
Roy Williams,WR,2007,DET,174.7
Lee Evans,WR,2007,BUF,169.9
Reggie Brown,WR,2007,PHI,166.6
Patrick Crayton,WR,2007,DAL,159.7
Calvin Johnson,WR,2007,DET,158.8
Reggie Williams,WR,2007,JAX,157.7
Santana Moss,WR,2007,WAS,157.1
Laveranues Coles,WR,2007,NYJ,155.6
Ronald Curry,WR,2007,LV,154.8
Amani Toomer,WR,2007,NYG,153
Isaac Bruce,WR,2007,LA,151.9
Jerry Porter,WR,2007,LV,150.5
Roydell Williams,WR,2007,TEN,149.2
David Patten,WR,2007,NO,148.7
Arnaz Battle,WR,2007,SF,144.4
Justin Gage,WR,2007,TEN,142
Deion Branch,WR,2007,SEA,139.1
Ike Hilliard,WR,2007,TB,136.8
Donte' Stallworth,WR,2007,NE,134.9
Bobby Wade,WR,2007,MIN,134.5
Mike Furrey,WR,2007,DET,133.4
Brandon Stokley,WR,2007,DEN,132.9
Joe Jurevicius,WR,2007,CLE,131.4
Dennis Northcutt,WR,2007,JAX,130.8
Michael Jenkins,WR,2007,ATL,130.2
Andre Davis,WR,2007,HOU,129.3
James Jones,WR,2007,GB,122.6
Vincent Jackson,WR,2007,LAC,121.3
Muhsin Muhammad,WR,2007,CHI,115
Ernest Wilford,WR,2007,JAX,114.8
Darrell Jackson,WR,2007,SF,113.7
Drew Carter,WR,2007,CAR,113.7
Anthony Gonzalez,WR,2007,IND,112.6
Jabar Gaffney,WR,2007,NE,110.9
Marty Booker,WR,2007,MIA,110.8
Josh Reed,WR,2007,BUF,109.8
Bryant Johnson,WR,2007,ARI,109.5
Nate Washington,WR,2007,PIT,104
Mark Clayton,WR,2007,BAL,101.1
Sidney Rice,WR,2007,MIN,98.36
Devin Hester,WR,2007,CHI,96.9
Ted Ginn,WR,2007,MIA,94.3
Roscoe Parrish,WR,2007,BUF,90.1
Drew Bennett,WR,2007,LA,88.5
D.J. Hackett,WR,2007,SEA,88.4
Laurent Robinson,WR,2007,ATL,84.7
Devery Henderson,WR,2007,NO,80.9
Lance Moore,WR,2007,NO,80.9
Derek Hagan,WR,2007,MIA,80.3
Matt Jones,WR,2007,JAX,79.7
Robert Ferguson,WR,2007,MIN,77.1
Devard Darling,WR,2007,BAL,68.6
Chris Henry,WR,2007,CIN,67.3
Jerheme Urban,WR,2007,ARI,66.9
Eric Moulds,WR,2007,TEN,66.2
Samie Parker,WR,2007,KC,65.5
Keary Colbert,WR,2007,CAR,65.2
Ruvell Martin,WR,2007,GB,64.2
Jeff Webb,WR,2007,KC,64
Jason Avant,WR,2007,PHI,61.8
Brandon Jones,WR,2007,TEN,61.5
Greg Lewis,WR,2007,PHI,57.5
Joe Horn,WR,2007,ATL,57.3
Sam Hurd,WR,2007,DAL,56.4
Javon Walker,WR,2007,DEN,54.4
Michael Clayton,WR,2007,TB,54.3
Keenan McCardell,WR,2007,WAS,53.6
Koren Robinson,WR,2007,GB,51.6
Troy Williamson,WR,2007,MIN,50.9
Marvin Harrison,WR,2007,IND,50.7
Cedrick Wilson,WR,2007,PIT,50.4
Demetrius Williams,WR,2007,BAL,49
Craig Davis,WR,2007,LAC,45.7
Justin McCareins,WR,2007,NYJ,42.2
Sinorice Moss,WR,2007,NYG,41.9
Glenn Holt,WR,2007,CIN,40.8
Antonio Chatman,WR,2007,CIN,40.4
Terrance Copper,WR,2007,NO,39.6
Glenn Martinez,WR,2007,DEN,36.5
Hank Baskett,WR,2007,PHI,36.2
Ben Obomanu,WR,2007,SEA,36
Greg Camarillo,WR,2007,MIA,36
Rashied Davis,WR,2007,CHI,33.5
Josh Cribbs,WR,2007,CLE,32.8
James Thrash,WR,2007,WAS,31.7
David Anderson,WR,2007,HOU,31.1
Reche Caldwell,WR,2007,WAS,29.1
Tim Dwight,WR,2007,LV,29
Jacoby Jones,WR,2007,HOU,27.8
Tim Carter,WR,2007,CLE,25.7
Troy Walters,WR,2007,DET,25.1
Craphonso Thorpe,WR,2007,IND,25
Maurice Stovall,WR,2007,TB,24.6
Steve Breaston,WR,2007,ARI,24
Aundrae Allison,WR,2007,MIN,23.6
Eddie Kennison,WR,2007,KC,23.6
John Broussard,WR,2007,JAX,22.6
Sean Morey,WR,2007,ARI,22.4
Ashley Lelie,WR,2007,SF,21.5
Brandon Middleton,WR,2007,DET,21
Mark Bradley,WR,2007,CHI,19.1
Adam Jennings,WR,2007,ATL,18.2
Marques Hagans,WR,2007,LA,17.7
Bryan Gilmore,WR,2007,SF,17.3
Malcom Floyd,WR,2007,LAC,16.7
Devin Aromashodu,WR,2007,IND,16.6
Yamon Figurs,WR,2007,BAL,16.5
Dante Hall,WR,2007,LA,15.5
Legedu Naanee,WR,2007,LAC,14.9
Wallace Wright,WR,2007,NYJ,14.7
Aaron Moorehead,WR,2007,IND,14.5
Dwayne Jarrett,WR,2007,CAR,14.4
Steve Smith,WR,2007,NYG,14.3
Mike Williams,WR,2007,LV,14
Peerless Price,WR,2007,BUF,13.8
Chad Lucas,WR,2007,TB,13.2
Cory Ross,WR,2007,BAL,13.2
Miles Austin,WR,2007,DAL,12.6
Nate Jackson,WR,2007,DEN,12.4
Taylor Jacobs,WR,2007,SF,12.2
Johnnie Lee Higgins,WR,2007,LV,11.1
Dane Looker,WR,2007,LA,9.8
Willie Reid,WR,2007,PIT,9.4
Courtney Taylor,WR,2007,SEA,8.8
Chris Davis,WR,2007,TEN,8.7
Jerome Mathis,WR,2007,HOU,8.5
Skyler Green,WR,2007,CIN,8.1
David Tyree,WR,2007,NYG,7.5
Ryne Robinson,WR,2007,CAR,7.5
Anthony Mix,WR,2007,NYG,6.9
Domenik Hixon,WR,2007,NYG,6.7
Micheal Spurlock,WR,2007,TB,6
Brian Clark,WR,2007,DEN,4.3
Kassim Osgood,WR,2007,LAC,4.3
Brandon Lloyd,WR,2007,WAS,3.4
Chris McFoy,WR,2007,LV,2.9
Tab Perry,WR,2007,CIN,2.6
Shaun Bodiford,WR,2007,GB,2.3
Matt Willis,WR,2007,BAL,2.1
Sam Aiken,WR,2007,BUF,2
Biren Ealy,WR,2007,TEN,1.6
Chris Davis,WR,2007,NYJ,1.6
Jason Hill,WR,2007,SF,1.6
Marcus Maxwell,WR,2007,CIN,1.5
Travis Taylor,WR,2007,LA,1.4
Derek Stanley,WR,2007,LA,0.5
Eddie Drummond,WR,2007,KC,-0.3
Le'Ron McClain,FB,2008,BAL,186
Leonard Weaver,FB,2008,SEA,65.2
Ahmard Hall,FB,2008,TEN,40.9
Michael Robinson,FB,2008,SF,40.2
Mike Tolbert,FB,2008,LAC,39.8
B.J. Askew,FB,2008,TB,33
Vonta Leach,FB,2008,HOU,28.4
John Kuhn,FB,2008,GB,25.1
Mike Karney,FB,2008,NO,23.8
Jason Snelling,FB,2008,ATL,23.1
Lawrence Vickers,FB,2008,CLE,20.9
Madison Hedgecock,FB,2008,NYG,19.2
Naufahu Tahi,FB,2008,MIN,17.7
Lousaka Polite,FB,2008,MIA,16.9
Ovie Mughelli,FB,2008,ATL,15.3
Jerome Felton,FB,2008,DET,14.7
Lorenzo Neal,FB,2008,BAL,13
Brad Hoover,FB,2008,CAR,11.7
Mike Cox,FB,2008,KC,11.7
Heath Evans,FB,2008,NE,11.2
Owen Schmitt,FB,2008,SEA,11
Deon Anderson,FB,2008,DAL,9
Luke Lawton,FB,2008,LV,9
Casey Cramer,FB,2008,MIA,8.3
Tony Richardson,FB,2008,NYJ,7.9
Darian Barnes,FB,2008,BUF,5.4
Tim Castille,FB,2008,ARI,5.1
Terrelle Smith,FB,2008,ARI,4.4
Corey McIntyre,FB,2008,BUF,1.9
Dan Kreider,FB,2008,LA,0
Drew Brees,QB,2008,NO,302.66
Aaron Rodgers,QB,2008,GB,290.22
Philip Rivers,QB,2008,LAC,278.56
Jay Cutler,QB,2008,DEN,277
Kurt Warner,QB,2008,ARI,261.08
Peyton Manning,QB,2008,IND,254.18
Matt Cassel,QB,2008,NE,244.82
Donovan McNabb,QB,2008,PHI,243.66
Chad Pennington,QB,2008,MIA,217.92
Tyler Thigpen,QB,2008,KC,217.62
David Garrard,QB,2008,JAX,217.4
Tony Romo,QB,2008,DAL,204.02
Jason Campbell,QB,2008,WAS,199.6
Eli Manning,QB,2008,NYG,198.52
Matt Ryan,QB,2008,ATL,196
Brett Favre,QB,2008,NYJ,191.18
Kyle Orton,QB,2008,CHI,186.06
Joe Flacco,QB,2008,BAL,184.24
Ben Roethlisberger,QB,2008,PIT,178.66
Jake Delhomme,QB,2008,CAR,175.46
Matt Schaub,QB,2008,HOU,174.52
Jeff Garcia,QB,2008,TB,163.58
Trent Edwards,QB,2008,BUF,153.66
Kerry Collins,QB,2008,TEN,146.14
Shaun Hill,QB,2008,SF,143.34
JaMarcus Russell,QB,2008,LV,137.62
Marc Bulger,QB,2008,LA,126.88
Ryan Fitzpatrick,QB,2008,CIN,123.3
Gus Frerotte,QB,2008,MIN,108.98
Seneca Wallace,QB,2008,SEA,101.08
Derek Anderson,QB,2008,CLE,90.4
Dan Orlovsky,QB,2008,DET,87.54
Tarvaris Jackson,QB,2008,MIN,82.24
J.T. O'Sullivan,QB,2008,SF,81.62
Sage Rosenfels,QB,2008,HOU,60.94
Matt Hasselbeck,QB,2008,SEA,55.54
Brian Griese,QB,2008,TB,46.82
Daunte Culpepper,QB,2008,DET,41.94
Jon Kitna,QB,2008,DET,40.92
Carson Palmer,QB,2008,CIN,37.24
J.P. Losman,QB,2008,BUF,32.36
Brad Smith,QB,2008,NYJ,29.12
Brady Quinn,QB,2008,CLE,26.82
Byron Leftwich,QB,2008,PIT,26.82
Rex Grossman,QB,2008,CHI,26.68
Damon Huard,QB,2008,KC,18.38
Brad Johnson,QB,2008,DAL,14.98
Troy Smith,QB,2008,BAL,14.28
David Carr,QB,2008,NYG,13.6
Vince Young,QB,2008,TEN,11.46
Matt Leinart,QB,2008,ARI,11.06
Drew Stanton,QB,2008,DET,10.76
Charlie Frye,QB,2008,SEA,10.32
Quinn Gray,QB,2008,KC,9.74
Trent Green,QB,2008,LA,9.4
Jim Sorgi,QB,2008,IND,7.92
Brodie Croyle,QB,2008,KC,6.04
Brooks Bollinger,QB,2008,DAL,4.84
Andrew Walter,QB,2008,LV,4.06
Tom Brady,QB,2008,NE,3.04
Chad Henne,QB,2008,MIA,2.68
Luke McCown,QB,2008,TB,1.5
Marques Tuiasosopo,QB,2008,LV,1.26
Ken Dorsey,QB,2008,CLE,0.96
Drew Henson,QB,2008,DET,0.8
Matt Flynn,QB,2008,GB,0.64
Kevin O'Connell,QB,2008,NE,0.32
Chris Simms,QB,2008,TEN,0.28
Brock Berlin,QB,2008,LA,0.24
Dennis Dixon,QB,2008,PIT,-0.18
Cleo Lemon,QB,2008,JAX,-0.3
Josh McCown,QB,2008,CAR,-0.3
Patrick Ramsey,QB,2008,DEN,-1.24
Kellen Clemens,QB,2008,NYJ,-1.26
Jordan Palmer,QB,2008,CIN,-1.96
Kevin Kolb,QB,2008,PHI,-2.04
Bruce Gradkowski,QB,2008,CLE,-4.76
DeAngelo Williams,RB,2008,CAR,307.9
Matt Forte,RB,2008,CHI,305.5
Maurice Jones-Drew,RB,2008,JAX,278.9
Michael Turner,RB,2008,ATL,278
LaDainian Tomlinson,RB,2008,LAC,277.1
Thomas Jones,RB,2008,NYJ,275.9
Steve Slaton,RB,2008,HOU,271.9
Brian Westbrook,RB,2008,PHI,269.8
Adrian Peterson,RB,2008,MIN,261.2
Chris Johnson,RB,2008,TEN,249.8
Clinton Portis,RB,2008,WAS,246.5
Marshawn Lynch,RB,2008,BUF,233.7
Marion Barber,RB,2008,DAL,230.2
Frank Gore,RB,2008,SF,227.9
Steven Jackson,RB,2008,LA,224.2
Ronnie Brown,RB,2008,MIA,213.24
Kevin Smith,RB,2008,DET,211.1
Brandon Jacobs,RB,2008,NYG,206.5
Derrick Ward,RB,2008,NYG,193.9
Kevin Faulk,RB,2008,NE,193.22
Pierre Thomas,RB,2008,NO,191.9
Reggie Bush,RB,2008,NO,186.4
Dominic Rhodes,RB,2008,IND,185
Leon Washington,RB,2008,NYJ,181.3
Ryan Grant,RB,2008,GB,173.9
LenDale White,RB,2008,TEN,171.9
Warrick Dunn,RB,2008,TB,170.6
Mewelde Moore,RB,2008,PIT,166.8
Jamal Lewis,RB,2008,CLE,163
Chester Taylor,RB,2008,MIN,160.96
Tim Hightower,RB,2008,ARI,155.9
Jonathan Stewart,RB,2008,CAR,154.2
Jerious Norwood,RB,2008,ATL,152.7
Sammy Morris,RB,2008,NE,145.8
Willis McGahee,RB,2008,BAL,144.4
Ricky Williams,RB,2008,MIA,142.8
Antwaan Randle El,RB,2008,WAS,142.64
Fred Jackson,RB,2008,BUF,140.7
Darren Sproles,RB,2008,LAC,140.2
Joseph Addai,RB,2008,IND,140
Larry Johnson,RB,2008,KC,138.96
Darren McFadden,RB,2008,LV,129.4
Cedric Benson,RB,2008,CIN,123.2
Earnest Graham,RB,2008,TB,120.82
Correll Buckhalter,RB,2008,PHI,119.3
Willie Parker,RB,2008,PIT,114.4
Deuce McAllister,RB,2008,NO,108.6
Justin Fargas,RB,2008,LV,104.7
Ray Rice,RB,2008,BAL,103.7
Peyton Hillis,RB,2008,DEN,102.2
Maurice Morris,RB,2008,SEA,100
Tashard Choice,RB,2008,DAL,98.7
Julius Jones,RB,2008,SEA,98.4
Michael Bush,RB,2008,LV,93.42
J.J. Arrington,RB,2008,ARI,92.2
Jamaal Charles,RB,2008,KC,91.9
Edgerrin James,RB,2008,ARI,87.9
Fred Taylor,RB,2008,JAX,85.4
Brandon Jackson,RB,2008,GB,79.3
Michael Pittman,RB,2008,DEN,77.3
Patrick Cobbs,RB,2008,MIA,73.3
Ladell Betts,RB,2008,WAS,66.6
T.J. Duckett,RB,2008,SEA,65.2
BenJarvus Green-Ellis,RB,2008,NE,64.2
DeShaun Foster,RB,2008,SF,62.7
Ahman Green,RB,2008,HOU,61.6
Chris Perry,RB,2008,CIN,61
Antonio Pittman,RB,2008,LA,60.4
LaMont Jordan,RB,2008,NE,60.3
Jerome Harrison,RB,2008,CLE,60.2
Cadillac Williams,RB,2008,TB,58.6
Ahmad Bradshaw,RB,2008,NYG,56.7
Rudi Johnson,RB,2008,DET,56.5
Felix Jones,RB,2008,DAL,53.6
Tatum Bell,RB,2008,DEN,52.6
Jason Wright,RB,2008,CLE,52.1
Kenneth Darby,RB,2008,LA,49.3
Jacob Hester,RB,2008,LAC,40.6
Selvin Young,RB,2008,DEN,38.9
Jason McKie,RB,2008,CHI,36
Greg Jones,RB,2008,JAX,31.9
Kolby Smith,RB,2008,KC,31.2
Gary Russell,RB,2008,PIT,26.5
Montell Owens,RB,2008,JAX,26
Aaron Stecker,RB,2008,NO,24.5
P.J. Pope,RB,2008,DEN,24.4
Justin Griffith,RB,2008,LV,23.7
DeShawn Wynn,RB,2008,GB,23
Adrian Peterson,RB,2008,CHI,20.5
Ryan Moats,RB,2008,HOU,19.8
Clifton Smith,RB,2008,TB,18.4
Korey Hall,RB,2008,GB,16.8
Chad Simpson,RB,2008,IND,16.5
Quinton Ganther,RB,2008,TEN,16.4
Andre Hall,RB,2008,DEN,15.9
Tony Hunt,RB,2008,PHI,15.1
James Johnson,RB,2008,CIN,13.6
Kevin Jones,RB,2008,CHI,13.4
Garrett Wolfe,RB,2008,CHI,12.9
Ryan Torain,RB,2008,DEN,12.9
Mike Bell,RB,2008,NO,12.6
Najeh Davenport,RB,2008,IND,12.5
Lorenzo Booker,RB,2008,PHI,12.4
Travis Minor,RB,2008,LA,11.4
Carey Davis,RB,2008,PIT,11.2
Lance Ball,RB,2008,IND,9.8
Dan Klecko,RB,2008,PHI,9.6
Rashard Mendenhall,RB,2008,PIT,9.5
Alvin Pearman,RB,2008,JAX,9.3
Laurence Maroney,RB,2008,NE,9.3
Kenny Watson,RB,2008,CIN,8.9
Kyle Eckel,RB,2008,PHI,7.9
DeDe Dorsey,RB,2008,CIN,7.7
Aveion Cason,RB,2008,DET,7.4
Dantrell Savage,RB,2008,KC,7.3
Kregg Lumpkin,RB,2008,GB,7.1
Moran Norris,RB,2008,DET,5.7
Jameel Cook,RB,2008,TB,5.4
Charles Ali,RB,2008,CLE,5.3
Shaun Alexander,RB,2008,WAS,4.3
Nick Goings,RB,2008,CAR,4.1
Chris Taylor,RB,2008,HOU,3.7
Mike Hart,RB,2008,IND,3.7
Jesse Chatman,RB,2008,NYJ,3.3
Chauncey Washington,RB,2008,JAX,2.8
Jalen Parmele,RB,2008,BAL,2.7
Michael Bennett,RB,2008,TB,2.4
Jason Davis,RB,2008,CHI,2.2
Rock Cartwright,RB,2008,WAS,1.7
Thomas Tapeh,RB,2008,MIN,1.7
D.J. Ware,RB,2008,NYG,1.5
Samkon Gado,RB,2008,LA,1.3
Jackie Battle,RB,2008,KC,0.8
Olaniyi Sobomehin,RB,2008,NO,0.8
Brian Leonard,RB,2008,LA,0.7
Xavier Omon,RB,2008,BUF,0.5
Chris Henry,RB,2008,TEN,0.3
Cecil Sapp,RB,2008,HOU,-0.3
Tony Gonzalez,TE,2008,KC,261.8
Jason Witten,TE,2008,DAL,201.88
Dallas Clark,TE,2008,IND,195.8
Antonio Gates,TE,2008,LAC,176.4
Chris Cooley,TE,2008,WAS,169.9
Owen Daniels,TE,2008,HOU,166.2
John Carlson,TE,2008,SEA,147.7
Visanthe Shiancoe,TE,2008,MIN,143.6
Zach Miller,TE,2008,LV,139.8
Greg Olsen,TE,2008,CHI,137.4
Bo Scaife,TE,2008,TEN,126.2
Anthony Fasano,TE,2008,MIA,121.4
Tony Scheffler,TE,2008,DEN,120.4
Dustin Keller,TE,2008,NYJ,119.5
Heath Miller,TE,2008,PIT,115.4
Billy Miller,TE,2008,NO,108.9
Kevin Boss,TE,2008,NYG,107.4
Marcedes Lewis,TE,2008,JAX,101.9
Kellen Winslow,TE,2008,CLE,101.8
Donald Lee,TE,2008,GB,99.3
Daniel Graham,TE,2008,DEN,94.9
Jeremy Shockey,TE,2008,NO,94.3
Todd Heap,TE,2008,BAL,91.3
David Martin,TE,2008,MIA,91
Jerramy Stevens,TE,2008,TB,85.5
L.J. Smith,TE,2008,PHI,84.8
Desmond Clark,TE,2008,CHI,83.7
Vernon Davis,TE,2008,SF,77.9
Martellus Bennett,TE,2008,DAL,72.3
Robert Royal,TE,2008,BUF,70.1
Alex Smith,TE,2008,TB,66
Brent Celek,TE,2008,PHI,64.8
Alge Crumpler,TE,2008,TEN,55.7
Benjamin Watson,TE,2008,NE,52.9
Reggie Kelly,TE,2008,CIN,51.7
Michael Gaines,TE,2008,DET,51
Steve Heiden,TE,2008,CLE,47.9
Jeff King,TE,2008,CAR,46.5
Dante Rosario,TE,2008,CAR,44.9
Justin Peelle,TE,2008,ATL,42.9
Chris Baker,TE,2008,NYJ,40.4
Brandon Manumaleuna,TE,2008,LAC,39.7
John Gilmore,TE,2008,TB,37.9
Derek Schouman,TE,2008,BUF,36.3
Mark Campbell,TE,2008,NO,36.1
Gijon Robinson,TE,2008,IND,35.6
Matt Spaeth,TE,2008,PIT,30.6
Delanie Walker,TE,2008,SF,30.2
Casey Fitzsimmons,TE,2008,DET,28.5
Ben Utecht,TE,2008,CIN,28.3
Mike Sellers,TE,2008,WAS,28.2
Tory Humphrey,TE,2008,GB,27.2
Derek Fine,TE,2008,BUF,25.4
Randy McMichael,TE,2008,LA,24.9
Tom Santi,TE,2008,IND,22.4
Ben Patrick,TE,2008,ARI,21.4
Greg Estandia,TE,2008,JAX,21.3
Joe Klopfenstein,TE,2008,LA,21.3
Darcy Johnson,TE,2008,NYG,20.6
John Owens,TE,2008,DET,19.6
Jermichael Finley,TE,2008,GB,19.4
Tony Stewart,TE,2008,LV,19.1
Todd Yoder,TE,2008,WAS,19
Daniel Wilcox,TE,2008,BAL,18.9
Joel Dreessen,TE,2008,HOU,18.7
David Thomas,TE,2008,NE,18.3
Leonard Pope,TE,2008,ARI,16.7
Jimmy Kleinsasser,TE,2008,MIN,15.2
Daniel Fells,TE,2008,LA,15.1
Darnell Dinkins,TE,2008,CLE,15.1
Richard Angulo,TE,2008,JAX,14.3
Brad Cottam,TE,2008,KC,13.3
Garrett Mills,TE,2008,MIN,11.5
Tony Curtis,TE,2008,DAL,11.2
Bubba Franks,TE,2008,NYJ,10.7
Joey Haynos,TE,2008,MIA,10.2
Anthony Becht,TE,2008,LA,9.9
Jerame Tuman,TE,2008,ARI,7.1
Ben Hartsock,TE,2008,ATL,5.6
George Wrighster,TE,2008,JAX,5.5
Billy Bajema,TE,2008,SF,5.4
Fred Davis,TE,2008,WAS,5.4
Sean McHugh,TE,2008,PIT,5.4
Will Heller,TE,2008,SEA,4.9
Michael Matthews,TE,2008,NYG,4.6
Sean Ryan,TE,2008,SF,4.5
Isaiah Stanback,TE,2008,DAL,4.4
Jacob Tamme,TE,2008,IND,4.2
Daniel Coats,TE,2008,CIN,3.9
Jeff Dugan,TE,2008,MIN,3.9
Martin Rucker,TE,2008,CLE,3.7
Stephen Spach,TE,2008,ARI,3.5
Dan Campbell,TE,2008,DET,3.1
Nate Lawrie,TE,2008,CIN,3.1
Matt Schobel,TE,2008,PHI,3
Craig Stevens,TE,2008,TEN,1.9
Jason Rader,TE,2008,ATL,1.6
Buck Ortega,TE,2008,NO,1.3
Andre Johnson,WR,2008,HOU,320.5
Larry Fitzgerald,WR,2008,ARI,311.4
Calvin Johnson,WR,2008,DET,281
Roddy White,WR,2008,ATL,266.6
Greg Jennings,WR,2008,GB,265.2
Brandon Marshall,WR,2008,DEN,260.1
Anquan Boldin,WR,2008,ARI,259.5
Steve Smith,WR,2008,CAR,257.7
Antonio Bryant,WR,2008,TB,250
Wes Welker,WR,2008,NE,249.1
Terrell Owens,WR,2008,DAL,235.5
Reggie Wayne,WR,2008,IND,234.5
Randy Moss,WR,2008,NE,231.8
Dwayne Bowe,WR,2008,KC,230.2
Eddie Royal,WR,2008,DEN,229.9
Lance Moore,WR,2008,NO,229.8
Hines Ward,WR,2008,PIT,228.7
Santana Moss,WR,2008,WAS,226.1
Vincent Jackson,WR,2008,LAC,215.7
Derrick Mason,WR,2008,BAL,214
T.J. Houshmandzadeh,WR,2008,CIN,207.3
Donald Driver,WR,2008,GB,205.6
Kevin Walter,WR,2008,HOU,200.2
Laveranues Coles,WR,2008,NYJ,197.9
Steve Breaston,WR,2008,ARI,196.1
Bernard Berrian,WR,2008,MIN,195
Jerricho Cotchery,WR,2008,NYJ,187.6
Muhsin Muhammad,WR,2008,CAR,185.3
Isaac Bruce,WR,2008,SF,185
Lee Evans,WR,2008,BUF,184.9
DeSean Jackson,WR,2008,PHI,184.8
Ted Ginn,WR,2008,MIA,166.3
Santonio Holmes,WR,2008,PIT,166
Braylon Edwards,WR,2008,CLE,164.7
Torry Holt,WR,2008,LA,161.6
Marques Colston,WR,2008,NO,153
Donnie Avery,WR,2008,LA,152.3
Marvin Harrison,WR,2008,IND,151.6
Matt Jones,WR,2008,JAX,149
Mark Clayton,WR,2008,BAL,147.88
Michael Jenkins,WR,2008,ATL,147.7
Anthony Gonzalez,WR,2008,IND,147.4
Devin Hester,WR,2008,CHI,142.6
Justin Gage,WR,2008,TEN,135.1
Devery Henderson,WR,2008,NO,132.6
Chad Johnson,WR,2008,CIN,131
Amani Toomer,WR,2008,NYG,130
Bobby Wade,WR,2008,MIN,129.5
Greg Camarillo,WR,2008,MIA,128.4
Nate Washington,WR,2008,PIT,122.9
Josh Reed,WR,2008,BUF,121.7
Steve Smith,WR,2008,NYG,120.4
Brandon Stokley,WR,2008,DEN,119.8
Domenik Hixon,WR,2008,NYG,119.2
Patrick Crayton,WR,2008,DAL,119.1
Bryant Johnson,WR,2008,SF,117.6
Davone Bess,WR,2008,MIA,116.7
Ike Hilliard,WR,2008,TB,111.4
Dennis Northcutt,WR,2008,JAX,109.4
Chris Chambers,WR,2008,LAC,109.3
Plaxico Burress,WR,2008,NYG,104.4
Johnnie Lee Higgins,WR,2008,LV,104
Jerheme Urban,WR,2008,ARI,103.52
Jabar Gaffney,WR,2008,NE,98.8
Malcom Floyd,WR,2008,LAC,97.5
Bobby Engram,WR,2008,SEA,95.9
Brandon Jones,WR,2008,TEN,95.4
Deion Branch,WR,2008,SEA,95.2
Hank Baskett,WR,2008,PHI,94.8
Reggie Williams,WR,2008,JAX,93.5
Rashied Davis,WR,2008,CHI,92.9
Roy Williams,WR,2008,DAL,92.3
Mark Bradley,WR,2008,KC,91.48
Michael Clayton,WR,2008,TB,90.9
Chansi Stuckey,WR,2008,NYJ,86
Kevin Curtis,WR,2008,PHI,84
Koren Robinson,WR,2008,SEA,82.6
Brandon Lloyd,WR,2008,CHI,82.4
Jason Avant,WR,2008,PHI,81.7
Jordy Nelson,WR,2008,GB,81.6
Harry Douglas,WR,2008,ATL,79.9
Jason Hill,WR,2008,SF,75.4
Shaun McDonald,WR,2008,DET,72.9
Josh Morgan,WR,2008,SF,69.9
Justin McCareins,WR,2008,TEN,69
Robert Meachem,WR,2008,NO,66.9
Dane Looker,WR,2008,LA,60.78
Roscoe Parrish,WR,2008,BUF,60.1
Miles Austin,WR,2008,DAL,58.8
Arnaz Battle,WR,2008,SF,57.6
David Anderson,WR,2008,HOU,55.1
James Jones,WR,2008,GB,53.4
Sidney Rice,WR,2008,MIN,53.1
Chris Henry,WR,2008,CIN,53
Reggie Brown,WR,2008,PHI,49.8
Greg Lewis,WR,2008,PHI,49.7
Chaz Schilens,WR,2008,LV,49.4
Ronald Curry,WR,2008,LV,49.2
Devard Darling,WR,2008,KC,47.7
Marty Booker,WR,2008,CHI,47.4
Ashley Lelie,WR,2008,LV,42.7
Brian Finneran,WR,2008,ATL,41.9
Javon Walker,WR,2008,LV,40.6
Donte' Stallworth,WR,2008,CLE,39.6
Sinorice Moss,WR,2008,NYG,39.3
Antonio Chatman,WR,2008,CIN,38.8
Josh Cribbs,WR,2008,CLE,38.42
Devin Thomas,WR,2008,WAS,38.3
Ruvell Martin,WR,2008,GB,37.9
Mike Sims-Walker,WR,2008,JAX,37.7
John Standeford,WR,2008,DET,37.4
Darrell Jackson,WR,2008,DEN,37
Demetrius Williams,WR,2008,BAL,37
Keenan Burton,WR,2008,LA,37
Mike Furrey,WR,2008,DET,36.1
Syndric Steptoe,WR,2008,CLE,35.2
Jerry Porter,WR,2008,JAX,35.1
Andre Davis,WR,2008,HOU,34.3
David Patten,WR,2008,NO,33.2
Steve Johnson,WR,2008,BUF,32.8
James Hardy,WR,2008,BUF,29.7
Keary Colbert,WR,2008,DET,29.6
D.J. Hackett,WR,2008,CAR,29.1
Joey Galloway,WR,2008,TB,26.8
Nate Jackson,WR,2008,DEN,25.3
Andre Caldwell,WR,2008,CIN,24.1
Dante Hall,WR,2008,LA,23.4
James Thrash,WR,2008,WAS,23.1
Early Doucet,WR,2008,ARI,23
Jacoby Jones,WR,2008,HOU,22.6
Dwayne Jarrett,WR,2008,CAR,21.9
Aundrae Allison,WR,2008,MIN,21
Derek Stanley,WR,2008,LA,19.9
Courtney Taylor,WR,2008,SEA,18.8
Sam Aiken,WR,2008,NE,18.1
Billy McMullen,WR,2008,SEA,17.4
Nate Burleson,WR,2008,SEA,17
Legedu Naanee,WR,2008,LAC,16.4
Michael Bumpus,WR,2008,SEA,15.8
Will Franklin,WR,2008,KC,15.3
Dominique Zeigler,WR,2008,SF,14.7
Troy Williamson,WR,2008,JAX,14.1
Lavelle Hawkins,WR,2008,TEN,13.8
Limas Sweed,WR,2008,PIT,12.4
Glenn Holt,WR,2008,CIN,11.6
Yamon Figurs,WR,2008,BAL,11.3
Laurent Robinson,WR,2008,ATL,10.2
Craig Davis,WR,2008,LAC,9.9
Jeff Webb,WR,2008,KC,9.6
Derek Hagan,WR,2008,MIA,8.1
Logan Payne,WR,2008,SEA,6.9
Pierre Garcon,WR,2008,IND,6.3
Glenn Martinez,WR,2008,DEN,6.2
Brandon London,WR,2008,MIA,6
Ernest Wilford,WR,2008,MIA,5.5
Robert Ferguson,WR,2008,MIN,5.5
Mario Manningham,WR,2008,NYG,5.4
Mark Jones,WR,2008,CAR,5.2
Chris Davis,WR,2008,TEN,5.1
Malcolm Kelly,WR,2008,WAS,4.8
David Clowney,WR,2008,NYJ,3.6
Maurice Stovall,WR,2008,TB,3.5
Brandon Middleton,WR,2008,DET,3.3
Chad Jackson,WR,2008,DEN,2.9
Steve Sanders,WR,2008,CLE,2.8
Brian Clark,WR,2008,TB,2.2
Marques Hagans,WR,2008,KC,2.1
Roy Hall,WR,2008,IND,1.9
Paul Williams,WR,2008,TEN,1.7
Dallas Baker,WR,2008,PIT,1.6
Drew Bennett,WR,2008,LA,1.4
Eric Weems,WR,2008,ATL,1.4
Kelley Washington,WR,2008,NE,1.3
Jerome Simpson,WR,2008,CIN,1.2
Jason Snelling,FB,2009,ATL,145.2
Leonard Weaver,FB,2009,PHI,85.3
Mike Tolbert,FB,2009,LAC,75
Le'Ron McClain,FB,2009,BAL,65.1
Lex Hilliard,FB,2009,MIA,62.7
Vonta Leach,FB,2009,HOU,41.5
Heath Evans,FB,2009,NO,36.6
John Kuhn,FB,2009,GB,31.5
Jerome Felton,FB,2009,DET,30.9
Lousaka Polite,FB,2009,MIA,28.4
Mike Cox,FB,2009,KC,24.4
Brad Hoover,FB,2009,CAR,23.5
Naufahu Tahi,FB,2009,MIN,23.2
Ovie Mughelli,FB,2009,ATL,19.1
Lawrence Vickers,FB,2009,CLE,16.7
Ahmard Hall,FB,2009,TEN,16.4
Corey McIntyre,FB,2009,BUF,15.9
Tim Castille,FB,2009,KC,15.2
Owen Schmitt,FB,2009,SEA,14.1
James Casey,FB,2009,HOU,12.4
Madison Hedgecock,FB,2009,NYG,12.3
Luke Lawton,FB,2009,LV,10.1
Jeremi Johnson,FB,2009,CIN,8.9
Tony Richardson,FB,2009,NYJ,8.8
Michael Robinson,FB,2009,SF,8.6
Mike Karney,FB,2009,LA,8.4
Dan Kreider,FB,2009,ARI,6
Verron Haynes,FB,2009,ATL,5
Jake Nordin,FB,2009,DET,4.6
Marcel Reece,FB,2009,LV,4
Terrelle Smith,FB,2009,DET,2.7
Quinn Johnson,FB,2009,GB,2.4
B.J. Askew,FB,2009,TB,2.3
Deon Anderson,FB,2009,DAL,1.5
Chris Pressley,FB,2009,TB,1.2
Oren O'Neal,FB,2009,LV,0
Tony Fiammetta,FB,2009,CAR,0
Josh Brown,K,2009,LA,5.44
Phil Dawson,K,2009,CLE,0.4
Aaron Rodgers,QB,2009,GB,343.76
Drew Brees,QB,2009,NO,293.42
Brett Favre,QB,2009,MIN,283.58
Matt Schaub,QB,2009,HOU,280.9
Peyton Manning,QB,2009,IND,278.7
Tony Romo,QB,2009,DAL,273.82
Tom Brady,QB,2009,NE,270.32
Philip Rivers,QB,2009,LAC,269.16
Ben Roethlisberger,QB,2009,PIT,267.02
Donovan McNabb,QB,2009,PHI,235.32
Eli Manning,QB,2009,NYG,231.34
Jay Cutler,QB,2009,CHI,227.84
David Garrard,QB,2009,JAX,220.18
Kurt Warner,QB,2009,ARI,219.32
Jason Campbell,QB,2009,WAS,218.32
Kyle Orton,QB,2009,DEN,215.18
Carson Palmer,QB,2009,CIN,209.06
Joe Flacco,QB,2009,BAL,206.72
Matt Ryan,QB,2009,ATL,183.54
Matt Cassel,QB,2009,KC,164.56
Matt Hasselbeck,QB,2009,SEA,161.06
Alex Smith,QB,2009,SF,145.5
Chad Henne,QB,2009,MIA,144.32
Vince Young,QB,2009,TEN,137.26
Mark Sanchez,QB,2009,NYJ,132.36
Matthew Stafford,QB,2009,DET,125.48
Josh Freeman,QB,2009,TB,94.48
Ryan Fitzpatrick,QB,2009,BUF,88.98
Brady Quinn,QB,2009,CLE,84.16
Jake Delhomme,QB,2009,CAR,78.6
Matt Moore,QB,2009,CAR,69.82
Trent Edwards,QB,2009,BUF,67.36
Marc Bulger,QB,2009,LA,66.96
Bruce Gradkowski,QB,2009,LV,62.96
Kerry Collins,QB,2009,TEN,60.5
Shaun Hill,QB,2009,SF,58.72
Brad Smith,QB,2009,NYJ,53.08
Daunte Culpepper,QB,2009,DET,46.9
Kevin Kolb,QB,2009,PHI,44.14
Seneca Wallace,QB,2009,SEA,43.1
Chris Redman,QB,2009,ATL,41.64
Josh Johnson,QB,2009,TB,40.2
Kyle Boller,QB,2009,LA,39.56
Byron Leftwich,QB,2009,TB,34.36
Derek Anderson,QB,2009,CLE,34.32
JaMarcus Russell,QB,2009,LV,34.1
Mike Vick,QB,2009,PHI,28.94
Charlie Frye,QB,2009,LV,23.34
David Carr,QB,2009,NYG,21.7
Brodie Croyle,QB,2009,KC,17.2
Dennis Dixon,QB,2009,PIT,16.5
Chad Pennington,QB,2009,MIA,15.22
Keith Null,QB,2009,LA,14.92
Brian Hoyer,QB,2009,NE,14.18
Tarvaris Jackson,QB,2009,MIN,11.04
Matt Leinart,QB,2009,ARI,10.8
Billy Volek,QB,2009,LAC,10.34
Pat White,QB,2009,MIA,8.1
Troy Smith,QB,2009,BAL,8.06
Todd Collins,QB,2009,WAS,5.76
Drew Stanton,QB,2009,DET,5.66
Kellen Clemens,QB,2009,NYJ,5.1
Tyler Thigpen,QB,2009,MIA,3.62
Brian St. Pierre,QB,2009,ARI,2.68
Mark Brunell,QB,2009,NO,1.78
Brian Brohm,QB,2009,BUF,1.54
Charlie Batch,QB,2009,PIT,0.68
Matt Gutierrez,QB,2009,KC,0.12
Josh McCown,QB,2009,CAR,0.08
Luke McCown,QB,2009,JAX,0.08
J.P. Losman,QB,2009,LV,0
Matt Flynn,QB,2009,GB,-0.18
Rex Grossman,QB,2009,HOU,-0.18
J.T. O'Sullivan,QB,2009,CIN,-1.2
Caleb Hanie,QB,2009,CHI,-1.56
Jeff Garcia,QB,2009,PHI,-2.2
Chris Simms,QB,2009,DEN,-3.48
Curtis Painter,QB,2009,IND,-4.28
Chris Johnson,RB,2009,TEN,392.9
Ray Rice,RB,2009,BAL,326.1
Maurice Jones-Drew,RB,2009,JAX,323.5
Adrian Peterson,RB,2009,MIN,321.5
Frank Gore,RB,2009,SF,278.6
Joseph Addai,RB,2009,IND,248.28
Ricky Williams,RB,2009,MIA,247.5
Steven Jackson,RB,2009,LA,243.8
Thomas Jones,RB,2009,NYJ,240
Ryan Grant,RB,2009,GB,234
Jamaal Charles,RB,2009,KC,233.7
Matt Forte,RB,2009,CHI,217
Fred Jackson,RB,2009,BUF,214.38
Jonathan Stewart,RB,2009,CAR,207.2
Tim Hightower,RB,2009,ARI,205.6
DeAngelo Williams,RB,2009,CAR,203.9
Rashard Mendenhall,RB,2009,PIT,203.9
Pierre Thomas,RB,2009,NO,194.5
Knowshon Moreno,RB,2009,DEN,190
Cedric Benson,RB,2009,CIN,189.2
Kevin Smith,RB,2009,DET,181.6
Jerome Harrison,RB,2009,CLE,180.2
Marion Barber,RB,2009,DAL,179.3
Darren Sproles,RB,2009,LAC,177
LaDainian Tomlinson,RB,2009,LAC,176.4
Cadillac Williams,RB,2009,TB,174.5
Justin Forsett,RB,2009,SEA,165.9
Reggie Bush,RB,2009,NO,165.5
Steve Slaton,RB,2009,HOU,161.4
Willis McGahee,RB,2009,BAL,159.9
LeSean McCoy,RB,2009,PHI,158.5
Ahmad Bradshaw,RB,2009,NYG,157.5
Brandon Jacobs,RB,2009,NYG,153.9
Michael Turner,RB,2009,ATL,151.6
Julius Jones,RB,2009,SEA,148.5
Laurence Maroney,RB,2009,NE,145.6
Beanie Wells,RB,2009,ARI,143.6
Ronnie Brown,RB,2009,MIA,139.48
Chester Taylor,RB,2009,MIN,128.1
Correll Buckhalter,RB,2009,DEN,121.2
Kevin Faulk,RB,2009,NE,118.6
Felix Jones,RB,2009,DAL,115.4
Antwaan Randle El,RB,2009,WAS,103
Marshawn Lynch,RB,2009,BUF,100.9
Michael Bush,RB,2009,LV,100.4
Maurice Morris,RB,2009,DET,99.4
Mike Bell,RB,2009,NO,96.6
Justin Fargas,RB,2009,LV,95.4
Derrick Ward,RB,2009,TB,94.4
Ryan Moats,RB,2009,HOU,90.6
Tashard Choice,RB,2009,DAL,83.1
Brian Westbrook,RB,2009,PHI,82.5
Darren McFadden,RB,2009,LV,81.1
Rock Cartwright,RB,2009,WAS,80
Sammy Morris,RB,2009,NE,78.9
Larry Johnson,RB,2009,CIN,77.2
Clinton Portis,RB,2009,WAS,74.1
Donald Brown,RB,2009,IND,74
Brandon Jackson,RB,2009,GB,70.8
Jamal Lewis,RB,2009,CLE,68.8
Ladell Betts,RB,2009,WAS,67.9
Jerious Norwood,RB,2009,ATL,66.8
Mewelde Moore,RB,2009,PIT,64.34
Chris Brown,RB,2009,HOU,64.1
Brian Leonard,RB,2009,CIN,60.1
Shonn Greene,RB,2009,NYJ,60.1
Leon Washington,RB,2009,NYJ,59.1
Arian Foster,RB,2009,HOU,59
Quinton Ganther,RB,2009,WAS,56.8
Willie Parker,RB,2009,PIT,55.3
Fred Taylor,RB,2009,NE,52.6
Rashad Jennings,RB,2009,JAX,52.3
Bernard Scott,RB,2009,CIN,49.8
Glen Coffee,RB,2009,SF,47.2
Kenneth Darby,RB,2009,LA,42.8
Chris Jennings,RB,2009,CLE,42.6
LenDale White,RB,2009,TEN,36.6
Aaron Brown,RB,2009,DET,36.5
Justin Griffith,RB,2009,SEA,35.4
Lynell Hamilton,RB,2009,NO,34.3
Earnest Graham,RB,2009,TB,31.5
Chad Simpson,RB,2009,IND,31.3
LaRod Stephens-Howling,RB,2009,ARI,29.8
Jacob Hester,RB,2009,LAC,28.8
Jason Wright,RB,2009,ARI,28
Ahman Green,RB,2009,GB,26.8
Marcus Mason,RB,2009,WAS,24.5
Kahlil Bell,RB,2009,CHI,23.4
Mike Hart,RB,2009,IND,23.4
Danny Woodhead,RB,2009,NYJ,23.1
Gary Russell,RB,2009,LV,21.6
Garrett Wolfe,RB,2009,CHI,21.2
Moran Norris,RB,2009,SF,20.2
Michael Bennett,RB,2009,LAC,19
Tyrell Sutton,RB,2009,CAR,19
Edgerrin James,RB,2009,SEA,17.4
Peyton Hillis,RB,2009,DEN,17.3
Dantrell Savage,RB,2009,KC,16.6
D.J. Ware,RB,2009,NYG,15.8
BenJarvus Green-Ellis,RB,2009,NE,14.5
Eldra Buckley,RB,2009,PHI,10.4
Aaron Stecker,RB,2009,ATL,9.9
Louis Rankin,RB,2009,SEA,9.9
Korey Hall,RB,2009,GB,9.1
Patrick Cobbs,RB,2009,MIA,8.9
Greg Jones,RB,2009,JAX,8.7
LaMont Jordan,RB,2009,DEN,8.6
Adrian Peterson,RB,2009,CHI,8.2
Samkon Gado,RB,2009,LA,8.1
Chris Ogbonnaya,RB,2009,LA,7.9
Mike Goodson,RB,2009,CAR,6.4
Jason McKie,RB,2009,CHI,6.3
Kolby Smith,RB,2009,KC,6.2
James Davis,RB,2009,CLE,6
DeShawn Wynn,RB,2009,GB,5.8
Albert Young,RB,2009,MIN,5.3
Javon Ringer,RB,2009,TEN,4.8
Gartrell Johnson,RB,2009,NYG,4.3
Kyle Eckel,RB,2009,NO,4
Jackie Battle,RB,2009,KC,3.8
Xavier Omon,RB,2009,BUF,2.2
Jalen Parmele,RB,2009,BAL,1.7
Carey Davis,RB,2009,PIT,1.5
Matt Lawrence,RB,2009,BAL,1.4
Clifton Smith,RB,2009,TB,1.1
Javarris Williams,RB,2009,KC,0.6
Kory Sheets,RB,2009,MIA,0.5
Montell Owens,RB,2009,JAX,0.1
Brock Bolen,RB,2009,JAX,0
Dallas Clark,TE,2009,IND,271.7
Vernon Davis,TE,2009,SF,252.5
Antonio Gates,TE,2009,LAC,242.7
Brent Celek,TE,2009,PHI,221.1
Jason Witten,TE,2009,DAL,209
Tony Gonzalez,TE,2009,ATL,205.7
Kellen Winslow,TE,2009,TB,196.4
Heath Miller,TE,2009,PIT,190.9
Visanthe Shiancoe,TE,2009,MIN,178.6
Greg Olsen,TE,2009,CHI,169.2
Zach Miller,TE,2009,LV,164.5
Jermichael Finley,TE,2009,GB,150.6
John Carlson,TE,2009,SEA,150.4
Todd Heap,TE,2009,BAL,148.5
Fred Davis,TE,2009,WAS,134.9
Kevin Boss,TE,2009,NYG,130.3
Jeremy Shockey,TE,2009,NO,122.9
Owen Daniels,TE,2009,HOU,121.9
Dustin Keller,TE,2009,NYJ,109.9
Benjamin Watson,TE,2009,NE,99.4
Marcedes Lewis,TE,2009,JAX,95.8
Bo Scaife,TE,2009,TEN,93
Tony Scheffler,TE,2009,DEN,84.6
Brandon Pettigrew,TE,2009,DET,78.2
David Thomas,TE,2009,NO,76.6
Will Heller,TE,2009,DET,76.6
Chris Cooley,TE,2009,WAS,74.2
Randy McMichael,TE,2009,LA,73.2
Anthony Fasano,TE,2009,MIA,72.9
Dante Rosario,TE,2009,CAR,69.3
Donald Lee,TE,2009,GB,67.3
Daniel Fells,TE,2009,LA,64.3
Joel Dreessen,TE,2009,HOU,64
J.P. Foschi,TE,2009,CIN,63
Jeff King,TE,2009,CAR,63
Daniel Graham,TE,2009,DEN,62.9
Zach Miller,TE,2009,JAX,54.5
Alge Crumpler,TE,2009,TEN,53.2
Joey Haynos,TE,2009,MIA,47.2
Delanie Walker,TE,2009,SF,45.7
Desmond Clark,TE,2009,CHI,45.5
Mike Sellers,TE,2009,WAS,44.6
Leonard Pope,TE,2009,KC,43.4
Spencer Havner,TE,2009,GB,42.2
Chris Baker,TE,2009,NE,40.2
Sean Ryan,TE,2009,KC,39.5
Ben Patrick,TE,2009,ARI,38.6
Shawn Nelson,TE,2009,BUF,37.7
Gary Barnidge,TE,2009,CAR,36.2
Justin Peelle,TE,2009,ATL,35.5
Kellen Davis,TE,2009,CHI,34.5
Jerramy Stevens,TE,2009,TB,34
Martellus Bennett,TE,2009,DAL,30.9
Robert Royal,TE,2009,CLE,30.4
Daniel Coats,TE,2009,CIN,29
Casey Fitzsimmons,TE,2009,DET,28.8
Evan Moore,TE,2009,CLE,27.8
Jeff Dugan,TE,2009,MIN,23.9
Todd Yoder,TE,2009,WAS,22.9
Steve Heiden,TE,2009,CLE,21.3
Brad Cottam,TE,2009,KC,21
Derek Schouman,TE,2009,BUF,19.3
Tony Stewart,TE,2009,LV,17.8
Billy Bajema,TE,2009,LA,17.4
Anthony Becht,TE,2009,ARI,17.1
Jimmy Kleinsasser,TE,2009,MIN,17
Michael Gaines,TE,2009,CLE,16.9
Tom Santi,TE,2009,IND,16.7
Jared Cook,TE,2009,TEN,16.4
Derek Fine,TE,2009,BUF,15.4
Gijon Robinson,TE,2009,IND,15.2
Matt Spaeth,TE,2009,PIT,13.5
Travis Beckum,TE,2009,NYG,13.5
Darnell Dinkins,TE,2009,NO,13.2
John Phillips,TE,2009,DAL,13.2
Kris Wilson,TE,2009,LAC,12.8
Kory Sperry,TE,2009,MIA,12.1
Jonathan Stupar,TE,2009,BUF,8.9
Greg Estandia,TE,2009,CLE,8.5
Darcy Johnson,TE,2009,NYG,8.2
Stephen Spach,TE,2009,ARI,7.8
Ben Hartsock,TE,2009,NYJ,7.2
Jacob Tamme,TE,2009,IND,6.5
Brandon Manumaleuna,TE,2009,LAC,6.3
Brandon Myers,TE,2009,LV,5.9
Alex Smith,TE,2009,PHI,5.5
John Gilmore,TE,2009,TB,5.3
Isaiah Stanback,TE,2009,NE,5.2
L.J. Smith,TE,2009,BAL,5.1
John Owens,TE,2009,SEA,4.6
David Johnson,TE,2009,PIT,2.9
Jake O'Connell,TE,2009,KC,2.7
Joe Klopfenstein,TE,2009,BUF,2.1
Anthony Hill,TE,2009,HOU,1.9
Bear Pascoe,TE,2009,NYG,1.9
Tory Humphrey,TE,2009,NO,1.7
Dan Gronkowski,TE,2009,DET,1.4
Cameron Morrah,TE,2009,SEA,1.3
Zach Potter,TE,2009,JAX,1.3
Colin Cloherty,TE,2009,IND,1.2
Matthew Mulligan,TE,2009,NYJ,1.2
Craig Stevens,TE,2009,TEN,0
Keith Zinger,TE,2009,ATL,0
Michael Matthews,TE,2009,NE,0
Richard Quinn,TE,2009,DEN,0
Andre Johnson,WR,2009,HOU,314.9
Randy Moss,WR,2009,NE,287.4
Wes Welker,WR,2009,NE,285.4
Reggie Wayne,WR,2009,IND,284.4
Larry Fitzgerald,WR,2009,ARI,284.2
Miles Austin,WR,2009,DAL,278.8
Brandon Marshall,WR,2009,DEN,276.9
Steve Smith,WR,2009,NYG,271
Roddy White,WR,2009,ATL,266.5
DeSean Jackson,WR,2009,PHI,263.4
Sidney Rice,WR,2009,MIN,261.2
Hines Ward,WR,2009,PIT,245.7
Vincent Jackson,WR,2009,LAC,239.8
Santonio Holmes,WR,2009,PIT,232.4
Marques Colston,WR,2009,NO,230
Chad Johnson,WR,2009,CIN,229.9
Derrick Mason,WR,2009,BAL,218
Anquan Boldin,WR,2009,ARI,214.6
Donald Driver,WR,2009,GB,211.4
Steve Smith,WR,2009,CAR,209.4
Greg Jennings,WR,2009,GB,209
Percy Harvin,WR,2009,MIN,200.5
Calvin Johnson,WR,2009,DET,198.7
Mike Sims-Walker,WR,2009,JAX,189.9
T.J. Houshmandzadeh,WR,2009,SEA,186.1
Terrell Owens,WR,2009,BUF,179.3
Robert Meachem,WR,2009,NO,177.4
Santana Moss,WR,2009,WAS,177
Austin Collie,WR,2009,IND,169.7
Mario Manningham,WR,2009,NYG,167.2
Jerricho Cotchery,WR,2009,NYJ,163.8
Hakeem Nicks,WR,2009,NYG,162.8
Davone Bess,WR,2009,MIA,160.9
Nate Burleson,WR,2009,SEA,158.6
Jeremy Maclin,WR,2009,PHI,154.5
Mike Wallace,WR,2009,PIT,153.4
Devin Hester,WR,2009,CHI,148.6
Steve Breaston,WR,2009,ARI,148.6
Pierre Garcon,WR,2009,IND,148.5
Chris Chambers,WR,2009,KC,148
Lee Evans,WR,2009,BUF,147.2
Earl Bennett,WR,2009,CHI,145.7
Devery Henderson,WR,2009,NO,144.7
Patrick Crayton,WR,2009,DAL,144
Nate Washington,WR,2009,TEN,141.4
Bernard Berrian,WR,2009,MIN,140.8
Jabar Gaffney,WR,2009,DEN,139.2
Roy Williams,WR,2009,DAL,137.6
Braylon Edwards,WR,2009,NYJ,137
Donnie Avery,WR,2009,LA,136.9
Johnny Knox,WR,2009,CHI,133.7
Dwayne Bowe,WR,2009,KC,129.9
Josh Morgan,WR,2009,SF,128.8
Kevin Walter,WR,2009,HOU,128.7
Malcom Floyd,WR,2009,LAC,128.6
Kenny Britt,WR,2009,TEN,128.1
Laveranues Coles,WR,2009,CIN,125.4
Antonio Bryant,WR,2009,TB,123
Torry Holt,WR,2009,JAX,121.2
Michael Crabtree,WR,2009,SF,120.5
Jason Avant,WR,2009,PHI,119.7
Michael Jenkins,WR,2009,ATL,119.5
Muhsin Muhammad,WR,2009,CAR,117.1
Jacoby Jones,WR,2009,HOU,114.9
Andre Caldwell,WR,2009,CIN,114.4
Louis Murphy,WR,2009,LV,113.2
Mohamed Massaquoi,WR,2009,CLE,112.1
Brian Hartline,WR,2009,MIA,108.5
Mike Thomas,WR,2009,JAX,107.8
Ted Ginn,WR,2009,MIA,106.2
James Jones,WR,2009,GB,106
Greg Camarillo,WR,2009,MIA,105.2
Josh Cribbs,WR,2009,CLE,102.32
Deion Branch,WR,2009,SEA,99.9
Bryant Johnson,WR,2009,DET,96.6
Mark Clayton,WR,2009,BAL,94.8
Kelley Washington,WR,2009,BAL,89.2
Bobby Wade,WR,2009,KC,86.8
Justin Gage,WR,2009,TEN,84.3
Eddie Royal,WR,2009,DEN,83.6
Danny Amendola,WR,2009,LA,81.4
Julian Edelman,WR,2009,NE,79.4
Devin Aromashodu,WR,2009,CHI,77.8
Chaz Schilens,WR,2009,LV,77.5
Sammie Stroughter,WR,2009,TB,76.4
Brandon Stokley,WR,2009,DEN,75.7
Devin Thomas,WR,2009,WAS,75.3
David Anderson,WR,2009,HOU,75
Dennis Northcutt,WR,2009,DET,74.8
Chansi Stuckey,WR,2009,CLE,74.4
Brandon Gibson,WR,2009,LA,72.8
Mark Bradley,WR,2009,KC,71.04
Maurice Stovall,WR,2009,TB,66.6
Jordy Nelson,WR,2009,GB,66
Sam Aiken,WR,2009,NE,64.6
Josh Reed,WR,2009,BUF,62.1
Legedu Naanee,WR,2009,LAC,61.74
Malcolm Kelly,WR,2009,WAS,59.7
Keenan Burton,WR,2009,LA,50.3
Chris Henry,WR,2009,CIN,47.6
Johnnie Lee Higgins,WR,2009,LV,47.4
Michael Clayton,WR,2009,TB,47
Isaac Bruce,WR,2009,SF,46.6
Domenik Hixon,WR,2009,NYG,45.7
Early Doucet,WR,2009,ARI,44.4
Dwayne Jarrett,WR,2009,CAR,42.6
Lance Moore,WR,2009,NO,41.3
Marty Booker,WR,2009,ATL,40.8
Mike Furrey,WR,2009,CLE,40
David Clowney,WR,2009,NYJ,39.2
Lance Long,WR,2009,KC,37.7
Jerheme Urban,WR,2009,ARI,36.6
Laurent Robinson,WR,2009,LA,35.7
Deon Butler,WR,2009,SEA,32.5
Jason Hill,WR,2009,SF,30
Darrius Heyward-Bey,WR,2009,LV,29.3
Ernest Wilford,WR,2009,JAX,29.3
Eric Weems,WR,2009,ATL,28.3
Demetrius Williams,WR,2009,BAL,28.2
Sam Hurd,WR,2009,DAL,25.1
Reggie Brown,WR,2009,PHI,24.2
Derek Hagan,WR,2009,NYG,24.1
Greg Lewis,WR,2009,MIN,23.6
Brian Finneran,WR,2009,ATL,22.1
Brandon Lloyd,WR,2009,DEN,19.7
Lavelle Hawkins,WR,2009,TEN,18
Nate Hughes,WR,2009,JAX,18
Brian Robiskie,WR,2009,CLE,17.6
Kevin Ogletree,WR,2009,DAL,17.2
Todd Watkins,WR,2009,LV,17
Jarett Dillard,WR,2009,JAX,16.6
Ruvell Martin,WR,2009,LA,15.9
Joey Galloway,WR,2009,NE,13.7
Kevin Curtis,WR,2009,PHI,13.7
Brian Clark,WR,2009,TB,12.5
Andre Davis,WR,2009,HOU,11.9
Kenny Moore,WR,2009,CAR,11.9
Craig Davis,WR,2009,LAC,11.6
Derrick Williams,WR,2009,DET,11.6
Bobby Engram,WR,2009,KC,11.1
Terrance Copper,WR,2009,KC,10.8
Quan Cosby,WR,2009,CIN,9.3
Arnaz Battle,WR,2009,SF,9
Sinorice Moss,WR,2009,NYG,8.8
Rashied Davis,WR,2009,CHI,8.5
Hank Baskett,WR,2009,IND,8.4
Ben Obomanu,WR,2009,SEA,8.1
Courtney Roby,WR,2009,NO,7.6
Marko Mitchell,WR,2009,WAS,7.2
Micheal Spurlock,WR,2009,TB,6.3
Roscoe Parrish,WR,2009,BUF,5.2
Troy Williamson,WR,2009,JAX,4.4
Wallace Wright,WR,2009,NYJ,4.1
Steve Johnson,WR,2009,BUF,3
Brandon Jones,WR,2009,SF,2.8
Kassim Osgood,WR,2009,LAC,2.7
Ramses Barden,WR,2009,NYG,2.6
Tyler Grisham,WR,2009,PIT,2.4
James Hardy,WR,2009,BUF,1.9
Jaymar Johnson,WR,2009,MIN,1.9
Mark Jones,WR,2009,TEN,1.9
Charly Martin,WR,2009,CAR,1.6
Tim Carter,WR,2009,LA,1.6
John Standeford,WR,2009,DET,1.5
Jordan Kent,WR,2009,LA,1.5
Limas Sweed,WR,2009,PIT,1.5
Stefan Logan,WR,2009,PIT,1.5
Yamon Figurs,WR,2009,DET,1.5
Brandon Tate,WR,2009,NE,1.1
Matt Slater,WR,2009,NE,0.6
Brett Swain,WR,2009,GB,0
Darius Reynaud,WR,2009,MIN,0
Jake Allen,WR,2009,CLE,0
Jerome Simpson,WR,2009,CIN,0
Justin Harper,WR,2009,BAL,0
Maurice Purify,WR,2009,CIN,0
Samuel Giguere,WR,2009,IND,0
Sean Morey,WR,2009,ARI,0
Justin Jenkins,WR,2009,BUF,-0.3
Mike Tolbert,FB,2010,LAC,182.1
Jason Snelling,FB,2010,ATL,136.7
Marcel Reece,FB,2010,LV,92.5
John Kuhn,FB,2010,GB,88.8
Le'Ron McClain,FB,2010,BAL,42.9
Owen Schmitt,FB,2010,PHI,38.6
Ovie Mughelli,FB,2010,ATL,35.2
Lousaka Polite,FB,2010,MIA,30.3
Ahmard Hall,FB,2010,TEN,25.1
Michael Robinson,FB,2010,SEA,20.52
Jerome Felton,FB,2010,DET,19
Spencer Larsen,FB,2010,DEN,17.9
James Casey,FB,2010,HOU,17.8
Heath Evans,FB,2010,NO,17.3
Vonta Leach,FB,2010,HOU,17.1
Naufahu Tahi,FB,2010,MIN,16
Tim Castille,FB,2010,KC,14.6
Corey McIntyre,FB,2010,BUF,11.7
Tony Fiammetta,FB,2010,CAR,10.6
Tony Richardson,FB,2010,NYJ,9.4
Darrel Young,FB,2010,WAS,9.2
Mike Karney,FB,2010,LA,7.6
Mike Cox,FB,2010,KC,6.7
Lawrence Vickers,FB,2010,CLE,6.6
Quinn Johnson,FB,2010,GB,5.6
Reagan Maui'a,FB,2010,ARI,4
Madison Hedgecock,FB,2010,NYG,2.8
Erik Lorig,FB,2010,TB,2
Chris Pressley,FB,2010,CIN,1.6
Lex Hilliard,FB,2010,MIA,1.3
Leonard Weaver,FB,2010,PHI,0
Jay Feely,K,2010,ARI,6.5
Mike Vick,QB,2010,PHI,310.32
Aaron Rodgers,QB,2010,GB,304.48
Tom Brady,QB,2010,NE,299
Peyton Manning,QB,2010,IND,285.8
Philip Rivers,QB,2010,LAC,281.6
Drew Brees,QB,2010,NO,270.2
Josh Freeman,QB,2010,TB,258.44
Matt Ryan,QB,2010,ATL,252.4
Matt Schaub,QB,2010,HOU,245.6
Joe Flacco,QB,2010,BAL,231.28
Eli Manning,QB,2010,NYG,231.08
Matt Cassel,QB,2010,KC,229.14
Carson Palmer,QB,2010,CIN,223.8
David Garrard,QB,2010,JAX,220.36
Jay Cutler,QB,2010,CHI,210.16
Kyle Orton,QB,2010,DEN,209.88
Ben Roethlisberger,QB,2010,PIT,209.6
Mark Sanchez,QB,2010,NYJ,202.14
Ryan Fitzpatrick,QB,2010,BUF,198.58
Sam Bradford,QB,2010,LA,190.78
Donovan McNabb,QB,2010,WAS,174.18
Shaun Hill,QB,2010,DET,159.74
Jason Campbell,QB,2010,LV,158.68
Jon Kitna,QB,2010,DAL,157.3
Chad Henne,QB,2010,MIA,157.12
Matt Hasselbeck,QB,2010,SEA,147.92
Alex Smith,QB,2010,SF,134.8
Kerry Collins,QB,2010,TEN,109.02
Tony Romo,QB,2010,DAL,98
Brett Favre,QB,2010,MIN,97.16
Colt McCoy,QB,2010,CLE,90.94
Derek Anderson,QB,2010,ARI,89.1
Vince Young,QB,2010,TEN,88.7
Troy Smith,QB,2010,SF,77.14
Kevin Kolb,QB,2010,PHI,62.48
Brad Smith,QB,2010,NYJ,58.44
Jimmy Clausen,QB,2010,CAR,58.02
Drew Stanton,QB,2010,DET,56.5
Rex Grossman,QB,2010,WAS,51.96
Matthew Stafford,QB,2010,DET,50.5
Bruce Gradkowski,QB,2010,LV,50.46
Seneca Wallace,QB,2010,CLE,42.56
John Skelton,QB,2010,ARI,37.38
Joe Webb,QB,2010,MIN,37.08
Charlie Whitehurst,QB,2010,SEA,36.58
Matt Moore,QB,2010,CAR,32.78
Tyler Thigpen,QB,2010,MIA,28.7
Jake Delhomme,QB,2010,CLE,26.68
Tarvaris Jackson,QB,2010,MIN,25.94
Matt Flynn,QB,2010,GB,25.92
Stephen McGee,QB,2010,DAL,24.92
Trent Edwards,QB,2010,JAX,24.64
Charlie Batch,QB,2010,PIT,23.08
Todd Bouman,QB,2010,JAX,13.68
Mark Brunell,QB,2010,NYJ,10.68
Dennis Dixon,QB,2010,PIT,9.36
Josh Johnson,QB,2010,TB,8.34
Kellen Clemens,QB,2010,NYJ,7.14
Brian St. Pierre,QB,2010,CAR,6.92
Brian Hoyer,QB,2010,NE,6.08
Luke McCown,QB,2010,JAX,5.2
Richard Bartel,QB,2010,ARI,4
Max Hall,QB,2010,ARI,2.3
Chase Daniel,QB,2010,NO,2.24
Caleb Hanie,QB,2010,CHI,2.1
Tyler Palko,QB,2010,KC,1.9
Tony Pike,QB,2010,CAR,1.88
Byron Leftwich,QB,2010,PIT,1.68
Kyle Boller,QB,2010,LV,0.8
Chad Pennington,QB,2010,MIA,0.76
Jordan Palmer,QB,2010,CIN,0.72
Chris Redman,QB,2010,ATL,0.7
David Carr,QB,2010,SF,0.68
Rusty Smith,QB,2010,TEN,0
Billy Volek,QB,2010,LAC,-0.18
Sage Rosenfels,QB,2010,NYG,-0.3
Brodie Croyle,QB,2010,KC,-0.48
Levi Brown,QB,2010,BUF,-1.04
Brian Brohm,QB,2010,BUF,-3.76
Todd Collins,QB,2010,CHI,-7.28
Arian Foster,RB,2010,HOU,391.8
LeSean McCoy,RB,2010,PHI,297.2
Peyton Hillis,RB,2010,CLE,294.92
Jamaal Charles,RB,2010,KC,282.5
Ray Rice,RB,2010,BAL,276.6
Adrian Peterson,RB,2010,MIN,275.9
Chris Johnson,RB,2010,TEN,272.9
Darren McFadden,RB,2010,LV,267.4
Matt Forte,RB,2010,CHI,264.6
Steven Jackson,RB,2010,LA,242.4
Rashard Mendenhall,RB,2010,PIT,241
Ahmad Bradshaw,RB,2010,NYG,239.9
Maurice Jones-Drew,RB,2010,JAX,234.1
Michael Turner,RB,2010,ATL,225.6
LaDainian Tomlinson,RB,2010,NYJ,216.2
Frank Gore,RB,2010,SF,202.5
BenJarvus Green-Ellis,RB,2010,NE,199.3
Jahvid Best,RB,2010,DET,197
Cedric Benson,RB,2010,CIN,196.9
Knowshon Moreno,RB,2010,DEN,196.1
Fred Jackson,RB,2010,BUF,183.2
Felix Jones,RB,2010,DAL,183
Brandon Jackson,RB,2010,GB,171.5
Danny Woodhead,RB,2010,NE,160.6
Ronnie Brown,RB,2010,MIA,156.6
Michael Bush,RB,2010,LV,150.9
Thomas Jones,RB,2010,KC,149.8
Darren Sproles,RB,2010,LAC,148
Brandon Jacobs,RB,2010,NYG,145.2
Cadillac Williams,RB,2010,TB,141.2
Ryan Mathews,RB,2010,LAC,140
Ryan Torain,RB,2010,WAS,138.7
Marshawn Lynch,RB,2010,SEA,138.2
LeGarrette Blount,RB,2010,TB,137.1
Mike Goodson,RB,2010,CAR,130.2
Tim Hightower,RB,2010,ARI,130.2
Keiland Williams,RB,2010,WAS,124
Justin Forsett,RB,2010,SEA,122.2
Rashad Jennings,RB,2010,JAX,118.2
Ricky Williams,RB,2010,MIA,114.4
Shonn Greene,RB,2010,NYJ,112.6
Maurice Morris,RB,2010,DET,105.6
Jonathan Stewart,RB,2010,CAR,105.3
Joseph Addai,RB,2010,IND,102.9
Donald Brown,RB,2010,IND,102.2
Chris Ivory,RB,2010,NO,100.3
Brian Westbrook,RB,2010,SF,95
Willis McGahee,RB,2010,BAL,89.5
Correll Buckhalter,RB,2010,DEN,88.7
Pierre Thomas,RB,2010,NO,88
Chester Taylor,RB,2010,CHI,78.6
C.J. Spiller,RB,2010,BUF,78
Marion Barber,RB,2010,DAL,77.3
Reggie Bush,RB,2010,NO,75.8
Toby Gerhart,RB,2010,MIN,69.9
Derrick Ward,RB,2010,HOU,68.8
Tashard Choice,RB,2010,DAL,68.2
Beanie Wells,RB,2010,ARI,64.1
Ladell Betts,RB,2010,NO,62.1
Javarris James,RB,2010,IND,60.5
Mewelde Moore,RB,2010,PIT,60.4
Jerome Harrison,RB,2010,PHI,57.5
DeAngelo Williams,RB,2010,CAR,57.2
Antwaan Randle El,RB,2010,PIT,57.18
LaRod Stephens-Howling,RB,2010,ARI,56.4
Earnest Graham,RB,2010,TB,52.98
Bernard Scott,RB,2010,CIN,52.9
Isaac Redman,RB,2010,PIT,52.9
Leon Washington,RB,2010,SEA,50.9
Jacob Hester,RB,2010,LAC,48.5
Javon Ringer,RB,2010,TEN,47.3
Brian Leonard,RB,2010,CIN,45.8
Clinton Portis,RB,2010,WAS,45.2
Kenneth Darby,RB,2010,LA,44.8
Julius Jones,RB,2010,NO,43.2
Anthony Dixon,RB,2010,SF,41.8
Kevin Smith,RB,2010,DET,35.8
Mike Hart,RB,2010,IND,33
Patrick Cobbs,RB,2010,MIA,29.1
Tyrell Sutton,RB,2010,CAR,26.1
Joe McKnight,RB,2010,NYJ,23.9
Mike Bell,RB,2010,CLE,23.6
D.J. Ware,RB,2010,NYG,21
Lance Ball,RB,2010,DEN,20.4
Sammy Morris,RB,2010,NE,20.3
Deji Karim,RB,2010,JAX,20
Aaron Brown,RB,2010,DET,18.3
Chris Gronkowski,RB,2010,DAL,18.2
Fred Taylor,RB,2010,NE,18.1
Kevin Faulk,RB,2010,NE,16.7
Dominic Rhodes,RB,2010,IND,16.6
Laurence Maroney,RB,2010,DEN,16.4
Greg Jones,RB,2010,JAX,16.1
Dimitri Nance,RB,2010,GB,15.5
Jason Wright,RB,2010,ARI,15
James Davis,RB,2010,WAS,14.5
James Starks,RB,2010,GB,13.6
Steve Slaton,RB,2010,HOU,13.4
John Conner,RB,2010,NYJ,13.3
Jackie Battle,RB,2010,KC,12.9
Keith Toston,RB,2010,LA,10.3
Gartrell Johnson,RB,2010,ATL,7.2
Eldra Buckley,RB,2010,PHI,6.7
Josh Vaughan,RB,2010,CAR,6.7
Lorenzo Booker,RB,2010,MIN,6.2
Albert Young,RB,2010,MIN,6
Moran Norris,RB,2010,SF,6
Quinton Ganther,RB,2010,BUF,4.7
Ryan Grant,RB,2010,GB,4.5
Rock Cartwright,RB,2010,LV,4.2
Michael Bennett,RB,2010,LV,4
Jonathan Dwyer,RB,2010,PIT,2.8
Kareem Huggins,RB,2010,TB,2.8
Jerious Norwood,RB,2010,ATL,2.7
Brock Bolen,RB,2010,JAX,2.5
Cedric Peerman,RB,2010,CIN,2.2
Kregg Lumpkin,RB,2010,TB,2.2
Korey Hall,RB,2010,GB,1.9
Thomas Clayton,RB,2010,NE,1.7
Curtis Brinkley,RB,2010,LAC,1.1
Garrett Wolfe,RB,2010,CHI,0.8
Jehuu Caulcrick,RB,2010,BUF,0.2
Larry Johnson,RB,2010,WAS,0.2
Jerome Johnson,RB,2010,ARI,0
Andre Brown,RB,2010,DEN,-0.1
Antone Smith,RB,2010,ATL,-0.3
Devin Moore,RB,2010,IND,-2.2
Jason Witten,TE,2010,DAL,248.2
Vernon Davis,TE,2010,SF,191.4
Antonio Gates,TE,2010,LAC,188.2
Marcedes Lewis,TE,2010,JAX,184
Chris Cooley,TE,2010,WAS,179.9
Tony Gonzalez,TE,2010,ATL,171.6
Kellen Winslow,TE,2010,TB,169
Brandon Pettigrew,TE,2010,DET,167.2
Benjamin Watson,TE,2010,CLE,162.2
Zach Miller,TE,2010,LV,158.5
Rob Gronkowski,TE,2010,NE,154.6
Jacob Tamme,TE,2010,IND,154.1
Dustin Keller,TE,2010,NYJ,153.7
Aaron Hernandez,TE,2010,NE,142
Todd Heap,TE,2010,BAL,129.9
Jermaine Gresham,TE,2010,CIN,123.1
Tony Moeaki,TE,2010,KC,120.6
Brent Celek,TE,2010,PHI,117.1
Kevin Boss,TE,2010,NYG,116.1
Anthony Fasano,TE,2010,MIA,115.8
Visanthe Shiancoe,TE,2010,MIN,112
Joel Dreessen,TE,2010,HOU,109.8
Greg Olsen,TE,2010,CHI,109.4
Heath Miller,TE,2010,PIT,103.2
Jeremy Shockey,TE,2010,NO,99.8
Tim Tebow,TE,2010,DEN,98.86
Owen Daniels,TE,2010,HOU,97.1
Jimmy Graham,TE,2010,NO,96.9
Daniel Fells,TE,2010,LA,92.1
Bo Scaife,TE,2010,TEN,89.8
Dallas Clark,TE,2010,IND,89.7
Tony Scheffler,TE,2010,DET,86.8
Jared Cook,TE,2010,TEN,71.1
Fred Davis,TE,2010,WAS,70.6
John Carlson,TE,2010,SEA,68.8
David Thomas,TE,2010,NO,63.9
Delanie Walker,TE,2010,SF,61.9
Martellus Bennett,TE,2010,DAL,59
Dante Rosario,TE,2010,CAR,58.2
Jermichael Finley,TE,2010,GB,57.1
Randy McMichael,TE,2010,LAC,54.1
Evan Moore,TE,2010,CLE,52.2
Andrew Quarless,TE,2010,GB,48.8
Zach Miller,TE,2010,JAX,48.5
Michael Hoomanawanui,TE,2010,LA,45.6
Mike Sellers,TE,2010,WAS,44.6
Jeff King,TE,2010,CAR,43.1
Billy Bajema,TE,2010,LA,40.5
Travis Beckum,TE,2010,NYG,36.6
Craig Stevens,TE,2010,TEN,35.2
John Gilmore,TE,2010,TB,35
Donald Lee,TE,2010,GB,34.3
Daniel Graham,TE,2010,DEN,32.8
Ed Dickson,TE,2010,BAL,32.2
Jimmy Kleinsasser,TE,2010,MIN,31.8
Leonard Pope,TE,2010,KC,29.6
Ben Patrick,TE,2010,ARI,27.3
Chris Baker,TE,2010,SEA,26.6
Justin Peelle,TE,2010,ATL,25.6
Alge Crumpler,TE,2010,NE,23.2
Jonathan Stupar,TE,2010,BUF,23.1
Matt Spaeth,TE,2010,PIT,23
Clay Harbor,TE,2010,PHI,22.2
Cameron Morrah,TE,2010,SEA,20.7
Brandon Myers,TE,2010,LV,20
David Martin,TE,2010,BUF,17.3
Robert Royal,TE,2010,CLE,16.6
Bear Pascoe,TE,2010,NYG,16.2
Brandon Manumaleuna,TE,2010,CHI,15.3
Dan Gronkowski,TE,2010,DEN,14.4
Reggie Kelly,TE,2010,CIN,14.2
Michael Palmer,TE,2010,ATL,13.9
Will Heller,TE,2010,DET,13.7
Kory Sperry,TE,2010,LAC,11.3
Kris Wilson,TE,2010,LAC,11.3
Stephen Spach,TE,2010,ARI,11
Gijon Robinson,TE,2010,IND,10.2
Tom Crabtree,TE,2010,GB,10.1
Logan Paulsen,TE,2010,WAS,9
Brody Eldridge,TE,2010,IND,8.9
Kellen Davis,TE,2010,CHI,8.9
Ryan Purvis,TE,2010,TB,8.8
David Johnson,TE,2010,PIT,8.6
Jim Dray,TE,2010,ARI,7.7
Nate Byham,TE,2010,SF,7.7
Jerramy Stevens,TE,2010,TB,7.3
Jeff Dugan,TE,2010,MIN,7.2
Mickey Shuler,TE,2010,MIA,6.4
Jake O'Connell,TE,2010,KC,6.1
Chase Coffman,TE,2010,CIN,6
Zach Potter,TE,2010,JAX,5.4
Garrett Mills,TE,2010,PHI,3.9
Fendi Onobun,TE,2010,LA,3.5
Shawn Nelson,TE,2010,BUF,3.5
Desmond Clark,TE,2010,CHI,2.2
Tory Humphrey,TE,2010,NO,2.2
Richard Quinn,TE,2010,DEN,1.9
Scott Chandler,TE,2010,BUF,1.8
Ben Hartsock,TE,2010,NYJ,1.7
Alex Smith,TE,2010,CLE,1.6
Jeff Cumberland,TE,2010,NYJ,1.3
Dennis Pitta,TE,2010,BAL,1.1
Daniel Coats,TE,2010,DEN,0
Darcy Johnson,TE,2010,LA,0
Dorin Dickerson,TE,2010,HOU,0
Gary Barnidge,TE,2010,CAR,0
Jeron Mastrud,TE,2010,MIA,0
Matthew Mulligan,TE,2010,NYJ,0
Roddy White,WR,2010,ATL,316.2
Brandon Lloyd,WR,2010,DEN,286
Reggie Wayne,WR,2010,IND,280.5
Dwayne Bowe,WR,2010,KC,278.6
Greg Jennings,WR,2010,GB,274.4
Calvin Johnson,WR,2010,DET,266.2
Andre Johnson,WR,2010,HOU,256.6
Hakeem Nicks,WR,2010,NYG,250.2
Mike Wallace,WR,2010,PIT,249.6
Steve Johnson,WR,2010,BUF,247.3
Larry Fitzgerald,WR,2010,ARI,241.7
Santana Moss,WR,2010,WAS,235.9
Marques Colston,WR,2010,NO,228.4
Miles Austin,WR,2010,DAL,228.4
Jeremy Maclin,WR,2010,PHI,228
Terrell Owens,WR,2010,CIN,224.3
Mike Williams,WR,2010,TB,223.4
Wes Welker,WR,2010,NE,212.8
Percy Harvin,WR,2010,MIN,212.5
DeSean Jackson,WR,2010,PHI,209
Mario Manningham,WR,2010,NYG,206.6
Brandon Marshall,WR,2010,MIA,203.7
Davone Bess,WR,2010,MIA,191.7
Mike Thomas,WR,2010,JAX,189.4
Lance Moore,WR,2010,NO,188.3
Anquan Boldin,WR,2010,BAL,187.66
Braylon Edwards,WR,2010,NYJ,185.8
Pierre Garcon,WR,2010,IND,184.2
Derrick Mason,WR,2010,BAL,183.2
Deion Branch,WR,2010,NE,178.8
Danny Amendola,WR,2010,LA,178
Johnny Knox,WR,2010,CHI,175.2
Chad Johnson,WR,2010,CIN,174.1
Kenny Britt,WR,2010,TEN,173.5
Austin Collie,WR,2010,IND,166.7
Michael Crabtree,WR,2010,SF,165.1
Jabar Gaffney,WR,2010,DEN,164.5
Hines Ward,WR,2010,PIT,162.3
Santonio Holmes,WR,2010,NYJ,160.3
Nate Burleson,WR,2010,DET,157.6
Mike Williams,WR,2010,SEA,152.1
Dez Bryant,WR,2010,DAL,149.1
Anthony Armstrong,WR,2010,WAS,147.1
James Jones,WR,2010,GB,145.9
Nate Washington,WR,2010,TEN,145.9
Malcom Floyd,WR,2010,LAC,144.7
Eddie Royal,WR,2010,DEN,143.8
Kevin Walter,WR,2010,HOU,143.1
Mike Sims-Walker,WR,2010,JAX,139.2
Robert Meachem,WR,2010,NO,139.2
Devin Hester,WR,2010,CHI,132.5
Jordan Shipley,WR,2010,CIN,130
Brandon Gibson,WR,2010,LA,129.8
Donald Driver,WR,2010,GB,129.5
Jacoby Ford,WR,2010,LV,129.5
Steve Breaston,WR,2010,ARI,128.98
Jacoby Jones,WR,2010,HOU,127.9
Josh Morgan,WR,2010,SF,125.5
Earl Bennett,WR,2010,CHI,121
Steve Smith,WR,2010,NYG,118.9
Roy Williams,WR,2010,DAL,118
Lee Evans,WR,2010,BUF,116.8
Jason Avant,WR,2010,PHI,116.3
Louis Murphy,WR,2010,LV,116.2
Jordy Nelson,WR,2010,GB,113.2
Brian Hartline,WR,2010,MIA,111.2
Steve Smith,WR,2010,CAR,110.3
Ben Obomanu,WR,2010,SEA,109.1
David Gettis,WR,2010,CAR,106
Michael Jenkins,WR,2010,ATL,103.5
Blair White,WR,2010,IND,101.5
Brandon Tate,WR,2010,NE,101.4
Mohamed Massaquoi,WR,2010,CLE,99.16
Deon Butler,WR,2010,SEA,99.1
Randy Moss,WR,2010,TEN,97.3
Brandon LaFell,WR,2010,CAR,96.8
Jerricho Cotchery,WR,2010,NYJ,96
T.J. Houshmandzadeh,WR,2010,BAL,87.8
Devery Henderson,WR,2010,NO,87.2
Roscoe Parrish,WR,2010,BUF,86.5
Patrick Crayton,WR,2010,LAC,85.4
David Nelson,WR,2010,BUF,84.3
Arrelious Benn,WR,2010,TB,80
Chansi Stuckey,WR,2010,CLE,79.5
Laurent Robinson,WR,2010,LA,79
Brian Robiskie,WR,2010,CLE,78
Emmanuel Sanders,WR,2010,PIT,77.6
Darrius Heyward-Bey,WR,2010,LV,71.4
Andre Roberts,WR,2010,ARI,66.7
Brandon Stokley,WR,2010,SEA,66.4
Mark Clayton,WR,2010,LA,66.2
Legedu Naanee,WR,2010,LAC,65.9
Josh Cribbs,WR,2010,CLE,65.66
Jerome Simpson,WR,2010,CIN,61.9
Early Doucet,WR,2010,ARI,61.6
Demaryius Thomas,WR,2010,DEN,60.4
Micheal Spurlock,WR,2010,TB,60
Andre Caldwell,WR,2010,CIN,59.3
Dexter McCluster,WR,2010,KC,59
Vincent Jackson,WR,2010,LAC,58.2
Sidney Rice,WR,2010,MIN,57
Harry Douglas,WR,2010,ATL,56.9
Danario Alexander,WR,2010,LA,56.6
Brian Finneran,WR,2010,ATL,53.6
Craig Davis,WR,2010,LAC,52.9
Justin Gage,WR,2010,TEN,52.6
Bernard Berrian,WR,2010,MIN,52.4
Derek Hagan,WR,2010,NYG,52.3
Seyi Ajirotutu,WR,2010,LAC,51.2
Greg Camarillo,WR,2010,MIN,50
Chris Chambers,WR,2010,KC,49.3
Sammie Stroughter,WR,2010,TB,48.1
Donald Jones,WR,2010,BUF,45.4
Golden Tate,WR,2010,SEA,44.1
Jason Hill,WR,2010,JAX,41.8
Ted Ginn,WR,2010,SF,41.4
Bryant Johnson,WR,2010,DET,41
Antonio Brown,WR,2010,PIT,38.7
Damian Williams,WR,2010,TEN,38.4
Greg Lewis,WR,2010,MIN,36.7
Kelley Washington,WR,2010,LAC,36.3
Terrance Copper,WR,2010,KC,33.7
Chad Hall,WR,2010,PHI,31.4
Joey Galloway,WR,2010,WAS,29.3
Ruvell Martin,WR,2010,SEA,28.8
Marlon Moore,WR,2010,MIA,26.4
Sam Hurd,WR,2010,DAL,26
Devin Aromashodu,WR,2010,CHI,24.9
Riley Cooper,WR,2010,PHI,24.6
Eric Weems,WR,2010,ATL,24.1
Rashied Davis,WR,2010,CHI,23.4
Verran Tucker,WR,2010,KC,23.4
Naaman Roosevelt,WR,2010,BUF,23.2
Julian Edelman,WR,2010,NE,23
David Anderson,WR,2010,HOU,22.7
Max Komar,WR,2010,ARI,21.7
Dezmon Briscoe,WR,2010,TB,21.3
Maurice Stovall,WR,2010,TB,21.1
Eric Decker,WR,2010,DEN,20.6
Johnnie Lee Higgins,WR,2010,LV,20.34
David Clowney,WR,2010,CAR,19.4
Stephen Williams,WR,2010,ARI,19.1
Tiquan Underwood,WR,2010,JAX,19.1
Roydell Williams,WR,2010,WAS,18.9
Dominique Zeigler,WR,2010,SF,18.8
Kassim Osgood,WR,2010,JAX,18
Stefan Logan,WR,2010,DET,15.5
Chaz Schilens,WR,2010,LV,15
Adrian Arrington,WR,2010,NO,14.9
Brett Swain,WR,2010,GB,13.2
Donte' Stallworth,WR,2010,BAL,12.7
Mardy Gilyard,WR,2010,LA,12.3
Roberto Wallace,WR,2010,MIA,12.2
Marc Mariani,WR,2010,TEN,12
Anthony Gonzalez,WR,2010,IND,11.7
Ramses Barden,WR,2010,NYG,11.4
Lavelle Hawkins,WR,2010,TEN,11.1
Brandon James,WR,2010,IND,10
Preston Parker,WR,2010,TB,8.9
Terrence Austin,WR,2010,WAS,7.7
David Reed,WR,2010,BAL,7.5
Taylor Price,WR,2010,NE,7.1
Nick Miller,WR,2010,LV,7
Kevin Ogletree,WR,2010,DAL,6.4
Derrick Williams,WR,2010,DET,6
Dwayne Jarrett,WR,2010,CAR,6
Taj Smith,WR,2010,IND,6
Patrick Turner,WR,2010,NYJ,4.6
Michael Clayton,WR,2010,NYG,3.9
Quan Cosby,WR,2010,CIN,3.6
Yamon Figurs,WR,2010,CLE,3.3
Hank Baskett,WR,2010,MIN,2.8
Matt Willis,WR,2010,DEN,2.7
Kevin Curtis,WR,2010,MIA,2.2
Kyle Williams,WR,2010,SF,1.8
Paul Hubbard,WR,2010,BUF,1.8
Sam Aiken,WR,2010,CLE,1.7
Manuel Johnson,WR,2010,DAL,1.6
Richard Goodman,WR,2010,LAC,1.5
Duke Calhoun,WR,2010,NYG,1.4
Ernest Wilford,WR,2010,JAX,1.3
Gary Banks,WR,2010,LAC,1.2
Carlton Mitchell,WR,2010,CLE,0.9
Armanti Edwards,WR,2010,CAR,0.7
Arnaz Battle,WR,2010,PIT,0
Brian Clark,WR,2010,DET,0
Demetrius Williams,WR,2010,CLE,0
Devin Thomas,WR,2010,CAR,0
Jeremy Horne,WR,2010,KC,0
John Matthews,WR,2010,JAX,0
Matt Slater,WR,2010,NE,0
Mike Tolbert,FB,2011,LAC,204.3
Marcel Reece,FB,2011,LV,78.3
John Kuhn,FB,2011,GB,66.5
Jason Snelling,FB,2011,ATL,65
James Casey,FB,2011,HOU,51.1
Jed Collins,FB,2011,NO,40.4
Le'Ron McClain,FB,2011,KC,39.3
Darrel Young,FB,2011,WAS,38.9
Michael Robinson,FB,2011,SEA,27.1
Bruce Miller,FB,2011,SF,26.1
Lex Hilliard,FB,2011,MIA,26
Vonta Leach,FB,2011,BAL,25.4
Spencer Larsen,FB,2011,DEN,21
Henry Hynoski,FB,2011,NYG,20.3
Ovie Mughelli,FB,2011,ATL,18.6
Ahmard Hall,FB,2011,TEN,14
Tyler Clutts,FB,2011,CHI,12.8
Erik Lorig,FB,2011,TB,11.3
Jerome Felton,FB,2011,IND,9
Brit Miller,FB,2011,LA,8.5
Tony Fiammetta,FB,2011,DAL,7.3
Lawrence Vickers,FB,2011,HOU,6.9
Owen Schmitt,FB,2011,PHI,6.8
Quinn Johnson,FB,2011,TEN,6
Chris Pressley,FB,2011,CIN,4.9
Mike Cox,FB,2011,ATL,2.8
Reagan Maui'a,FB,2011,ARI,2.2
Ryan Mahaffey,FB,2011,IND,1.5
Corey McIntyre,FB,2011,BUF,1.4
David Akers,K,2011,SF,4.56
Aaron Rodgers,QB,2011,GB,397.14
Drew Brees,QB,2011,NO,394
Cam Newton,QB,2011,CAR,370.34
Tom Brady,QB,2011,NE,366.3
Matthew Stafford,QB,2011,DET,345.8
Eli Manning,QB,2011,NYG,280.82
Tony Romo,QB,2011,DAL,275.96
Matt Ryan,QB,2011,ATL,273.48
Philip Rivers,QB,2011,LAC,254.56
Mark Sanchez,QB,2011,NYJ,237.26
Mike Vick,QB,2011,PHI,233.02
Ryan Fitzpatrick,QB,2011,BUF,222.78
Ben Roethlisberger,QB,2011,PIT,216.08
Alex Smith,QB,2011,SF,211.66
Andy Dalton,QB,2011,CIN,207.12
Josh Freeman,QB,2011,TB,205.48
Joe Flacco,QB,2011,BAL,203.4
Matt Hasselbeck,QB,2011,TEN,190.04
Colt McCoy,QB,2011,CLE,161.02
Tarvaris Jackson,QB,2011,SEA,160.44
Matt Schaub,QB,2011,HOU,158.06
Matt Moore,QB,2011,MIA,152.38
Rex Grossman,QB,2011,WAS,147.14
Jay Cutler,QB,2011,CHI,136.26
Carson Palmer,QB,2011,LV,136.12
Christian Ponder,QB,2011,MIN,118.02
Blaine Gabbert,QB,2011,JAX,116.36
John Skelton,QB,2011,ARI,103.32
Kevin Kolb,QB,2011,ARI,98.7
Matt Cassel,QB,2011,KC,97.02
Sam Bradford,QB,2011,LA,87.16
Kyle Orton,QB,2011,KC,85.62
Jason Campbell,QB,2011,LV,78.8
Curtis Painter,QB,2011,IND,72.34
Brad Smith,QB,2011,BUF,65.7
Donovan McNabb,QB,2011,MIN,64.94
Chad Henne,QB,2011,MIA,59.92
Dan Orlovsky,QB,2011,IND,58.54
John Beck,QB,2011,WAS,50.62
Joe Webb,QB,2011,MIN,50.34
Jake Locker,QB,2011,TEN,49.28
Matt Flynn,QB,2011,GB,44.12
T.J. Yates,QB,2011,HOU,43.66
Vince Young,QB,2011,PHI,40.54
Kellen Clemens,QB,2011,LA,37.54
Seneca Wallace,QB,2011,CLE,34.78
Caleb Hanie,QB,2011,CHI,28.32
Josh McCown,QB,2011,CHI,25.36
Tyler Palko,QB,2011,KC,25.34
Kerry Collins,QB,2011,IND,19.14
A.J. Feeley,QB,2011,LA,18.32
Josh Johnson,QB,2011,TB,14.54
Stephen McGee,QB,2011,DAL,14.08
Charlie Whitehurst,QB,2011,SEA,13.22
Jake Delhomme,QB,2011,HOU,10.44
Bruce Gradkowski,QB,2011,CIN,6.46
Richard Bartel,QB,2011,ARI,6.34
Matt Leinart,QB,2011,HOU,6.18
Charlie Batch,QB,2011,PIT,6.12
Chris Redman,QB,2011,ATL,4.92
Kyle Boller,QB,2011,LV,4.24
Luke McCown,QB,2011,JAX,4.14
Jon Kitna,QB,2011,DAL,3.28
J.P. Losman,QB,2011,MIA,2.5
Shaun Hill,QB,2011,DET,1.22
Colin Kaepernick,QB,2011,SF,1.2
Mark Brunell,QB,2011,NYJ,1.08
Tyrod Taylor,QB,2011,BAL,0.92
Chase Daniel,QB,2011,NO,0.86
Brian Hoyer,QB,2011,NE,0.58
Mike Kafka,QB,2011,PHI,0.28
Tom Brandstater,QB,2011,LA,0
Derek Anderson,QB,2011,CAR,-0.2
Tyler Thigpen,QB,2011,BUF,-0.2
Billy Volek,QB,2011,LAC,-0.5
Ray Rice,RB,2011,BAL,372.84
LeSean McCoy,RB,2011,PHI,328.4
Maurice Jones-Drew,RB,2011,JAX,305
Arian Foster,RB,2011,HOU,303.1
Darren Sproles,RB,2011,NO,277.4
Marshawn Lynch,RB,2011,SEA,243.6
Ryan Mathews,RB,2011,LAC,236.6
Michael Turner,RB,2011,ATL,229.8
Chris Johnson,RB,2011,TEN,225.5
Steven Jackson,RB,2011,LA,223.8
Michael Bush,RB,2011,LV,222.5
Matt Forte,RB,2011,CHI,220.7
Reggie Bush,RB,2011,MIA,219.2
Fred Jackson,RB,2011,BUF,208.6
Adrian Peterson,RB,2011,MIN,206.9
Jonathan Stewart,RB,2011,CAR,194.4
Frank Gore,RB,2011,SF,193.5
Ahmad Bradshaw,RB,2011,NYG,192.6
Shonn Greene,RB,2011,NYJ,192.5
Pierre Thomas,RB,2011,NO,182.7
Rashard Mendenhall,RB,2011,PIT,178.2
Beanie Wells,RB,2011,ARI,175.9
Roy Helu,RB,2011,WAS,164.9
Willis McGahee,RB,2011,DEN,163
Cedric Benson,RB,2011,CIN,161.9
C.J. Spiller,RB,2011,BUF,158
BenJarvus Green-Ellis,RB,2011,NE,157.6
DeAngelo Williams,RB,2011,CAR,155.1
DeMarco Murray,RB,2011,DAL,146
Ben Tate,RB,2011,HOU,135
Brandon Jacobs,RB,2011,NYG,134.9
LaDainian Tomlinson,RB,2011,NYJ,132.9
LeGarrette Blount,RB,2011,TB,131.9
Kevin Smith,RB,2011,DET,126.6
Darren McFadden,RB,2011,LV,123.8
Donald Brown,RB,2011,IND,119.1
Toby Gerhart,RB,2011,MIN,119.1
Ryan Grant,RB,2011,GB,117.7
Felix Jones,RB,2011,DAL,114.6
Jahvid Best,RB,2011,DET,112.7
James Starks,RB,2011,GB,112.4
Peyton Hillis,RB,2011,CLE,109.7
Mark Ingram,RB,2011,NO,97.4
Maurice Morris,RB,2011,DET,95
Kendall Hunter,RB,2011,SF,94.8
Isaac Redman,RB,2011,PIT,87.7
Jackie Battle,RB,2011,KC,87.5
Marion Barber,RB,2011,CHI,86.2
Daniel Thomas,RB,2011,MIA,81.3
Kregg Lumpkin,RB,2011,TB,80.6
Lance Ball,RB,2011,DEN,79
Danny Woodhead,RB,2011,NE,78.8
Chris Ogbonnaya,RB,2011,CLE,77.5
Ricky Williams,RB,2011,BAL,73.7
Joseph Addai,RB,2011,IND,73.6
Bernard Scott,RB,2011,CIN,72.8
Jacquizz Rodgers,RB,2011,ATL,70.3
Kahlil Bell,RB,2011,CHI,70
Javon Ringer,RB,2011,TEN,69.2
LaRod Stephens-Howling,RB,2011,ARI,65.1
D.J. Ware,RB,2011,NYG,64.3
Cadillac Williams,RB,2011,LA,63.4
Earnest Graham,RB,2011,TB,62.9
Tim Hightower,RB,2011,WAS,59.7
Thomas Jones,RB,2011,KC,57.1
Justin Forsett,RB,2011,SEA,56.3
Stevan Ridley,RB,2011,NE,54.4
Montario Hardesty,RB,2011,CLE,52.8
Brian Leonard,RB,2011,CIN,51.5
Delone Carter,RB,2011,IND,50.5
Evan Royster,RB,2011,WAS,48.6
Tashard Choice,RB,2011,BUF,48.6
Joe McKnight,RB,2011,NYJ,46.3
Leon Washington,RB,2011,SEA,45.6
Keiland Williams,RB,2011,DET,43.7
Chris Ivory,RB,2011,NO,43.4
Knowshon Moreno,RB,2011,DEN,43
Mewelde Moore,RB,2011,PIT,39.1
Deji Karim,RB,2011,JAX,39
Chester Taylor,RB,2011,ARI,36.8
Ryan Torain,RB,2011,WAS,34.3
Jacob Hester,RB,2011,LAC,31.8
Curtis Brinkley,RB,2011,LAC,29.2
Derrick Ward,RB,2011,HOU,27.4
Mossis Madu,RB,2011,TB,22.7
Anthony Dixon,RB,2011,SF,22.3
Brandon Saine,RB,2011,GB,22.1
Alfonso Smith,RB,2011,ARI,21.3
Jeremiah Johnson,RB,2011,DEN,20.9
Lorenzo Booker,RB,2011,MIN,19.4
Jamaal Charles,RB,2011,KC,18.2
Steve Slaton,RB,2011,MIA,17.7
Ronnie Brown,RB,2011,PHI,17.6
Phillip Tanner,RB,2011,DAL,17.5
Dion Lewis,RB,2011,PHI,16.9
Kevin Faulk,RB,2011,NE,16.1
Sammy Morris,RB,2011,DAL,16.1
Jamie Harper,RB,2011,TEN,15.6
Anthony Sherman,RB,2011,ARI,15.5
Jonathan Dwyer,RB,2011,PIT,13.9
John Conner,RB,2011,NYJ,13.3
Greg Jones,RB,2011,JAX,12.6
Taiwan Jones,RB,2011,LV,11.8
Shane Vereen,RB,2011,NE,11.7
Rock Cartwright,RB,2011,LV,10.9
John Clay,RB,2011,PIT,10.1
Owen Marecic,RB,2011,CLE,8.9
Montell Owens,RB,2011,JAX,6.1
Manase Tonga,RB,2011,LV,6
DuJuan Harris,RB,2011,JAX,5.6
Jerome Harrison,RB,2011,DET,5.4
Armando Allen,RB,2011,CHI,4.8
Johnny White,RB,2011,BUF,4.5
Jerious Norwood,RB,2011,LA,4.1
Brock Bolen,RB,2011,JAX,4
Bilal Powell,RB,2011,NYJ,3.8
Chauncey Washington,RB,2011,DAL,3.2
Da'Rel Scott,RB,2011,NYG,2.9
Eddie Williams,RB,2011,SEA,2.9
Alex Green,RB,2011,GB,2.7
Thomas Clayton,RB,2011,CLE,2.5
Josh Vaughan,RB,2011,CAR,2.4
Aaron Brown,RB,2011,DET,1.9
Shaun Chapas,RB,2011,DAL,1.9
Cedric Peerman,RB,2011,CIN,1.5
Mike Goodson,RB,2011,CAR,1.4
Anthony Allen,RB,2011,BAL,0.8
Armond Smith,RB,2011,CLE,0.2
Larry Johnson,RB,2011,MIA,0.2
Quinn Porter,RB,2011,LA,0
Rob Gronkowski,TE,2011,NE,330.9
Jimmy Graham,TE,2011,NO,294
Aaron Hernandez,TE,2011,NE,214.5
Tony Gonzalez,TE,2011,ATL,209.5
Jason Witten,TE,2011,DAL,203.2
Tim Tebow,TE,2011,DEN,199.16
Brandon Pettigrew,TE,2011,DET,190.7
Antonio Gates,TE,2011,LAC,183.8
Jermichael Finley,TE,2011,GB,179.7
Vernon Davis,TE,2011,SF,179.7
Dustin Keller,TE,2011,NYJ,174.5
Brent Celek,TE,2011,PHI,173.1
Kellen Winslow,TE,2011,TB,165.3
Fred Davis,TE,2011,WAS,154.6
Jermaine Gresham,TE,2011,CIN,149.6
Owen Daniels,TE,2011,HOU,139.7
Jared Cook,TE,2011,TEN,138.9
Ed Dickson,TE,2011,BAL,136.8
Greg Olsen,TE,2011,CAR,129
Heath Miller,TE,2011,PIT,124.7
Jake Ballard,TE,2011,NYG,122.4
Scott Chandler,TE,2011,BUF,110.9
Anthony Fasano,TE,2011,MIA,107.1
Jeremy Shockey,TE,2011,CAR,104.5
Joel Dreessen,TE,2011,HOU,99.3
Tony Scheffler,TE,2011,DET,99.2
Dennis Pitta,TE,2011,BAL,98.5
Visanthe Shiancoe,TE,2011,MIN,94.9
Evan Moore,TE,2011,CLE,90.4
Benjamin Watson,TE,2011,CLE,90
Marcedes Lewis,TE,2011,JAX,85
Kevin Boss,TE,2011,LV,82.8
Dallas Clark,TE,2011,IND,79.2
Jeff King,TE,2011,ARI,72.1
Kyle Rudolph,TE,2011,MIN,68.9
Kellen Davis,TE,2011,CHI,68.6
Daniel Fells,TE,2011,DEN,60.6
Lance Kendricks,TE,2011,LA,60.4
Todd Heap,TE,2011,ARI,58.3
Charles Clay,TE,2011,MIA,57.3
Delanie Walker,TE,2011,SF,57.3
Randy McMichael,TE,2011,LAC,57.1
Leonard Pope,TE,2011,KC,54.7
Zach Miller,TE,2011,SEA,48.3
Jacob Tamme,TE,2011,IND,42.7
Clay Harbor,TE,2011,PHI,35.3
Alex Smith,TE,2011,CLE,33.1
Craig Stevens,TE,2011,TEN,31.6
Martellus Bennett,TE,2011,DAL,31.4
Brandon Myers,TE,2011,LV,31.1
John Phillips,TE,2011,DAL,31.1
Anthony McCoy,TE,2011,SEA,27.6
David Johnson,TE,2011,PIT,27.1
Bear Pascoe,TE,2011,NYG,25.6
Logan Paulsen,TE,2011,WAS,24.8
Matt Spaeth,TE,2011,CHI,24
Rob Housler,TE,2011,ARI,23.3
Michael Palmer,TE,2011,ATL,23.2
Donald Lee,TE,2011,CIN,22.5
Luke Stocker,TE,2011,TB,21.2
Travis Beckum,TE,2011,NYG,20.3
Dante Rosario,TE,2011,DEN,18.7
Billy Bajema,TE,2011,LA,16.1
Zach Potter,TE,2011,JAX,16
Tom Crabtree,TE,2011,GB,15.8
Colin Cloherty,TE,2011,JAX,15.7
Colin Cochart,TE,2011,CIN,15.4
Michael Hoomanawanui,TE,2011,LA,15.3
Chris Cooley,TE,2011,WAS,14.8
Zach Miller,TE,2011,JAX,14.2
Brody Eldridge,TE,2011,IND,13.5
Cameron Morrah,TE,2011,SEA,13.5
Weslye Saunders,TE,2011,PIT,12.9
Jake O'Connell,TE,2011,KC,12.2
Josh Baker,TE,2011,NYJ,11.7
Richie Brockel,TE,2011,CAR,11.5
John Gilmore,TE,2011,NO,11
Matthew Mulligan,TE,2011,NYJ,10.8
Daniel Graham,TE,2011,TEN,10.5
Will Heller,TE,2011,DET,10.2
Jordan Cameron,TE,2011,CLE,9.3
Mike Caussin,TE,2011,BUF,9.1
Zack Pianalto,TE,2011,TB,8
Ryan Taylor,TE,2011,GB,7.4
Andrew Quarless,TE,2011,GB,6.6
David Thomas,TE,2011,NO,6.6
Anthony Becht,TE,2011,KC,5.6
Jeff Cumberland,TE,2011,NYJ,5.5
Virgil Green,TE,2011,DEN,5.4
Niles Paul,TE,2011,WAS,5.2
Lee Smith,TE,2011,BUF,5.1
Kevin Brock,TE,2011,BUF,4.7
Jim Dray,TE,2011,ARI,4.5
Kory Sperry,TE,2011,LAC,4.2
Garrett Graham,TE,2011,HOU,3.4
D.J. Williams,TE,2011,GB,3.3
David Ausberry,TE,2011,LV,3.2
Anthony Hill,TE,2011,IND,3
Justin Peelle,TE,2011,SF,2.9
Mike Sellers,TE,2011,WAS,2.5
Stephen Spach,TE,2011,LA,2.2
Jeron Mastrud,TE,2011,MIA,1.8
Reggie Kelly,TE,2011,ATL,1.7
Allen Reisner,TE,2011,MIN,1.5
Julius Thomas,TE,2011,DEN,1.5
Jimmy Kleinsasser,TE,2011,MIN,1.4
Mike Higgins,TE,2011,NO,1.4
Richard Gordon,TE,2011,LV,1.2
Collin Franklin,TE,2011,TB,0
Fendi Onobun,TE,2011,JAX,0
Martin Rucker,TE,2011,JAX,0
Calvin Johnson,WR,2011,DET,360.7
Wes Welker,WR,2011,NE,335.9
Victor Cruz,WR,2011,NYG,287.9
Jordy Nelson,WR,2011,GB,284.3
Roddy White,WR,2011,ATL,277.6
Larry Fitzgerald,WR,2011,ARI,269.1
Percy Harvin,WR,2011,MIN,268.2
Steve Smith,WR,2011,CAR,264
Marques Colston,WR,2011,NO,244.4
Mike Wallace,WR,2011,PIT,243
Brandon Marshall,WR,2011,MIA,237.7
Hakeem Nicks,WR,2011,NYG,237.2
Vincent Jackson,WR,2011,LAC,229.7
Dwayne Bowe,WR,2011,KC,228.1
Nate Washington,WR,2011,TEN,224.8
Steve Johnson,WR,2011,BUF,218.4
A.J. Green,WR,2011,CIN,218
Greg Jennings,WR,2011,GB,215.9
Dez Bryant,WR,2011,DAL,208.3
Laurent Robinson,WR,2011,DAL,205.8
Antonio Brown,WR,2011,PIT,201.9
Julio Jones,WR,2011,ATL,201.5
Pierre Garcon,WR,2011,IND,199.5
Brandon Lloyd,WR,2011,LA,196.6
Reggie Wayne,WR,2011,IND,195
Jabar Gaffney,WR,2011,WAS,190.7
Michael Crabtree,WR,2011,SF,186
Darrius Heyward-Bey,WR,2011,LV,183.5
DeSean Jackson,WR,2011,PHI,182.2
Torrey Smith,WR,2011,BAL,180
Jeremy Maclin,WR,2011,PHI,177
Nate Burleson,WR,2011,DET,175.6
Lance Moore,WR,2011,NO,166.7
Santonio Holmes,WR,2011,NYJ,165.1
Anquan Boldin,WR,2011,BAL,163.7
Malcom Floyd,WR,2011,LAC,158.6
Eric Decker,WR,2011,DEN,157.3
David Nelson,WR,2011,BUF,156.8
Mike Williams,WR,2011,TB,156.4
Plaxico Burress,WR,2011,NYJ,154.2
Steve Breaston,WR,2011,KC,154
Doug Baldwin,WR,2011,SEA,153.6
Early Doucet,WR,2011,ARI,152.9
Deion Branch,WR,2011,NE,151.2
Titus Young,WR,2011,DET,151.1
Jerome Simpson,WR,2011,CIN,146.5
Greg Little,WR,2011,CLE,145.4
Robert Meachem,WR,2011,NO,145.4
James Jones,WR,2011,GB,143.5
Miles Austin,WR,2011,DAL,143.2
Dexter McCluster,WR,2011,KC,138.4
Denarius Moore,WR,2011,LV,136.9
Damian Williams,WR,2011,TEN,134.2
Santana Moss,WR,2011,WAS,128.4
Josh Cribbs,WR,2011,CLE,125.3
Andre Roberts,WR,2011,ARI,124.3
Jason Avant,WR,2011,PHI,123.9
Johnny Knox,WR,2011,CHI,119.7
Davone Bess,WR,2011,MIA,119.6
Donald Driver,WR,2011,GB,117.5
Brandon LaFell,WR,2011,CAR,115.3
Mario Manningham,WR,2011,NYG,115.3
Preston Parker,WR,2011,TB,113.1
Demaryius Thomas,WR,2011,DEN,111.6
Austin Collie,WR,2011,IND,111.4
Dezmon Briscoe,WR,2011,TB,109.7
Kevin Walter,WR,2011,HOU,104.4
Jacoby Jones,WR,2011,HOU,101.9
Lavelle Hawkins,WR,2011,TEN,100
Roy Williams,WR,2011,CHI,99.7
Michael Jenkins,WR,2011,MIN,98.6
Legedu Naanee,WR,2011,CAR,97.78
Brian Hartline,WR,2011,MIA,96.8
Devery Henderson,WR,2011,NO,95.2
Harry Douglas,WR,2011,ATL,95.1
Andre Johnson,WR,2011,HOU,95
Sidney Rice,WR,2011,SEA,94.9
Hines Ward,WR,2011,PIT,94.1
Ben Obomanu,WR,2011,SEA,93.9
Golden Tate,WR,2011,SEA,92.6
Arrelious Benn,WR,2011,TB,91.4
Mike Thomas,WR,2011,JAX,90.6
Andre Caldwell,WR,2011,CIN,86.7
Brandon Gibson,WR,2011,LA,86.7
Devin Hester,WR,2011,CHI,86.3
Mohamed Massaquoi,WR,2011,CLE,81.4
Danario Alexander,WR,2011,LA,81.1
Randall Cobb,WR,2011,GB,81
Jason Hill,WR,2011,JAX,79.7
Devin Aromashodu,WR,2011,MIN,78.8
Dane Sanzenbacher,WR,2011,CHI,72.2
Jeremy Kerley,WR,2011,NYJ,70.84
Earl Bennett,WR,2011,CHI,66.1
Kyle Williams,WR,2011,SF,65.3
Donte' Stallworth,WR,2011,WAS,65
Jarett Dillard,WR,2011,JAX,64.2
Vincent Brown,WR,2011,LAC,63.9
Emmanuel Sanders,WR,2011,PIT,63.4
Chaz Schilens,WR,2011,LV,62.1
Kenny Britt,WR,2011,TEN,61.9
Jacoby Ford,WR,2011,LV,60
Ted Ginn,WR,2011,SF,59.8
Jordan Norwood,WR,2011,CLE,55.8
Derek Hagan,WR,2011,BUF,55.2
Greg Salas,WR,2011,LA,54.2
Patrick Crayton,WR,2011,LAC,53.8
Riley Cooper,WR,2011,PHI,53.5
Jon Baldwin,WR,2011,KC,52.4
Donald Jones,WR,2011,BUF,52.3
Austin Pettis,WR,2011,LA,52
Jerricho Cotchery,WR,2011,PIT,52
Louis Murphy,WR,2011,LV,52
Andrew Hawkins,WR,2011,CIN,51.8
Eddie Royal,WR,2011,DEN,51.3
Matt Willis,WR,2011,DEN,50.7
Chad Johnson,WR,2011,NE,48.6
Naaman Roosevelt,WR,2011,BUF,47.7
Mike Williams,WR,2011,SEA,47.6
Josh Morgan,WR,2011,SF,43
Chastin West,WR,2011,JAX,41.3
Derrick Mason,WR,2011,HOU,36
Braylon Edwards,WR,2011,SF,33.1
T.J. Houshmandzadeh,WR,2011,LV,31.6
Leonard Hankerson,WR,2011,WAS,31.3
Anthony Armstrong,WR,2011,WAS,31.2
Kevin Ogletree,WR,2011,DAL,29.7
Steve Smith,WR,2011,PHI,29.4
Mike Sims-Walker,WR,2011,JAX,27
Jesse Holley,WR,2011,DAL,23.9
Terrence Austin,WR,2011,WAS,23.7
Patrick Turner,WR,2011,NYJ,23.6
Bryant Johnson,WR,2011,HOU,21.1
Greg Camarillo,WR,2011,MIN,21.1
David Anderson,WR,2011,WAS,20.9
Eric Weems,WR,2011,ATL,20
Terrance Copper,WR,2011,KC,19.4
Sam Hurd,WR,2011,CHI,18.9
Ricardo Lockette,WR,2011,SEA,18.5
Ramses Barden,WR,2011,NYG,18.4
Keary Colbert,WR,2011,KC,17.9
Bernard Berrian,WR,2011,MIN,16.1
Ruvell Martin,WR,2011,BUF,15.2
Domenik Hixon,WR,2011,NYG,15
Jerheme Urban,WR,2011,KC,14.2
Julian Edelman,WR,2011,NE,14
Marc Mariani,WR,2011,TEN,13.8
Donnie Avery,WR,2011,TEN,13.5
Chad Hall,WR,2011,PHI,12.3
Lee Evans,WR,2011,BAL,11.4
Deon Butler,WR,2011,SEA,11.1
Cecil Shorts,WR,2011,JAX,11
Rashied Davis,WR,2011,DET,10.3
Danny Amendola,WR,2011,LA,9.5
Kassim Osgood,WR,2011,JAX,9.2
Sammie Stroughter,WR,2011,TB,9.2
LaQuan Williams,WR,2011,BAL,8.6
Nick Miller,WR,2011,LA,7.8
Devin Thomas,WR,2011,NYG,6.7
Ryan Whalen,WR,2011,CIN,6.7
DeMarco Sampson,WR,2011,ARI,6.6
Carlton Mitchell,WR,2011,CLE,6.1
Stefan Logan,WR,2011,DET,6.1
Brandon Tate,WR,2011,CIN,6
Kealoha Pilares,WR,2011,CAR,6
Kris Durham,WR,2011,SEA,6
Richard Goodman,WR,2011,LAC,6
Tiquan Underwood,WR,2011,NE,6
Chansi Stuckey,WR,2011,ARI,5.9
Taylor Price,WR,2011,JAX,5.9
Stephen Burton,WR,2011,MIN,5.8
Bryan Walters,WR,2011,LAC,5.7
Mark Clayton,WR,2011,LA,5.6
Matt Slater,WR,2011,NE,5.6
Brian Robiskie,WR,2011,CLE,5.5
Jordan Shipley,WR,2011,CIN,5.4
Adrian Arrington,WR,2011,NO,5.1
Clyde Gates,WR,2011,MIA,4.3
Brett Swain,WR,2011,SF,3.5
Micheal Spurlock,WR,2011,TB,3.3
Roscoe Parrish,WR,2011,BUF,2.6
Emmanuel Arceneaux,WR,2011,MIN,2
Maurice Stovall,WR,2011,DET,1.8
Brandon Stokley,WR,2011,NYG,1.7
David Reed,WR,2011,BAL,1.6
Seyi Ajirotutu,WR,2011,CAR,1.4
Armanti Edwards,WR,2011,CAR,0.94
Jeremy Horne,WR,2011,KC,0.5
Anthony Gonzalez,WR,2011,IND,0
Arnaz Battle,WR,2011,PIT,0
Jamar Newsome,WR,2011,JAX,0
Jerrel Jernigan,WR,2011,NYG,0
Joe Hastings,WR,2011,SF,0
Kerry Meier,WR,2011,ATL,0
Michael Clayton,WR,2011,NYG,0
Tandon Doss,WR,2011,BAL,0
Marcel Reece,FB,2012,LV,134.7
Mike Tolbert,FB,2012,CAR,114.1
James Casey,FB,2012,HOU,85.6
Jason Snelling,FB,2012,ATL,61.6
Vonta Leach,FB,2012,BAL,44.5
Michael Robinson,FB,2012,SEA,42.5
John Kuhn,FB,2012,GB,42.1
Jorvorskie Lane,FB,2012,MIA,38.2
Darrel Young,FB,2012,WAS,36.9
Jed Collins,FB,2012,NO,31
Erik Lorig,FB,2012,TB,26.3
Lawrence Vickers,FB,2012,DAL,24.5
Henry Hynoski,FB,2012,NYG,24
Bruce Miller,FB,2012,SF,22.2
Stanley Havili,FB,2012,PHI,19.5
Le'Ron McClain,FB,2012,LAC,15.1
Lex Hilliard,FB,2012,NYJ,9.6
Quinn Johnson,FB,2012,TEN,9.5
Chris Pressley,FB,2012,CIN,7.1
Jerome Felton,FB,2012,MIN,6.5
Mike Cox,FB,2012,ATL,5.2
Nate Eachus,FB,2012,KC,4.7
Corey McIntyre,FB,2012,BUF,1.9
Lousaka Polite,FB,2012,ATL,1.8
Reagan Maui'a,FB,2012,ARI,1.7
Will Ta'ufo'ou,FB,2012,JAX,1.5
Owen Schmitt,FB,2012,LV,0.1
Brit Miller,FB,2012,LA,0
Patrick DiMarco,FB,2012,KC,0
Jay Feely,K,2012,ARI,0
Matt Prater,K,2012,DEN,0
Shaun Suisham,K,2012,PIT,-0.1
Drew Brees,QB,2012,NO,345.58
Aaron Rodgers,QB,2012,GB,344.6
Tom Brady,QB,2012,NE,344.28
Cam Newton,QB,2012,CAR,322.86
Robert Griffin,QB,2012,WAS,317.5
Peyton Manning,QB,2012,DEN,310.96
Matt Ryan,QB,2012,ATL,304.86
Tony Romo,QB,2012,DAL,279.92
Matthew Stafford,QB,2012,DET,276.58
Andrew Luck,QB,2012,IND,276.46
Russell Wilson,QB,2012,SEA,275.62
Andy Dalton,QB,2012,CIN,250.76
Josh Freeman,QB,2012,TB,248.5
Joe Flacco,QB,2012,BAL,234.88
Eli Manning,QB,2012,NYG,232.92
Sam Bradford,QB,2012,LA,230.48
Carson Palmer,QB,2012,LV,224.32
Matt Schaub,QB,2012,HOU,223.82
Ben Roethlisberger,QB,2012,PIT,223.8
Ryan Fitzpatrick,QB,2012,BUF,213.7
Philip Rivers,QB,2012,LAC,208.24
Christian Ponder,QB,2012,MIN,194.2
Jay Cutler,QB,2012,CHI,184.62
Ryan Tannehill,QB,2012,MIA,182.86
Colin Kaepernick,QB,2012,SF,174.06
Brandon Weeden,QB,2012,CLE,166.5
Mike Vick,QB,2012,PHI,151.68
Jake Locker,QB,2012,TEN,132.14
Alex Smith,QB,2012,SF,122.68
Mark Sanchez,QB,2012,NYJ,118.12
Chad Henne,QB,2012,JAX,114.16
Blaine Gabbert,QB,2012,JAX,94.08
Nick Foles,QB,2012,PHI,86.16
Kevin Kolb,QB,2012,ARI,84.76
Matt Cassel,QB,2012,KC,78.34
Matt Hasselbeck,QB,2012,TEN,76.48
Brad Smith,QB,2012,BUF,62.8
Brady Quinn,QB,2012,KC,44.24
Kirk Cousins,QB,2012,WAS,32.84
John Skelton,QB,2012,ARI,31.78
Tyrod Taylor,QB,2012,BAL,18.46
Byron Leftwich,QB,2012,PIT,17.98
Jason Campbell,QB,2012,CHI,17.4
Charlie Batch,QB,2012,PIT,15
Shaun Hill,QB,2012,DET,14.78
Brian Hoyer,QB,2012,ARI,13.8
Ryan Lindley,QB,2012,ARI,12.78
Greg McElroy,QB,2012,NYJ,11.56
Thad Lewis,QB,2012,CLE,10.46
Kyle Orton,QB,2012,DAL,9.56
Matt Moore,QB,2012,MIA,8.94
Colt McCoy,QB,2012,CLE,8.66
T.J. Yates,QB,2012,HOU,5.42
Matt Leinart,QB,2012,LV,2.6
Bruce Gradkowski,QB,2012,CIN,2.4
Derek Anderson,QB,2012,CAR,2.32
Matt Flynn,QB,2012,SEA,2.22
Chase Daniel,QB,2012,NO,2.1
Dan Orlovsky,QB,2012,TB,2.04
Rusty Smith,QB,2012,TEN,1.36
Tyler Thigpen,QB,2012,BUF,1.1
Trent Edwards,QB,2012,PHI,0.56
David Carr,QB,2012,NYG,0.46
Kellen Clemens,QB,2012,LA,0.06
Joe Webb,QB,2012,MIN,-0.1
Luke McCown,QB,2012,ATL,-0.3
Brock Osweiler,QB,2012,DEN,-0.82
Graham Harrell,QB,2012,GB,-1.5
Josh Johnson,QB,2012,CLE,-2
Ryan Mallett,QB,2012,NE,-2.22
Adrian Peterson,RB,2012,MIN,347.4
Doug Martin,RB,2012,TB,311.6
Arian Foster,RB,2012,HOU,302.1
Ray Rice,RB,2012,BAL,283.1
Marshawn Lynch,RB,2012,SEA,269.6
C.J. Spiller,RB,2012,BUF,255.3
Alfred Morris,RB,2012,WAS,252
Jamaal Charles,RB,2012,KC,239.5
Frank Gore,RB,2012,SF,224.8
Matt Forte,RB,2012,CHI,221.4
Darren Sproles,RB,2012,NO,216.1
Chris Johnson,RB,2012,TEN,211.5
Reggie Bush,RB,2012,MIA,206.8
Stevan Ridley,RB,2012,NE,205.4
Steven Jackson,RB,2012,LA,200.6
LeSean McCoy,RB,2012,PHI,199.3
Shonn Greene,RB,2012,NYJ,186.4
Mikel Leshoure,RB,2012,DET,183.2
Ahmad Bradshaw,RB,2012,NYG,179
Michael Turner,RB,2012,ATL,175.8
BenJarvus Green-Ellis,RB,2012,CIN,173.8
Joique Bell,RB,2012,DET,157.9
Danny Woodhead,RB,2012,NE,156.7
Darren McFadden,RB,2012,LV,152.5
DeMarco Murray,RB,2012,DAL,146.4
DeAngelo Williams,RB,2012,CAR,143.4
Jacquizz Rodgers,RB,2012,ATL,141.4
Willis McGahee,RB,2012,DEN,139.2
Ryan Mathews,RB,2012,LAC,136.9
Pierre Thomas,RB,2012,NO,133.7
Vick Ballard,RB,2012,IND,131.6
Felix Jones,RB,2012,DAL,119.4
Fred Jackson,RB,2012,BUF,115.4
Knowshon Moreno,RB,2012,DEN,112.2
Andre Brown,RB,2012,NYG,109.1
Ronnie Brown,RB,2012,LAC,108.1
Mark Ingram,RB,2012,NO,99.1
Jonathan Dwyer,RB,2012,PIT,98.9
Bilal Powell,RB,2012,NYJ,98.7
Bryce Brown,RB,2012,PHI,93
Isaac Redman,RB,2012,PIT,90.4
LaRod Stephens-Howling,RB,2012,ARI,87.2
Michael Bush,RB,2012,CHI,86.4
Daryl Richardson,RB,2012,LA,85.8
Daniel Thomas,RB,2012,MIA,83.1
Jackie Battle,RB,2012,LAC,80.9
Jonathan Stewart,RB,2012,CAR,78.3
David Wilson,RB,2012,NYG,77.2
Alex Green,RB,2012,GB,76.9
Maurice Jones-Drew,RB,2012,JAX,76
Shaun Draughn,RB,2012,KC,73.1
Robert Turbin,RB,2012,SEA,72.5
Rashad Jennings,RB,2012,JAX,72.3
Bernard Pierce,RB,2012,BAL,70.9
Shane Vereen,RB,2012,NE,70
Donald Brown,RB,2012,IND,68
Kendall Hunter,RB,2012,SF,64.1
Mike Goodson,RB,2012,LV,63.6
Beanie Wells,RB,2012,ARI,54.8
Cedric Benson,RB,2012,GB,54.5
Toby Gerhart,RB,2012,MIN,54.4
William Powell,RB,2012,ARI,53.9
Ben Tate,RB,2012,HOU,53.8
Ronnie Hillman,RB,2012,DEN,53.2
Justin Forsett,RB,2012,HOU,50.2
Cedric Peerman,RB,2012,CIN,49.3
Peyton Hillis,RB,2012,KC,49.1
Montell Owens,RB,2012,JAX,48.2
Evan Royster,RB,2012,WAS,46.7
Chris Ogbonnaya,RB,2012,CLE,43.7
Kevin Smith,RB,2012,DET,43.3
Brandon Bolden,RB,2012,NE,42.5
Lamar Miller,RB,2012,MIA,41.5
Chris Rainey,RB,2012,PIT,40.2
Lance Ball,RB,2012,DEN,38.9
James Starks,RB,2012,GB,38.6
Rashard Mendenhall,RB,2012,PIT,37.4
Chris Ivory,RB,2012,NO,37.2
Montario Hardesty,RB,2012,CLE,36.7
Will Johnson,RB,2012,PIT,35.4
Delone Carter,RB,2012,IND,32.5
DuJuan Harris,RB,2012,GB,31.4
Curtis Brinkley,RB,2012,LAC,31.2
Tashard Choice,RB,2012,BUF,30.2
D.J. Ware,RB,2012,TB,29.1
Brian Leonard,RB,2012,CIN,28.3
LeGarrette Blount,RB,2012,TB,28.3
Ryan Grant,RB,2012,GB,27.6
Leon Washington,RB,2012,SEA,27.4
Jalen Parmele,RB,2012,JAX,27.3
Joe McKnight,RB,2012,NYJ,26.7
Jeremy Stewart,RB,2012,LV,24.3
Ryan Williams,RB,2012,ARI,23.8
Jamie Harper,RB,2012,TEN,22.8
Armando Allen,RB,2012,CHI,22
Jacob Hester,RB,2012,DEN,21.8
Anthony Dixon,RB,2012,SF,19.8
Mewelde Moore,RB,2012,IND,19.7
LaMichael James,RB,2012,SF,18.4
Greg Jones,RB,2012,JAX,18.2
Baron Batch,RB,2012,PIT,18
Dion Lewis,RB,2012,PHI,17.3
Lance Dunbar,RB,2012,DAL,16.8
Anthony Allen,RB,2012,BAL,15.3
Keith Toston,RB,2012,JAX,14.5
Phillip Tanner,RB,2012,DAL,14.2
Roy Helu,RB,2012,WAS,11.7
Isaiah Pead,RB,2012,LA,10
Travaris Cadet,RB,2012,NO,9.9
Brandon Jackson,RB,2012,CLE,9.4
Richard Murphy,RB,2012,JAX,9.2
Anthony Sherman,RB,2012,ARI,8.9
Kahlil Bell,RB,2012,CHI,8.9
Cyrus Gray,RB,2012,KC,8.2
Deji Karim,RB,2012,IND,6
Javon Ringer,RB,2012,TEN,5.6
Taiwan Jones,RB,2012,LV,5.2
Alfonso Smith,RB,2012,ARI,4.1
Bernard Scott,RB,2012,CIN,3.5
Johnny White,RB,2012,BUF,3.4
Jonathan Grimes,RB,2012,NYJ,3.3
Keiland Williams,RB,2012,DET,3.2
Kregg Lumpkin,RB,2012,NYG,2.2
Chris Gronkowski,RB,2012,DEN,2.1
Matt Asiata,RB,2012,MIN,2.1
Collin Mooney,RB,2012,TEN,1.9
Jordan Todman,RB,2012,JAX,1.8
Robert Hughes,RB,2012,IND,1.8
Shaun Chapas,RB,2012,DET,1.6
Da'Rel Scott,RB,2012,NYG,0.9
Brandon Jacobs,RB,2012,SF,0.7
Dan Herron,RB,2012,CIN,0.5
Antone Smith,RB,2012,ATL,0
Armond Smith,RB,2012,CAR,0
John Conner,RB,2012,CIN,0
Owen Marecic,RB,2012,CLE,0
Jimmy Graham,TE,2012,NO,237.2
Tony Gonzalez,TE,2012,ATL,234
Jason Witten,TE,2012,DAL,231.9
Heath Miller,TE,2012,PIT,202.6
Rob Gronkowski,TE,2012,NE,198
Brandon Myers,TE,2012,LV,183.6
Greg Olsen,TE,2012,CAR,183.3
Dennis Pitta,TE,2012,BAL,169.9
Owen Daniels,TE,2012,HOU,169.6
Jermaine Gresham,TE,2012,CIN,165.7
Kyle Rudolph,TE,2012,MIN,158.3
Martellus Bennett,TE,2012,NYG,147.6
Antonio Gates,TE,2012,LAC,144.8
Jermichael Finley,TE,2012,GB,137.7
Scott Chandler,TE,2012,BUF,134.1
Marcedes Lewis,TE,2012,JAX,130
Aaron Hernandez,TE,2012,NE,129.8
Brandon Pettigrew,TE,2012,DET,129.7
Brent Celek,TE,2012,PHI,129.4
Vernon Davis,TE,2012,SF,125.8
Lance Kendricks,TE,2012,LA,119.9
Jacob Tamme,TE,2012,DEN,119.5
Jared Cook,TE,2012,TEN,118.3
Benjamin Watson,TE,2012,CLE,117.1
Dwayne Allen,TE,2012,IND,115.6
Dallas Clark,TE,2012,TB,114.5
Joel Dreessen,TE,2012,DEN,106.6
Anthony Fasano,TE,2012,MIA,106.2
Tony Scheffler,TE,2012,DET,98.4
Zach Miller,TE,2012,SEA,93.6
Rob Housler,TE,2012,ARI,86.7
Tony Moeaki,TE,2012,KC,84.3
Jeff Cumberland,TE,2012,NYJ,82.9
Garrett Graham,TE,2012,HOU,72.3
Dustin Keller,TE,2012,NYJ,71.7
Delanie Walker,TE,2012,SF,71.4
Coby Fleener,TE,2012,IND,66.1
Anthony McCoy,TE,2012,SEA,65.1
Logan Paulsen,TE,2012,WAS,61.8
Fred Davis,TE,2012,WAS,56.6
Craig Stevens,TE,2012,TEN,56.5
Clay Harbor,TE,2012,PHI,53.6
Kellen Davis,TE,2012,CHI,51.9
Charles Clay,TE,2012,MIA,51.2
Jordan Cameron,TE,2012,CLE,48.6
Tom Crabtree,TE,2012,GB,46.3
David Thomas,TE,2012,NO,43.6
Ed Dickson,TE,2012,BAL,43.5
Luke Stocker,TE,2012,TB,38.5
Will Heller,TE,2012,DET,38
Dante Rosario,TE,2012,LAC,35.5
Jeff King,TE,2012,ARI,29.9
Niles Paul,TE,2012,WAS,29.1
Matthew Mulligan,TE,2012,LA,22.4
Gary Barnidge,TE,2012,CAR,19.8
John Phillips,TE,2012,DAL,19.5
Konrad Reuland,TE,2012,NYJ,19.3
Orson Charles,TE,2012,CIN,18.1
Dorin Dickerson,TE,2012,BUF,17.9
Alex Smith,TE,2012,CLE,17.7
Todd Heap,TE,2012,ARI,17.4
Lee Smith,TE,2012,BUF,17.3
James Hanna,TE,2012,DAL,16.6
David Ausberry,TE,2012,LV,16.2
Leonard Pope,TE,2012,PIT,15.9
Michael Hoomanawanui,TE,2012,NE,15.9
Kevin Boss,TE,2012,KC,15.5
Matt Spaeth,TE,2012,CHI,14.8
Michael Palmer,TE,2012,ATL,14.2
Randy McMichael,TE,2012,LAC,14.1
Bear Pascoe,TE,2012,NYG,13.5
Rhett Ellison,TE,2012,MIN,13.5
D.J. Williams,TE,2012,GB,12.7
Daniel Fells,TE,2012,NE,12.5
John Carlson,TE,2012,MIN,12.3
David Paulson,TE,2012,PIT,12.1
Tim Tebow,TE,2012,NYJ,11.76
Virgil Green,TE,2012,DEN,11.3
Nate Byham,TE,2012,TB,10.8
Taylor Thompson,TE,2012,TEN,10.6
Ladarius Green,TE,2012,LAC,9.6
Garrett Celek,TE,2012,SF,9.1
Richard Gordon,TE,2012,LV,8.9
Kyle Adams,TE,2012,CHI,8
Mike McNeill,TE,2012,LA,7.1
Evan Rodriguez,TE,2012,CHI,6.1
Ben Hartsock,TE,2012,CAR,5
Jake O'Connell,TE,2012,KC,4.8
Jim Dray,TE,2012,ARI,3.5
Weslye Saunders,TE,2012,IND,3.5
Cory Harkey,TE,2012,LA,3.1
Hayden Smith,TE,2012,NYJ,2.6
Zach Potter,TE,2012,JAX,2.6
Allen Reisner,TE,2012,MIN,2.3
Chase Coffman,TE,2012,ATL,2.2
Kellen Winslow,TE,2012,NE,2.2
Ryan Taylor,TE,2012,GB,2.1
Chris Cooley,TE,2012,WAS,1.8
Dominique Jones,TE,2012,IND,1.8
Tommy Gallarda,TE,2012,ATL,1.7
Evan Moore,TE,2012,PHI,1.6
Isaiah Stanback,TE,2012,JAX,1.6
Brad Smelley,TE,2012,CLE,1.3
Mike Higgins,TE,2012,NO,0.7
Billy Bajema,TE,2012,BAL,0
Richie Brockel,TE,2012,CAR,0
Travis Beckum,TE,2012,NYG,0
Visanthe Shiancoe,TE,2012,NE,0
Dedrick Epps,TE,2012,NYJ,-0.1
Calvin Johnson,WR,2012,DET,342.4
Brandon Marshall,WR,2012,CHI,334.6
A.J. Green,WR,2012,CIN,299.8
Dez Bryant,WR,2012,DAL,298.6
Andre Johnson,WR,2012,HOU,295.8
Demaryius Thomas,WR,2012,DEN,291.4
Wes Welker,WR,2012,NE,289.4
Eric Decker,WR,2012,DEN,269.4
Roddy White,WR,2012,ATL,269.1
Reggie Wayne,WR,2012,IND,269
Julio Jones,WR,2012,ATL,261.8
Vincent Jackson,WR,2012,TB,260.4
Marques Colston,WR,2012,NO,256.4
Victor Cruz,WR,2012,NYG,255.2
Michael Crabtree,WR,2012,SF,250.3
Randall Cobb,WR,2012,GB,242.6
James Jones,WR,2012,GB,226.4
Mike Williams,WR,2012,TB,217.72
Steve Johnson,WR,2012,BUF,217.6
Steve Smith,WR,2012,CAR,215.1
Lance Moore,WR,2012,NO,205.1
Jeremy Maclin,WR,2012,PHI,194.7
Mike Wallace,WR,2012,PIT,194.3
Miles Austin,WR,2012,DAL,194.3
Cecil Shorts,WR,2012,JAX,192.5
Brandon Lloyd,WR,2012,NE,189.1
T.Y. Hilton,WR,2012,IND,187
Brian Hartline,WR,2012,MIA,186.3
Justin Blackmon,WR,2012,JAX,184.8
Anquan Boldin,WR,2012,BAL,183.4
Torrey Smith,WR,2012,BAL,183.4
Larry Fitzgerald,WR,2012,ARI,174.8
Antonio Brown,WR,2012,PIT,173.1
Andre Roberts,WR,2012,ARI,172.8
Sidney Rice,WR,2012,SEA,168.4
Jordy Nelson,WR,2012,GB,167.5
Malcom Floyd,WR,2012,LAC,167.4
Percy Harvin,WR,2012,MIN,167.3
Denarius Moore,WR,2012,LV,166.6
Golden Tate,WR,2012,SEA,160.72
Josh Gordon,WR,2012,CLE,158.5
Jeremy Kerley,WR,2012,NYJ,157.18
Donnie Avery,WR,2012,IND,157
Dwayne Bowe,WR,2012,KC,155.1
Brandon Gibson,WR,2012,LA,150.1
Kendall Wright,WR,2012,TEN,149
Danny Amendola,WR,2012,LA,146.4
Santana Moss,WR,2012,WAS,145.7
Danario Alexander,WR,2012,LAC,144.8
Davone Bess,WR,2012,MIA,144.8
Nate Washington,WR,2012,TEN,144.6
Greg Little,WR,2012,CLE,143.2
Hakeem Nicks,WR,2012,NYG,140.2
Brandon LaFell,WR,2012,CAR,139.2
Darrius Heyward-Bey,WR,2012,LV,133.2
Chris Givens,WR,2012,LA,133
Pierre Garcon,WR,2012,WAS,132.2
Andrew Hawkins,WR,2012,CIN,131.3
Brandon Stokley,WR,2012,DEN,129.4
Kenny Britt,WR,2012,TEN,127.9
DeSean Jackson,WR,2012,PHI,126.3
Jason Avant,WR,2012,PHI,117.8
Rod Streater,WR,2012,LV,115.4
Josh Morgan,WR,2012,WAS,113.5
Michael Floyd,WR,2012,ARI,111.2
Leonard Hankerson,WR,2012,WAS,110.8
Donald Jones,WR,2012,BUF,109.3
Emmanuel Sanders,WR,2012,PIT,109
Dexter McCluster,WR,2012,KC,108.2
Domenik Hixon,WR,2012,NYG,107.7
Kevin Walter,WR,2012,HOU,104.8
Kevin Ogletree,WR,2012,DAL,100.5
Mario Manningham,WR,2012,SF,97.3
Michael Jenkins,WR,2012,MIN,96.9
Titus Young,WR,2012,DET,96.9
Greg Jennings,WR,2012,GB,96.6
Jacoby Jones,WR,2012,BAL,95.2
Randy Moss,WR,2012,SF,89.4
Harry Douglas,WR,2012,ATL,83.9
Doug Baldwin,WR,2012,SEA,83.6
Tiquan Underwood,WR,2012,TB,82.6
Austin Pettis,WR,2012,LA,80.1
Alshon Jeffery,WR,2012,CHI,78.7
Earl Bennett,WR,2012,CHI,78.5
Julian Edelman,WR,2012,NE,77
Travis Benjamin,WR,2012,CLE,70.4
Nate Burleson,WR,2012,DET,69.8
Trevor Graham,WR,2012,BUF,69.7
Chaz Schilens,WR,2012,NYJ,66.9
Rueben Randle,WR,2012,NYG,66.8
Jarius Wright,WR,2012,MIN,66.1
Joseph Morgan,WR,2012,NO,66
Riley Cooper,WR,2012,PHI,65.8
Ryan Broyles,WR,2012,DET,65
Louis Murphy,WR,2012,CAR,64.9
Stephen Hill,WR,2012,NYJ,64.2
Mohamed Sanu,WR,2012,CIN,63.82
Damian Williams,WR,2012,TEN,62.4
Micheal Spurlock,WR,2012,LAC,61
Devery Henderson,WR,2012,NO,60.9
Jon Baldwin,WR,2012,KC,58.5
Armon Binns,WR,2012,MIA,55.7
Eddie Royal,WR,2012,LAC,54.6
Aldrick Robinson,WR,2012,WAS,54.1
Devin Hester,WR,2012,CHI,53.8
Jordan Shipley,WR,2012,JAX,53.4
Dwayne Harris,WR,2012,DAL,53.2
Damaris Johnson,WR,2012,PHI,51.8
Jerome Simpson,WR,2012,MIN,51.4
Santonio Holmes,WR,2012,NYJ,51.2
Early Doucet,WR,2012,ARI,49.6
Marvin Jones,WR,2012,CIN,48.8
Laurent Robinson,WR,2012,JAX,47.2
Robert Meachem,WR,2012,LAC,46.1
Derek Hagan,WR,2012,LV,45.9
Braylon Edwards,WR,2012,NYJ,43.9
Kyle Williams,WR,2012,SF,43.3
Mohamed Massaquoi,WR,2012,CLE,42.4
Mike Thomas,WR,2012,DET,40.5
Brandon Tate,WR,2012,CIN,40.1
Clyde Gates,WR,2012,NYJ,39.6
Juron Criner,WR,2012,LV,39.1
Brian Quick,WR,2012,LA,38.6
Jerricho Cotchery,WR,2012,PIT,37.5
Ramses Barden,WR,2012,NYG,36
LaVon Brazill,WR,2012,IND,35.6
Deion Branch,WR,2012,NE,30.5
Darius Reynaud,WR,2012,TEN,29.8
Keshawn Martin,WR,2012,HOU,29.8
Devin Aromashodu,WR,2012,MIN,29.2
Cole Beasley,WR,2012,DAL,27.8
Donald Driver,WR,2012,GB,27.7
Lestar Jean,WR,2012,HOU,27.1
Steve Smith,WR,2012,LA,27.1
Jordan Norwood,WR,2012,CLE,26.8
Kris Durham,WR,2012,DET,26.5
Terrelle Pryor,WR,2012,LV,26.5
Rishard Matthews,WR,2012,MIA,26.1
Tandon Doss,WR,2012,BAL,25.3
Marlon Moore,WR,2012,MIA,24.5
Kevin Elliott,WR,2012,JAX,20.8
DeVier Posey,WR,2012,HOU,20.4
Matt Willis,WR,2012,DEN,19
Josh Cooper,WR,2012,CLE,18.6
Josh Cribbs,WR,2012,CLE,17.5
Armanti Edwards,WR,2012,CAR,17.1
Terrance Copper,WR,2012,KC,16
Trindon Holliday,WR,2012,DEN,15.7
Marcus Thigpen,WR,2012,MIA,15.3
Stephen Burton,WR,2012,MIN,14.5
Brian Robiskie,WR,2012,DET,14.4
Steve Breaston,WR,2012,KC,14.4
Drew Davis,WR,2012,ATL,14
Donte' Stallworth,WR,2012,NE,13.3
Plaxico Burress,WR,2012,PIT,13.2
Kealoha Pilares,WR,2012,CAR,12.7
Jamar Newsome,WR,2012,KC,12.3
Ryan Whalen,WR,2012,CIN,12.3
David Reed,WR,2012,BAL,11.6
Devon Wylie,WR,2012,KC,11.3
Lavelle Hawkins,WR,2012,TEN,11.2
Ben Obomanu,WR,2012,SEA,10.9
Michael Preston,WR,2012,TEN,10.9
Jabar Gaffney,WR,2012,MIA,10.8
Stefan Logan,WR,2012,DET,10.5
Deonte Thompson,WR,2012,BAL,10.1
Jason Hill,WR,2012,NYJ,9.5
Greg Camarillo,WR,2012,NO,8.4
Arrelious Benn,WR,2012,TB,8.2
Charly Martin,WR,2012,SEA,8.2
Ruvell Martin,WR,2012,BUF,8.1
Courtney Roby,WR,2012,NO,7.9
Jarrett Boykin,WR,2012,GB,7.7
Seyi Ajirotutu,WR,2012,LAC,7.5
Toney Clemons,WR,2012,JAX,7.1
Jermaine Kearse,WR,2012,SEA,6.1
Jerrel Jernigan,WR,2012,NYG,5.8
David Nelson,WR,2012,BUF,5.1
Eric Weems,WR,2012,CHI,4.7
Kris Adams,WR,2012,IND,4.6
Dezmon Briscoe,WR,2012,WAS,4.3
Andre Caldwell,WR,2012,DEN,4.2
Anthony Armstrong,WR,2012,MIA,4.2
Mardy Gilyard,WR,2012,NYJ,3.5
Chris Owusu,WR,2012,TB,3.4
Andre Holmes,WR,2012,DAL,3.1
Joe Adams,WR,2012,CAR,3
Ted Ginn,WR,2012,SF,2.8
Sammie Stroughter,WR,2012,TB,2.4
Jordan White,WR,2012,NYJ,2.3
LaRon Byrd,WR,2012,ARI,1.8
Dane Sanzenbacher,WR,2012,CHI,1.7
Austin Collie,WR,2012,IND,1.6
Legedu Naanee,WR,2012,MIA,0.9
David Gilreath,WR,2012,PIT,0.7
Preston Parker,WR,2012,TB,0.7
Nathan Palmer,WR,2012,IND,0.6
A.J. Jenkins,WR,2012,SF,0
Kevin Cone,WR,2012,ATL,0
Marvin McNutt,WR,2012,PHI,0
Mike Brown,WR,2012,JAX,0
Patrick Turner,WR,2012,NYJ,0
Richard Goodman,WR,2012,LAC,0
Mike Tolbert,FB,2013,CAR,123.5
Marcel Reece,FB,2013,LV,111.78
Jason Snelling,FB,2013,ATL,90.8
Bruce Miller,FB,2013,SF,50.6
Darrel Young,FB,2013,WAS,39.2
Stanley Havili,FB,2013,IND,37.5
Frank Summers,FB,2013,BUF,31.5
John Kuhn,FB,2013,GB,30.9
Jed Collins,FB,2013,NO,29.9
Tommy Bohanon,FB,2013,NYJ,24.1
Vonta Leach,FB,2013,BAL,24
Derrick Coleman,FB,2013,SEA,20.5
James Develin,FB,2013,NE,17.2
Erik Lorig,FB,2013,TB,15.7
Will Ta'ufo'ou,FB,2013,JAX,14.1
Jamize Olawale,FB,2013,LV,13.9
Patrick DiMarco,FB,2013,ATL,12.9
Jerome Felton,FB,2013,MIN,9.7
Tony Fiammetta,FB,2013,CHI,9.7
James Casey,FB,2013,PHI,6.1
Bradie Ewing,FB,2013,ATL,4.9
Michael Robinson,FB,2013,SEA,4.7
Le'Ron McClain,FB,2013,LAC,4.5
Zach Line,FB,2013,MIN,1.8
Henry Hynoski,FB,2013,NYG,1.5
Kyle Juszczyk,FB,2013,BAL,0
Quinn Johnson,FB,2013,TEN,0
Tyler Clutts,FB,2013,DAL,-0.6
Shaun Suisham,K,2013,PIT,-1.2
Peyton Manning,QB,2013,DEN,409.98
Drew Brees,QB,2013,NO,357.68
Cam Newton,QB,2013,CAR,297.66
Andrew Luck,QB,2013,IND,292.58
Philip Rivers,QB,2013,LAC,288.32
Andy Dalton,QB,2013,CIN,288.02
Matthew Stafford,QB,2013,DET,278.9
Russell Wilson,QB,2013,SEA,270.18
Colin Kaepernick,QB,2013,SF,264.28
Tony Romo,QB,2013,DAL,260.92
Nick Foles,QB,2013,PHI,259.74
Ben Roethlisberger,QB,2013,PIT,258.34
Alex Smith,QB,2013,KC,254.22
Tom Brady,QB,2013,NE,251.52
Matt Ryan,QB,2013,ATL,248.1
Ryan Tannehill,QB,2013,MIA,238.32
Carson Palmer,QB,2013,ARI,217.26
Robert Griffin,QB,2013,WAS,213.02
Joe Flacco,QB,2013,BAL,207.58
Geno Smith,QB,2013,NYJ,194.74
Eli Manning,QB,2013,NYG,170.32
Aaron Rodgers,QB,2013,GB,169.44
Jay Cutler,QB,2013,CHI,168.64
Ryan Fitzpatrick,QB,2013,TEN,167.66
Chad Henne,QB,2013,JAX,161.34
Mike Glennon,QB,2013,TB,158.02
Josh McCown,QB,2013,CHI,136.06
EJ Manuel,QB,2013,BUF,133.48
Sam Bradford,QB,2013,LA,118.58
Jason Campbell,QB,2013,CLE,115.3
Matt Cassel,QB,2013,MIN,107.98
Christian Ponder,QB,2013,MIN,107.02
Matt Schaub,QB,2013,HOU,104.8
Case Keenum,QB,2013,HOU,103.6
Mike Vick,QB,2013,PHI,101.2
Jake Locker,QB,2013,TEN,99.74
Brandon Weeden,QB,2013,CLE,89.64
Kellen Clemens,QB,2013,LA,85.32
Matt McGloin,QB,2013,LV,78.58
Matt Flynn,QB,2013,GB,72.18
Thad Lewis,QB,2013,BUF,58.88
Brian Hoyer,QB,2013,CLE,40.2
Scott Tolzien,QB,2013,GB,34.18
Kirk Cousins,QB,2013,WAS,33.56
Josh Freeman,QB,2013,MIN,30.44
Kyle Orton,QB,2013,DAL,20.72
Chase Daniel,QB,2013,KC,17.12
Tarvaris Jackson,QB,2013,SEA,16.14
Blaine Gabbert,QB,2013,JAX,12.44
Jeff Tuel,QB,2013,BUF,12.06
Matt Simms,QB,2013,NYJ,9.94
Joe Webb,QB,2013,MIN,8.3
Tyrod Taylor,QB,2013,BAL,6.08
Brad Smith,QB,2013,PHI,4.9
Brock Osweiler,QB,2013,DEN,4
Seneca Wallace,QB,2013,GB,3.56
Dominique Davis,QB,2013,ATL,3.36
Matt Hasselbeck,QB,2013,IND,3
Josh Johnson,QB,2013,CIN,2
Matt Barkley,QB,2013,PHI,1.8
T.J. Yates,QB,2013,HOU,0.52
Derek Anderson,QB,2013,CAR,0
Colt McCoy,QB,2013,SF,-0.08
Shaun Hill,QB,2013,DET,-0.2
Luke McCown,QB,2013,NO,-0.4
Charlie Whitehurst,QB,2013,LAC,-0.5
Matt Moore,QB,2013,MIA,-1.88
Curtis Painter,QB,2013,NYG,-1.92
Jamaal Charles,RB,2013,KC,378
Matt Forte,RB,2013,CHI,337.3
LeSean McCoy,RB,2013,PHI,330.6
Knowshon Moreno,RB,2013,DEN,296.6
Marshawn Lynch,RB,2013,SEA,275.3
DeMarco Murray,RB,2013,DAL,258.1
Eddie Lacy,RB,2013,GB,242.5
Chris Johnson,RB,2013,TEN,240.2
Reggie Bush,RB,2013,DET,239.2
Fred Jackson,RB,2013,BUF,234.7
Adrian Peterson,RB,2013,MIN,232.7
Danny Woodhead,RB,2013,LAC,223.4
Giovani Bernard,RB,2013,CIN,222.9
Le'Veon Bell,RB,2013,PIT,216.9
Joique Bell,RB,2013,DET,216.7
Pierre Thomas,RB,2013,NO,213.2
Ryan Mathews,RB,2013,LAC,210.4
Frank Gore,RB,2013,SF,190.9
Maurice Jones-Drew,RB,2013,JAX,187.02
Zac Stacy,RB,2013,LA,183.4
Alfred Morris,RB,2013,WAS,178.3
Ray Rice,RB,2013,BAL,178.1
Darren Sproles,RB,2013,NO,175.4
Rashad Jennings,RB,2013,LV,174.5
Andre Ellington,RB,2013,ARI,165.3
DeAngelo Williams,RB,2013,CAR,163.6
Cordarrelle Patterson,RB,2013,MIN,161.7
C.J. Spiller,RB,2013,BUF,154.8
Donald Brown,RB,2013,IND,150.1
Steven Jackson,RB,2013,ATL,148.4
Ben Tate,RB,2013,HOU,145.1
Rashard Mendenhall,RB,2013,ARI,144.1
Jacquizz Rodgers,RB,2013,ATL,141.3
Bilal Powell,RB,2013,NYJ,140.1
Shane Vereen,RB,2013,NE,134.5
Stevan Ridley,RB,2013,NE,127.5
Lamar Miller,RB,2013,MIA,123.9
LeGarrette Blount,RB,2013,NE,121
BenJarvus Green-Ellis,RB,2013,CIN,119.8
Chris Ogbonnaya,RB,2013,CLE,114.3
Bobby Rainey,RB,2013,TB,110.2
Arian Foster,RB,2013,HOU,108.5
Montee Ball,RB,2013,DEN,108.4
Roy Helu,RB,2013,WAS,107.5
Chris Ivory,RB,2013,NYJ,104.3
Darren McFadden,RB,2013,LV,98.34
Daniel Thomas,RB,2013,MIA,97.9
Andre Brown,RB,2013,NYG,93.5
James Starks,RB,2013,GB,92.2
Bernard Pierce,RB,2013,BAL,86
Brandon Bolden,RB,2013,NE,81.3
Knile Davis,RB,2013,KC,70.7
Doug Martin,RB,2013,TB,70.2
Jordan Todman,RB,2013,JAX,69.2
Brian Leonard,RB,2013,TB,65.1
Shonn Greene,RB,2013,TEN,63.4
Bryce Brown,RB,2013,PHI,61.8
Kendall Hunter,RB,2013,SF,61.1
Toby Gerhart,RB,2013,MIN,60.1
Mark Ingram,RB,2013,NO,58.4
Willis McGahee,RB,2013,CLE,57.7
Peyton Hillis,RB,2013,NYG,57.3
Fozzy Whittaker,RB,2013,CLE,56.4
Michael Bush,RB,2013,CHI,52.5
Ronnie Hillman,RB,2013,DEN,49.7
Brandon Jacobs,RB,2013,NYG,49.1
Mike James,RB,2013,TB,47.88
Daryl Richardson,RB,2013,LA,47.6
Benny Cunningham,RB,2013,LA,44
Edwin Baker,RB,2013,CLE,42.8
Joseph Randle,RB,2013,DAL,42.5
Ahmad Bradshaw,RB,2013,IND,41.8
Robert Turbin,RB,2013,SEA,40.4
Matt Asiata,RB,2013,MIN,38.9
Chris Polk,RB,2013,PHI,37.9
Anthony Sherman,RB,2013,KC,37.8
Ronnie Brown,RB,2013,LAC,35.7
Da'Rel Scott,RB,2013,NYG,34.5
Jonathan Dwyer,RB,2013,PIT,34.1
Felix Jones,RB,2013,PIT,31.7
Dennis Johnson,RB,2013,HOU,30.9
Antone Smith,RB,2013,ATL,29.5
Jonathan Stewart,RB,2013,CAR,29.4
Khiry Robinson,RB,2013,NO,28.4
Jackie Battle,RB,2013,TEN,27.8
Stepfan Taylor,RB,2013,ARI,26.6
Justin Forsett,RB,2013,JAX,26.3
Alfonso Smith,RB,2013,ARI,26.2
Lance Dunbar,RB,2013,DAL,25.9
Jonathan Grimes,RB,2013,HOU,24.9
Anthony Dixon,RB,2013,SF,23.6
Tashard Choice,RB,2013,IND,23.5
Isaiah Pead,RB,2013,LA,22.9
Johnathan Franklin,RB,2013,GB,21.7
David Wilson,RB,2013,NYG,19.4
Will Johnson,RB,2013,PIT,18.1
Theo Riddick,RB,2013,DET,15.1
Jeremy Stewart,RB,2013,LV,14.8
Cyrus Gray,RB,2013,KC,14
Phillip Tanner,RB,2013,DAL,13.5
Dan Herron,RB,2013,IND,10
Mike Goodson,RB,2013,NYJ,10
Taiwan Jones,RB,2013,LV,9.8
LaMichael James,RB,2013,SF,9.5
Collin Mooney,RB,2013,TEN,9.2
John Conner,RB,2013,NYG,9.1
Greg Jones,RB,2013,HOU,8.6
Michael Cox,RB,2013,NYG,8.5
Travaris Cadet,RB,2013,NO,8.5
Christine Michael,RB,2013,SEA,7.9
Vick Ballard,RB,2013,IND,6.8
Isaac Redman,RB,2013,PIT,6.6
Michael Hill,RB,2013,TB,6.6
Jeff Demps,RB,2013,TB,6.5
Alex Green,RB,2013,NYJ,6.3
Deji Karim,RB,2013,HOU,6
LaRod Stephens-Howling,RB,2013,PIT,5
Denard Robinson,RB,2013,JAX,4.6
Bernard Scott,RB,2013,BAL,4.4
C.J. Anderson,RB,2013,DEN,3.8
Kenjon Barner,RB,2013,CAR,3.4
Ray Graham,RB,2013,HOU,3
Joe Banyard,RB,2013,MIN,2.1
Mike Gillislee,RB,2013,MIA,2.1
Cedric Peerman,RB,2013,CIN,1.7
Robert Hughes,RB,2013,IND,1.6
Ronnie Wingo,RB,2013,BUF,1.6
Evan Royster,RB,2013,WAS,1.3
Spencer Ware,RB,2013,SEA,1
Cierre Wood,RB,2013,HOU,0.9
Mikel Leshoure,RB,2013,DET,0.9
Josh Vaughan,RB,2013,ATL,0.6
Armond Smith,RB,2013,CAR,0.5
Shaun Draughn,RB,2013,BAL,0.2
Leon Washington,RB,2013,NE,0.1
Chris Rainey,RB,2013,IND,0
Jimmy Graham,TE,2013,NO,303.5
Tony Gonzalez,TE,2013,ATL,218.9
Julius Thomas,TE,2013,DEN,215.8
Jordan Cameron,TE,2013,CLE,213.7
Vernon Davis,TE,2013,SF,213
Jason Witten,TE,2013,DAL,206.1
Greg Olsen,TE,2013,CAR,190.6
Charles Clay,TE,2013,MIA,188.4
Antonio Gates,TE,2013,LAC,184.2
Martellus Bennett,TE,2013,CHI,168.9
Delanie Walker,TE,2013,TEN,153.1
Jared Cook,TE,2013,LA,146.1
Timothy Wright,TE,2013,TB,141.3
Coby Fleener,TE,2013,IND,140.8
Garrett Graham,TE,2013,HOU,131.5
Scott Chandler,TE,2013,BUF,128.5
Brandon Myers,TE,2013,NYG,123.2
Rob Gronkowski,TE,2013,NE,122.2
Heath Miller,TE,2013,PIT,121.3
Brent Celek,TE,2013,PHI,116.2
Jordan Reed,TE,2013,WAS,114.7
Jermaine Gresham,TE,2013,CIN,109.8
Zach Ertz,TE,2013,PHI,106.9
Mychal Rivera,TE,2013,LV,102.7
Zach Miller,TE,2013,SEA,101.7
Tyler Eifert,TE,2013,CIN,95.5
Brandon Pettigrew,TE,2013,DET,92.6
Rob Housler,TE,2013,ARI,90.4
Jeff Cumberland,TE,2013,NYJ,89.8
Dallas Clark,TE,2013,BAL,83.3
Marcedes Lewis,TE,2013,JAX,82.9
Joseph Fauria,TE,2013,DET,82.7
Kellen Winslow,TE,2013,NYJ,81.8
Lance Kendricks,TE,2013,LA,81.8
Kyle Rudolph,TE,2013,MIN,79.3
Andrew Quarless,TE,2013,GB,75.2
Jermichael Finley,TE,2013,GB,73
Ladarius Green,TE,2013,LAC,72.6
John Carlson,TE,2013,MIN,72.4
Logan Paulsen,TE,2013,WAS,68.7
Sean McGrath,TE,2013,KC,68.2
Owen Daniels,TE,2013,HOU,67.2
Clay Harbor,TE,2013,JAX,63.2
Anthony Fasano,TE,2013,KC,61
Ed Dickson,TE,2013,BAL,58.3
Jim Dray,TE,2013,ARI,57.5
Benjamin Watson,TE,2013,NO,53.6
Luke Willson,TE,2013,SEA,53.2
Ryan Griffin,TE,2013,HOU,49.4
Jacob Tamme,TE,2013,DEN,44.4
Dennis Pitta,TE,2013,BAL,42.9
Gary Barnidge,TE,2013,CLE,37.7
Cory Harkey,TE,2013,LA,36.3
Gavin Escobar,TE,2013,DAL,34.4
Michael Hoomanawanui,TE,2013,NE,31.6
Levine Toilolo,TE,2013,ATL,28.5
Jake Ballard,TE,2013,ARI,26.5
Brandon Bostick,TE,2013,GB,25
Chase Ford,TE,2013,MIN,24.3
Bear Pascoe,TE,2013,NYG,20.3
Fred Davis,TE,2013,WAS,20
Vance McDonald,TE,2013,SF,19.9
James Hanna,TE,2013,DAL,19.3
Joel Dreessen,TE,2013,DEN,17.7
Rhett Ellison,TE,2013,MIN,17.1
Chris Gragg,TE,2013,BUF,16.3
Josh Hill,TE,2013,NO,15.6
Dion Sims,TE,2013,MIA,15.2
Tony Scheffler,TE,2013,DET,15.2
Jeron Mastrud,TE,2013,LV,14.8
Danny Noble,TE,2013,JAX,14.3
David Paulson,TE,2013,PIT,14.2
Michael Egnew,TE,2013,MIA,13.9
Virgil Green,TE,2013,DEN,13.5
Lee Smith,TE,2013,BUF,12.8
Kellen Davis,TE,2013,SEA,12.2
Tom Crabtree,TE,2013,TB,12.1
Zach Sudfeld,TE,2013,NYJ,11.3
David Johnson,TE,2013,PIT,11
Taylor Thompson,TE,2013,TEN,10.3
Alex Smith,TE,2013,CIN,10.2
Matthew Mulligan,TE,2013,NE,9.6
Niles Paul,TE,2013,WAS,9.1
Allen Reisner,TE,2013,JAX,9
Dwayne Allen,TE,2013,IND,9
Ryan Taylor,TE,2013,GB,9
Weslye Saunders,TE,2013,IND,8.6
Matt Spaeth,TE,2013,PIT,8.1
Nick Kasa,TE,2013,LV,7.9
MarQueis Gray,TE,2013,CLE,7.1
John Phillips,TE,2013,LAC,7
Jack Doyle,TE,2013,IND,6.9
Nate Byham,TE,2013,TB,6.8
Kevin Brock,TE,2013,KC,6.6
Larry Donnell,TE,2013,NYG,6.1
Garrett Celek,TE,2013,SF,5.8
Dominique Jones,TE,2013,IND,5.4
Dorin Dickerson,TE,2013,DET,5.4
Billy Bajema,TE,2013,BAL,3.8
Kory Sperry,TE,2013,ARI,2.6
Craig Stevens,TE,2013,TEN,2.5
Dante Rosario,TE,2013,CHI,2.3
Richie Brockel,TE,2013,CAR,2.3
Visanthe Shiancoe,TE,2013,TEN,2.2
Michael Palmer,TE,2013,PIT,1.8
Orson Charles,TE,2013,CIN,1.8
Konrad Reuland,TE,2013,NYJ,1.7
Mike McNeill,TE,2013,LA,1.5
Justice Cunningham,TE,2013,IND,1.4
Richard Gordon,TE,2013,KC,1.3
Chase Coffman,TE,2013,ATL,0
D.J. Williams,TE,2013,NE,0
Evan Rodriguez,TE,2013,BUF,0
Demaryius Thomas,WR,2013,DEN,319
Antonio Brown,WR,2013,PIT,314.9
Josh Gordon,WR,2013,CLE,314.4
A.J. Green,WR,2013,CIN,306.6
Brandon Marshall,WR,2013,CHI,305.5
Calvin Johnson,WR,2013,DET,303.2
Dez Bryant,WR,2013,DAL,292.4
Alshon Jeffery,WR,2013,CHI,283.6
Eric Decker,WR,2013,DEN,279.8
Andre Johnson,WR,2013,HOU,279.7
Pierre Garcon,WR,2013,WAS,277.5
DeSean Jackson,WR,2013,PHI,269.4
Jordy Nelson,WR,2013,GB,264.4
Julian Edelman,WR,2013,NE,251.7
Anquan Boldin,WR,2013,SF,246
Vincent Jackson,WR,2013,TB,242.4
Larry Fitzgerald,WR,2013,ARI,236.2
Keenan Allen,WR,2013,LAC,221.6
T.Y. Hilton,WR,2013,IND,220.9
Kendall Wright,WR,2013,TEN,213.9
Wes Welker,WR,2013,DEN,210.8
Torrey Smith,WR,2013,BAL,203.8
Harry Douglas,WR,2013,ATL,201.7
Brian Hartline,WR,2013,MIA,201.6
Marques Colston,WR,2013,NO,199.3
Mike Wallace,WR,2013,MIA,199.3
Michael Floyd,WR,2013,ARI,199.1
Victor Cruz,WR,2013,NYG,194.8
Marvin Jones,WR,2013,CIN,188.7
Golden Tate,WR,2013,SEA,186.9
Riley Cooper,WR,2013,PHI,182.5
Emmanuel Sanders,WR,2013,PIT,181.5
Rod Streater,WR,2013,LV,172.5
Greg Jennings,WR,2013,MIN,172.4
Nate Washington,WR,2013,TEN,167.9
Jerricho Cotchery,WR,2013,PIT,165.7
Steve Smith,WR,2013,CAR,162.5
Cecil Shorts,WR,2013,JAX,161.7
Eddie Royal,WR,2013,LAC,160.2
James Jones,WR,2013,GB,158.7
Doug Baldwin,WR,2013,SEA,158.4
Dwayne Bowe,WR,2013,KC,154.3
Roddy White,WR,2013,ATL,150.1
Terrance Williams,WR,2013,DAL,148
Hakeem Nicks,WR,2013,NYG,145.6
Denarius Moore,WR,2013,LV,145.5
Marlon Brown,WR,2013,BAL,145.2
Terrelle Pryor,WR,2013,LV,143.52
Brandon LaFell,WR,2013,CAR,143.2
DeAndre Hopkins,WR,2013,HOU,142.2
Rueben Randle,WR,2013,NYG,138.1
Jarrett Boykin,WR,2013,GB,135.1
Tavon Austin,WR,2013,LA,130.9
Steve Johnson,WR,2013,BUF,130.7
Danny Amendola,WR,2013,NE,129.4
Dexter McCluster,WR,2013,KC,128.6
Kenny Stills,WR,2013,NO,127.1
Jerome Simpson,WR,2013,MIN,126.6
Ted Ginn,WR,2013,CAR,124.5
Robert Woods,WR,2013,BUF,120.3
Jeremy Kerley,WR,2013,NYJ,114.4
Aaron Dobson,WR,2013,NE,112.9
Ace Sanders,WR,2013,JAX,110.64
Donnie Avery,WR,2013,KC,110.2
Julio Jones,WR,2013,ATL,109.7
Randall Cobb,WR,2013,GB,106.1
Mohamed Sanu,WR,2013,CIN,105.1
Reggie Wayne,WR,2013,IND,102.8
Kenbrell Thompkins,WR,2013,NE,102.6
Andre Roberts,WR,2013,ARI,102.1
Austin Pettis,WR,2013,LA,101.9
Jacoby Jones,WR,2013,BAL,100.5
Santana Moss,WR,2013,WAS,99.7
Greg Little,WR,2013,CLE,99.5
Rishard Matthews,WR,2013,MIA,97.8
Kris Durham,WR,2013,DET,97
Lance Moore,WR,2013,NO,94.7
Vincent Brown,WR,2013,LAC,94.2
Jason Avant,WR,2013,PHI,92.7
Davone Bess,WR,2013,CLE,92.2
Tiquan Underwood,WR,2013,TB,92
David Nelson,WR,2013,NYJ,90.3
Nate Burleson,WR,2013,DET,90.3
Chris Givens,WR,2013,LA,89.7
Cole Beasley,WR,2013,DAL,87.8
Jarius Wright,WR,2013,MIN,87.4
Mike Brown,WR,2013,JAX,86.6
Jerrel Jernigan,WR,2013,NYG,85.6
Leonard Hankerson,WR,2013,WAS,85.5
Earl Bennett,WR,2013,CHI,82.3
Brandon Gibson,WR,2013,MIA,80.6
Jermaine Kearse,WR,2013,SEA,80.6
Justin Hunter,WR,2013,TEN,77.4
Justin Blackmon,WR,2013,JAX,76.4
Santonio Holmes,WR,2013,NYJ,74.6
Andre Holmes,WR,2013,LV,74.1
Darrius Heyward-Bey,WR,2013,IND,70.5
Trevor Graham,WR,2013,BUF,70.5
Aldrick Robinson,WR,2013,WAS,66.1
Keshawn Martin,WR,2013,HOU,65.3
Marquise Goodwin,WR,2013,BUF,62.6
Stephen Hill,WR,2013,NYJ,62.2
Griff Whalen,WR,2013,IND,61.9
Robert Meachem,WR,2013,NO,60.3
Brian Quick,WR,2013,LA,60.2
Kevin Ogletree,WR,2013,DET,59.9
Mike Williams,WR,2013,TB,55.6
Tandon Doss,WR,2013,BAL,55.5
Andre Caldwell,WR,2013,DEN,54.7
Sidney Rice,WR,2013,SEA,54.1
Michael Crabtree,WR,2013,SF,53.4
Kerry Taylor,WR,2013,JAX,50.9
Stedman Bailey,WR,2013,LA,48.9
Miles Austin,WR,2013,DAL,48.4
Darius Johnson,WR,2013,ATL,47
Drew Davis,WR,2013,ATL,45.6
Da'Rick Rogers,WR,2013,IND,45.2
Josh Morgan,WR,2013,WAS,42.7
LaVon Brazill,WR,2013,IND,40.1
Junior Hemingway,WR,2013,KC,37.5
Dwayne Harris,WR,2013,DAL,35.6
Jeremy Ross,WR,2013,DET,34.7
Damian Williams,WR,2013,TEN,32.8
Andrew Hawkins,WR,2013,CIN,32.2
Jaron Brown,WR,2013,ARI,31
DeVier Posey,WR,2013,HOU,30.5
Travis Benjamin,WR,2013,CLE,26
Kyle Williams,WR,2013,SF,25.6
Marcus Thigpen,WR,2013,MIA,25.5
Brandon Stokley,WR,2013,BAL,24.5
Chris Owusu,WR,2013,TB,24.4
Clyde Gates,WR,2013,NYJ,24.2
Jacoby Ford,WR,2013,LV,22.4
Greg Salas,WR,2013,NYJ,22.3
A.J. Jenkins,WR,2013,KC,21.6
Josh Boyce,WR,2013,NE,21.1
Malcom Floyd,WR,2013,LAC,20.9
Michael Preston,WR,2013,TEN,20.7
Kenny Britt,WR,2013,TEN,20.6
Deonte Thompson,WR,2013,BAL,19.6
Brice Butler,WR,2013,LV,19.3
Domenik Hixon,WR,2013,CAR,18.5
Chris Hogan,WR,2013,BUF,18.3
Brittan Golden,WR,2013,ARI,17.6
Mario Manningham,WR,2013,SF,17.5
Ryan Broyles,WR,2013,DET,16.5
Myles White,WR,2013,GB,15.6
Seyi Ajirotutu,WR,2013,LAC,15.4
Josh Cooper,WR,2013,CLE,15
Stephen Burton,WR,2013,JAX,14.7
Marlon Moore,WR,2013,MIA,14.1
Louis Murphy,WR,2013,NYG,13.7
Ricardo Lockette,WR,2013,SEA,13
Trindon Holliday,WR,2013,DEN,12.7
Markus Wheaton,WR,2013,PIT,12.4
Austin Collie,WR,2013,NE,12.3
Eric Page,WR,2013,TB,12.2
Dane Sanzenbacher,WR,2013,CIN,12.1
Nick Toon,WR,2013,NO,10.8
Derek Moye,WR,2013,PIT,10
Josh Cribbs,WR,2013,NYJ,9.62
Pat Edwards,WR,2013,DET,9.6
Quinton Patton,WR,2013,SF,9
Kassim Osgood,WR,2013,SF,8.7
Lestar Jean,WR,2013,HOU,7.5
Nick Williams,WR,2013,WAS,6.5
Juron Criner,WR,2013,LV,6.2
Devin Hester,WR,2013,CHI,6
Greg Jenkins,WR,2013,LV,6
Jon Baldwin,WR,2013,SF,5.8
Lamaar Thomas,WR,2013,JAX,5.1
Jeremy Ebert,WR,2013,JAX,4.8
Skye Dawson,WR,2013,TB,4.7
Chad Hall,WR,2013,KC,4
Damaris Johnson,WR,2013,PHI,3.4
Marcus Easley,WR,2013,BUF,3.3
Marquess Wilson,WR,2013,CHI,3.3
Brian Tyms,WR,2013,CLE,3.2
Percy Harvin,WR,2013,SEA,2.7
Tori Gurley,WR,2013,CLE,2.5
Kevin Cone,WR,2013,ATL,2.2
Armanti Edwards,WR,2013,CLE,2
Ben Obomanu,WR,2013,NYJ,1.8
Eric Weems,WR,2013,CHI,1.8
Brandon Tate,WR,2013,CIN,1.6
Darius Reynaud,WR,2013,TEN,1.4
David Reed,WR,2013,IND,1.2
Brian Robiskie,WR,2013,ATL,0
Joe Anderson,WR,2013,CHI,0
Julian Talley,WR,2013,NYG,0
Marvin McNutt,WR,2013,CAR,0
Michael Campbell,WR,2013,NYJ,0
Ryan Spadola,WR,2013,NYJ,0
Stephen Williams,WR,2013,JAX,0
Saalim Hakim,WR,2013,NYJ,-0.3
Marcel Reece,FB,2014,LV,76
Darrel Young,FB,2014,WAS,51.3
Bruce Miller,FB,2014,SF,47.8
Kyle Juszczyk,FB,2014,BAL,39.2
Mike Tolbert,FB,2014,CAR,29.1
Patrick DiMarco,FB,2014,ATL,21.2
James Casey,FB,2014,PHI,20.9
John Kuhn,FB,2014,GB,20.8
Jamize Olawale,FB,2014,LV,18.8
Jed Collins,FB,2014,DET,16.8
Erik Lorig,FB,2014,NO,16.1
Will Ta'ufo'ou,FB,2014,JAX,15.1
Frank Summers,FB,2014,BUF,13.6
Austin Johnson,FB,2014,NO,11.7
Derrick Coleman,FB,2014,SEA,10.9
James Develin,FB,2014,NE,10.8
Jorvorskie Lane,FB,2014,TB,7.1
Tommy Bohanon,FB,2014,NYJ,5.3
Jerome Felton,FB,2014,MIN,2.7
Will Tukuafu,FB,2014,SEA,1.6
Henry Hynoski,FB,2014,NYG,1.3
Tyler Clutts,FB,2014,DAL,1.1
Aaron Rodgers,QB,2014,GB,354.14
Andrew Luck,QB,2014,IND,351.74
Russell Wilson,QB,2014,SEA,328.6
Peyton Manning,QB,2014,DEN,312.68
Ben Roethlisberger,QB,2014,PIT,306.78
Drew Brees,QB,2014,NO,303.98
Matt Ryan,QB,2014,ATL,284.26
Ryan Tannehill,QB,2014,MIA,279.5
Tom Brady,QB,2014,NE,278.06
Eli Manning,QB,2014,NYG,269.5
Tony Romo,QB,2014,DAL,266.3
Philip Rivers,QB,2014,LAC,265.64
Joe Flacco,QB,2014,BAL,262.44
Jay Cutler,QB,2014,CHI,255.58
Matthew Stafford,QB,2014,DET,251.58
Colin Kaepernick,QB,2014,SF,250.66
Cam Newton,QB,2014,CAR,248.98
Andy Dalton,QB,2014,CIN,225.62
Alex Smith,QB,2014,KC,220
Derek Carr,QB,2014,LV,192
Teddy Bridgewater,QB,2014,MIN,183.66
Ryan Fitzpatrick,QB,2014,HOU,179.72
Kyle Orton,QB,2014,BUF,176.12
Blake Bortles,QB,2014,JAX,168.22
Brian Hoyer,QB,2014,CLE,156.94
Geno Smith,QB,2014,NYJ,150.8
Mark Sanchez,QB,2014,PHI,139.42
Josh McCown,QB,2014,TB,126.94
Nick Foles,QB,2014,PHI,119.32
Austin Davis,QB,2014,LA,107.64
Carson Palmer,QB,2014,ARI,103.54
Drew Stanton,QB,2014,ARI,94.74
Shaun Hill,QB,2014,LA,90.28
Mike Glennon,QB,2014,TB,89.58
Robert Griffin,QB,2014,WAS,89.36
Kirk Cousins,QB,2014,WAS,88.4
Charlie Whitehurst,QB,2014,TEN,86.04
Zach Mettenberger,QB,2014,TEN,70.88
Jake Locker,QB,2014,TEN,63.92
Colt McCoy,QB,2014,WAS,62.88
EJ Manuel,QB,2014,BUF,58.72
Derek Anderson,QB,2014,CAR,50.44
Mike Vick,QB,2014,NYJ,43.46
Chad Henne,QB,2014,JAX,30.18
Case Keenum,QB,2014,HOU,22.9
Matt Cassel,QB,2014,MIN,22.8
Ryan Lindley,QB,2014,ARI,22.48
Brandon Weeden,QB,2014,DAL,20.02
Ryan Mallett,QB,2014,HOU,19.8
Matt Hasselbeck,QB,2014,IND,16.94
Jimmy Clausen,QB,2014,CHI,15.82
Christian Ponder,QB,2014,MIN,12.48
Jimmy Garoppolo,QB,2014,NE,12.18
Johnny Manziel,QB,2014,CLE,11.9
Chase Daniel,QB,2014,KC,11.78
Brad Smith,QB,2014,PHI,8.1
Brock Osweiler,QB,2014,DEN,6.08
Blaine Gabbert,QB,2014,SF,6.02
Matt McGloin,QB,2014,LV,5.46
Connor Shaw,QB,2014,CLE,3.98
Joe Webb,QB,2014,CAR,2.6
Ryan Nassib,QB,2014,NYG,2.1
Matt Simms,QB,2014,NYJ,1.76
Jason Campbell,QB,2014,CIN,1.06
Matt Moore,QB,2014,MIA,0.64
T.J. Yates,QB,2014,ATL,0.56
Tom Savage,QB,2014,HOU,0.48
Kellen Clemens,QB,2014,LAC,0.4
Jordan Palmer,QB,2014,TEN,0.18
Matt Barkley,QB,2014,PHI,0
Tarvaris Jackson,QB,2014,SEA,0
Bruce Gradkowski,QB,2014,PIT,-0.2
Tyrod Taylor,QB,2014,BAL,-0.3
Matt Flynn,QB,2014,GB,-2.36
Matt Schaub,QB,2014,LV,-3.72
Le'Veon Bell,RB,2014,PIT,370.5
DeMarco Murray,RB,2014,DAL,351.1
Matt Forte,RB,2014,CHI,346.6
Marshawn Lynch,RB,2014,SEA,302.3
Arian Foster,RB,2014,HOU,273.5
Eddie Lacy,RB,2014,GB,272.6
Jamaal Charles,RB,2014,KC,250.4
Justin Forsett,RB,2014,BAL,246.9
Lamar Miller,RB,2014,MIA,223.4
C.J. Anderson,RB,2014,DEN,211.3
Jeremy Hill,RB,2014,CIN,210.9
LeSean McCoy,RB,2014,PHI,199.4
Joique Bell,RB,2014,DET,198.2
Matt Asiata,RB,2014,MIN,194.2
Mark Ingram,RB,2014,NO,191.9
Fred Jackson,RB,2014,BUF,188.6
Alfred Morris,RB,2014,WAS,187.9
Giovani Bernard,RB,2014,CIN,187.9
Andre Ellington,RB,2014,ARI,177.5
Shane Vereen,RB,2014,NE,165.8
Frank Gore,RB,2014,SF,158.7
Darren Sproles,RB,2014,PHI,157.6
Ahmad Bradshaw,RB,2014,IND,154.5
Chris Ivory,RB,2014,NYJ,152.4
Jonathan Stewart,RB,2014,CAR,146
Branden Oliver,RB,2014,LAC,145.3
Andre Williams,RB,2014,NYG,145.1
Steven Jackson,RB,2014,ATL,141.5
Rashad Jennings,RB,2014,NYG,138.5
Tre Mason,RB,2014,LA,135.3
Benny Cunningham,RB,2014,LA,128.8
Roy Helu,RB,2014,WAS,127.3
Pierre Thomas,RB,2014,NO,123
Isaiah Crowell,RB,2014,CLE,122.4
Knile Davis,RB,2014,KC,121
Darren McFadden,RB,2014,LV,120.6
Chris Johnson,RB,2014,NYJ,115.4
Denard Robinson,RB,2014,JAX,113.6
Terrance West,RB,2014,CLE,112.7
Bobby Rainey,RB,2014,TB,111.1
Reggie Bush,RB,2014,DET,107
Alfred Blue,RB,2014,HOU,103.1
Ronnie Hillman,RB,2014,DEN,102.3
LeGarrette Blount,RB,2014,NE,98.1
Bishop Sankey,RB,2014,TEN,96.2
Cordarrelle Patterson,RB,2014,MIN,95.1
Theo Riddick,RB,2014,DET,94.7
Jerick McKinnon,RB,2014,MIN,94.3
Devonta Freeman,RB,2014,ATL,87.3
Latavius Murray,RB,2014,LV,85.7
Toby Gerhart,RB,2014,JAX,81.2
Doug Martin,RB,2014,TB,80.8
Jacquizz Rodgers,RB,2014,ATL,80
Antone Smith,RB,2014,ATL,77.6
James Starks,RB,2014,GB,77.3
Ben Tate,RB,2014,MIN,76.1
Robert Turbin,RB,2014,SEA,75.6
Dan Herron,RB,2014,IND,75.4
Jordan Todman,RB,2014,JAX,75.4
Carlos Hyde,RB,2014,SF,74.1
Jonas Gray,RB,2014,NE,72.9
Travaris Cadet,RB,2014,NO,72.8
Donald Brown,RB,2014,LAC,72.4
C.J. Spiller,RB,2014,BUF,71.5
Lorenzo Taliaferro,RB,2014,BAL,70.6
Anthony Dixon,RB,2014,BUF,68.1
Ryan Mathews,RB,2014,LAC,66.9
Khiry Robinson,RB,2014,NO,66.5
Stepfan Taylor,RB,2014,ARI,65.7
Zac Stacy,RB,2014,LA,64.5
Charles Sims,RB,2014,TB,60.5
Damien Williams,RB,2014,MIA,57.9
Leon Washington,RB,2014,TEN,55.6
Joseph Randle,RB,2014,DAL,54.6
Daniel Thomas,RB,2014,MIA,53.9
Stevan Ridley,RB,2014,NE,52
Juwan Thompson,RB,2014,DEN,51.7
Shonn Greene,RB,2014,TEN,51.5
Chris Polk,RB,2014,PHI,50.8
Bernard Pierce,RB,2014,BAL,49.9
Lance Dunbar,RB,2014,DAL,49.6
Bryce Brown,RB,2014,BUF,46.2
Bilal Powell,RB,2014,NYJ,40.3
Fozzy Whittaker,RB,2014,CAR,37.5
Montee Ball,RB,2014,DEN,36.4
Silas Redd,RB,2014,WAS,32.2
Peyton Hillis,RB,2014,NYG,30.2
Jonathan Grimes,RB,2014,HOU,29.9
DeAngelo Williams,RB,2014,CAR,29.3
Kerwynn Williams,RB,2014,ARI,27.7
Maurice Jones-Drew,RB,2014,LV,27.7
Ka'Deem Carey,RB,2014,CHI,26.5
Joe McKnight,RB,2014,KC,24.7
Joe Banyard,RB,2014,MIN,24
Anthony Sherman,RB,2014,KC,23.9
Robert Hughes,RB,2014,ARI,23.1
Knowshon Moreno,RB,2014,MIA,22.6
Storm Johnson,RB,2014,JAX,21.2
Rex Burkhead,RB,2014,CIN,20.6
Zurlon Tipton,RB,2014,IND,20.6
Marion Grice,RB,2014,ARI,20
Christine Michael,RB,2014,SEA,19.7
Orleans Darkwa,RB,2014,NYG,18.1
Brandon Bolden,RB,2014,NE,17.7
Chris Thompson,RB,2014,WAS,15.9
Darrin Reaves,RB,2014,CAR,15.9
Ronnie Brown,RB,2014,LAC,15.7
Jackie Battle,RB,2014,TEN,14.7
Jonathan Dwyer,RB,2014,ARI,13.9
John Conner,RB,2014,NYJ,13.5
Dri Archer,RB,2014,PIT,13.3
Danny Woodhead,RB,2014,LAC,12.2
Adrian Peterson,RB,2014,MIN,11.3
James White,RB,2014,NE,11.1
Chris Ogbonnaya,RB,2014,CAR,11
Will Johnson,RB,2014,PIT,10.1
Cedric Peerman,RB,2014,CIN,10
Cyrus Gray,RB,2014,KC,9.1
DuJuan Harris,RB,2014,GB,8.5
Trey Watts,RB,2014,LA,7.8
George Winn,RB,2014,DET,7.3
Fitzgerald Toussaint,RB,2014,BAL,6.9
Michael Cox,RB,2014,NYG,6.2
Alfonso Smith,RB,2014,SF,6
Ray Agnew,RB,2014,CLE,4.7
Mike James,RB,2014,TB,4.2
Jay Prosch,RB,2014,HOU,3.4
Antonio Andrews,RB,2014,TEN,3.1
Brian Leonard,RB,2014,NO,2.5
Jeremy Stewart,RB,2014,DEN,2.2
Shaun Draughn,RB,2014,LAC,1.9
Josh Harris,RB,2014,PIT,1.6
LaMichael James,RB,2014,MIA,0.9
Senorise Perry,RB,2014,CHI,0.9
Edwin Baker,RB,2014,NO,0.2
Charcandrick West,RB,2014,KC,0
Jalen Parmele,RB,2014,ARI,0
Tauren Poole,RB,2014,CAR,-2
Rob Gronkowski,TE,2014,NE,266.4
Jimmy Graham,TE,2014,NO,229.9
Antonio Gates,TE,2014,LAC,223.1
Martellus Bennett,TE,2014,CHI,221.6
Greg Olsen,TE,2014,CAR,220.8
Jordan Matthews,TE,2014,PHI,202.2
Travis Kelce,TE,2014,KC,177.2
Coby Fleener,TE,2014,IND,176.4
Delanie Walker,TE,2014,TEN,176
Jason Witten,TE,2014,DAL,164.3
Julius Thomas,TE,2014,DEN,163.9
Heath Miller,TE,2014,PIT,160.1
Larry Donnell,TE,2014,NYG,153.3
Zach Ertz,TE,2014,PHI,144.2
Jermaine Gresham,TE,2014,CIN,138
Charles Clay,TE,2014,MIA,136.5
Jared Cook,TE,2014,LA,133.4
Mychal Rivera,TE,2014,LV,133.4
Owen Daniels,TE,2014,BAL,124.7
Dwayne Allen,TE,2014,IND,116.5
Scott Chandler,TE,2014,BUF,114.7
Jordan Reed,TE,2014,WAS,94.5
Niles Paul,TE,2014,WAS,93.7
Timothy Wright,TE,2014,NE,87.7
Jace Amaro,TE,2014,NYJ,84.5
Lance Kendricks,TE,2014,LA,82.9
Andrew Quarless,TE,2014,GB,79.3
Jordan Cameron,TE,2014,CLE,78.4
Luke Willson,TE,2014,SEA,76.2
John Carlson,TE,2014,ARI,76
Anthony Fasano,TE,2014,KC,71.6
Brent Celek,TE,2014,PHI,70
Jeff Cumberland,TE,2014,NYJ,65.7
Levine Toilolo,TE,2014,ATL,64.8
Dion Sims,TE,2014,MIA,64.4
Vernon Davis,TE,2014,SF,62.9
Josh Hill,TE,2014,NO,61.6
Clay Harbor,TE,2014,JAX,60.9
Kyle Rudolph,TE,2014,MIN,59.1
Daniel Fells,TE,2014,NYG,56.8
Eric Ebron,TE,2014,DET,55.8
Chase Ford,TE,2014,MIN,54.8
Richard Rodgers,TE,2014,GB,54.5
Austin Seferian-Jenkins,TE,2014,TB,53.1
Marcedes Lewis,TE,2014,JAX,50.6
Rhett Ellison,TE,2014,MIN,47.8
Jim Dray,TE,2014,CLE,47.2
Benjamin Watson,TE,2014,NO,45.6
Garrett Graham,TE,2014,HOU,43.7
Gavin Escobar,TE,2014,DAL,43.5
Cooper Helfet,TE,2014,SEA,42.5
Jack Doyle,TE,2014,IND,41.8
Ladarius Green,TE,2014,LAC,41.6
Brandon Myers,TE,2014,TB,41
Jacob Tamme,TE,2014,DEN,34.9
Gary Barnidge,TE,2014,CLE,28.6
Dennis Pitta,TE,2014,BAL,28.5
Crockett Gillmore,TE,2014,BAL,28.1
Dante Rosario,TE,2014,CHI,27.6
Ed Dickson,TE,2014,CAR,27.5
Tony Moeaki,TE,2014,SEA,27.4
Ryan Griffin,TE,2014,HOU,25.1
Logan Paulsen,TE,2014,WAS,24.8
MarQueis Gray,TE,2014,BUF,22.4
Rob Housler,TE,2014,ARI,22
Cory Harkey,TE,2014,LA,21.5
Joseph Fauria,TE,2014,DET,21.4
Derek Carrier,TE,2014,SF,19.7
Virgil Green,TE,2014,DEN,19.7
Ryan Hewitt,TE,2014,CIN,18.6
Chase Coffman,TE,2014,TEN,18.4
Chris Gragg,TE,2014,BUF,17.8
Lee Smith,TE,2014,BUF,17.2
Brandon Pettigrew,TE,2014,DET,17
Adrien Robinson,TE,2014,NYG,16
Matt Spaeth,TE,2014,PIT,15.6
Brian Leonhardt,TE,2014,LV,15.5
Zach Miller,TE,2014,SEA,13.6
Zach Sudfeld,TE,2014,NYJ,13.5
C.J. Fiedorowicz,TE,2014,HOU,12.8
Darren Fells,TE,2014,ARI,12.1
Luke Stocker,TE,2014,TB,11.1
Nic Jacobs,TE,2014,JAX,9.6
James Hanna,TE,2014,DAL,8.8
Brandon Williams,TE,2014,CAR,8.4
Bear Pascoe,TE,2014,ATL,8.3
Brandon Bostick,TE,2014,GB,8.3
Michael Hoomanawanui,TE,2014,NE,7.4
Garrett Celek,TE,2014,SF,7.3
Logan Thomas,TE,2014,ARI,7.24
John Phillips,TE,2014,LAC,7.1
Kevin Brock,TE,2014,CIN,7.1
Michael Palmer,TE,2014,PIT,7.1
Trey Burton,TE,2014,PHI,7
Troy Niklas,TE,2014,ARI,6.8
Tyler Eifert,TE,2014,CIN,6.7
Phillip Supernaw,TE,2014,BAL,6
Gator Hoskins,TE,2014,MIA,5.1
Demetrius Harris,TE,2014,KC,5
Craig Stevens,TE,2014,TEN,4.6
Taylor Thompson,TE,2014,TEN,4.4
David Ausberry,TE,2014,LV,3.4
Vance McDonald,TE,2014,SF,3
Cameron Brate,TE,2014,TB,2.7
Marcel Jensen,TE,2014,JAX,1.8
David Johnson,TE,2014,LAC,1.4
Asante Cleveland,TE,2014,SF,0
Gerell Robinson,TE,2014,MIA,0
Jordan Thompson,TE,2014,DET,0
Kellen Davis,TE,2014,DET,0
Mickey Shuler,TE,2014,JAX,0
Richard Gordon,TE,2014,KC,0
Antonio Brown,WR,2014,PIT,388.9
Demaryius Thomas,WR,2014,DEN,340.9
Jordy Nelson,WR,2014,GB,327.9
Dez Bryant,WR,2014,DAL,316
Emmanuel Sanders,WR,2014,DEN,301.8
Julio Jones,WR,2014,ATL,297.4
Odell Beckham,WR,2014,NYG,297
Randall Cobb,WR,2014,GB,295.4
Jeremy Maclin,WR,2014,PHI,276.8
Alshon Jeffery,WR,2014,CHI,261.6
Golden Tate,WR,2014,DET,259.1
T.Y. Hilton,WR,2014,IND,258.5
Mike Evans,WR,2014,TB,245.1
DeAndre Hopkins,WR,2014,HOU,231
Julian Edelman,WR,2014,NE,228.6
Calvin Johnson,WR,2014,DET,226.7
Kelvin Benjamin,WR,2014,CAR,225.8
Anquan Boldin,WR,2014,SF,219.6
Steve Smith,WR,2014,BAL,219.5
Mike Wallace,WR,2014,MIA,212.8
Roddy White,WR,2014,ATL,212.1
Brandon LaFell,WR,2014,NE,210.6
DeSean Jackson,WR,2014,WAS,209.6
A.J. Green,WR,2014,CIN,205.3
Eric Decker,WR,2014,NYJ,200.2
Sammy Watkins,WR,2014,BUF,198
Torrey Smith,WR,2014,BAL,191.7
Andre Johnson,WR,2014,HOU,190.6
Jarvis Landry,WR,2014,MIA,189.4
Rueben Randle,WR,2014,NYG,182.8
Eddie Royal,WR,2014,LAC,181.2
Vincent Jackson,WR,2014,TB,180.2
Mohamed Sanu,WR,2014,CIN,179.26
Brandon Marshall,WR,2014,CHI,179.1
Keenan Allen,WR,2014,LAC,177.3
Marques Colston,WR,2014,NO,177.2
James Jones,WR,2014,LV,175.6
Kenny Stills,WR,2014,NO,173.9
Malcom Floyd,WR,2014,LAC,173.6
Greg Jennings,WR,2014,MIN,169.2
Kendall Wright,WR,2014,TEN,167.9
Doug Baldwin,WR,2014,SEA,167.3
Michael Floyd,WR,2014,ARI,165.3
Robert Woods,WR,2014,BUF,164.9
Michael Crabtree,WR,2014,SF,162.2
Pierre Garcon,WR,2014,WAS,161.2
Andrew Hawkins,WR,2014,CLE,158.9
Allen Hurns,WR,2014,JAX,154.7
Reggie Wayne,WR,2014,IND,151.9
Larry Fitzgerald,WR,2014,ARI,151.4
Terrance Williams,WR,2014,DAL,147.1
John Brown,WR,2014,ARI,147
Kenny Britt,WR,2014,LA,142.2
Andre Holmes,WR,2014,LV,140.3
Brandin Cooks,WR,2014,NO,139.3
Dwayne Bowe,WR,2014,KC,135.4
Percy Harvin,WR,2014,NYJ,131.5
Markus Wheaton,WR,2014,PIT,131.3
Martavis Bryant,WR,2014,PIT,130.1
Riley Cooper,WR,2014,PHI,128.7
Harry Douglas,WR,2014,ATL,120.6
Jarius Wright,WR,2014,MIN,119.9
Cecil Shorts,WR,2014,JAX,117.98
Allen Robinson,WR,2014,JAX,116.8
Nate Washington,WR,2014,TEN,116.7
Miles Austin,WR,2014,CLE,115.8
Devin Hester,WR,2014,ATL,114
Jerricho Cotchery,WR,2014,CAR,114
Wes Welker,WR,2014,DEN,107.4
Taylor Gabriel,WR,2014,CLE,105.1
Chris Hogan,WR,2014,BUF,103.6
Hakeem Nicks,WR,2014,IND,102.5
Davante Adams,WR,2014,GB,100.6
Jermaine Kearse,WR,2014,SEA,99.88
Cole Beasley,WR,2014,DAL,99
Brian Hartline,WR,2014,MIA,98.4
Steve Johnson,WR,2014,SF,96.5
Donte Moncrief,WR,2014,IND,96.1
Justin Hunter,WR,2014,TEN,95.8
Tavon Austin,WR,2014,LA,95.6
Andre Roberts,WR,2014,WAS,93.4
Charles D. Johnson,WR,2014,MIN,91.4
Jeremy Kerley,WR,2014,NYJ,89.8
Preston Parker,WR,2014,NYG,89.8
Stedman Bailey,WR,2014,LA,86.8
Marqise Lee,WR,2014,JAX,86.1
Louis Murphy,WR,2014,TB,81
Brian Quick,WR,2014,LA,80.5
Corey Brown,WR,2014,CAR,78.1
Jason Avant,WR,2014,KC,75.4
Kamar Aiken,WR,2014,BAL,74.7
Damaris Johnson,WR,2014,HOU,72
Travis Benjamin,WR,2014,CLE,68.5
Brice Butler,WR,2014,LV,67
Dexter McCluster,WR,2014,TEN,64.8
Brandon Gibson,WR,2014,MIA,64.5
Victor Cruz,WR,2014,NYG,62.7
Paul Richardson,WR,2014,SEA,62.1
De'Anthony Thomas,WR,2014,KC,61.9
Jeremy Ross,WR,2014,DET,61.3
Jaron Brown,WR,2014,ARI,56.9
Josh Gordon,WR,2014,CLE,54.3
Danny Amendola,WR,2014,NE,53
Derek Hagan,WR,2014,TEN,50.4
Marlon Brown,WR,2014,BAL,49.5
Brandon Lloyd,WR,2014,SF,49.4
Lance Moore,WR,2014,PIT,47.8
Kenbrell Thompkins,WR,2014,LV,47.7
Brandon Tate,WR,2014,CIN,44.4
Nick Toon,WR,2014,NO,42.9
Ricardo Lockette,WR,2014,SEA,42.7
Albert Wilson,WR,2014,KC,42
Ted Ginn,WR,2014,ARI,40
Corey Fuller,WR,2014,DET,39.2
Rishard Matthews,WR,2014,MIA,37.8
Marquess Wilson,WR,2014,CHI,37
Brenton Bersin,WR,2014,CAR,34.1
Adam Thielen,WR,2014,MIN,33.7
Chris Givens,WR,2014,LA,33.3
Bruce Ellington,WR,2014,SF,33
Greg Salas,WR,2014,NYJ,32.7
Eric Weems,WR,2014,ATL,32.2
Donnie Avery,WR,2014,KC,30.6
Austin Pettis,WR,2014,LA,29.8
Jacoby Jones,WR,2014,BAL,29.7
Mike Williams,WR,2014,BUF,28.2
Chris Owusu,WR,2014,NYJ,28.1
Dontrelle Inman,WR,2014,LAC,27.8
Josh Morgan,WR,2014,CHI,26
Vincent Brown,WR,2014,LV,23.8
Denarius Moore,WR,2014,LV,23.6
Rod Streater,WR,2014,LV,23.4
Michael Campanaro,WR,2014,BAL,23.2
Junior Hemingway,WR,2014,KC,22.8
Josh Huff,WR,2014,PHI,22.5
Santana Moss,WR,2014,WAS,21.6
Joseph Morgan,WR,2014,NO,19.9
Justin Brown,WR,2014,PIT,19.4
Dwayne Harris,WR,2014,DAL,19.3
Brian Tyms,WR,2014,NE,19.2
Kevin Norwood,WR,2014,SEA,19.2
Robert Meachem,WR,2014,NO,18.4
A.J. Jenkins,WR,2014,KC,18.1
Robert Herron,WR,2014,TB,17.8
Trevor Graham,WR,2014,NYJ,17.7
Dane Sanzenbacher,WR,2014,CIN,17.4
James Wright,WR,2014,CIN,17.1
Corey Washington,WR,2014,NYG,16.2
Santonio Holmes,WR,2014,CHI,14.7
David Nelson,WR,2014,NYJ,14.5
Keshawn Martin,WR,2014,HOU,13.8
Mike Brown,WR,2014,JAX,13.8
Ryan Grant,WR,2014,WAS,13.8
Greg Little,WR,2014,CIN,12.9
Ace Sanders,WR,2014,JAX,11.5
Bryan Walters,WR,2014,SEA,11.5
Kris Durham,WR,2014,TEN,11.4
Russell Shepard,WR,2014,TB,10.3
Kevin Ogletree,WR,2014,NYG,10
Jerrel Jernigan,WR,2014,NYG,9.8
Andre Caldwell,WR,2014,DEN,9.7
Frankie Hammond,WR,2014,KC,8.5
Seyi Ajirotutu,WR,2014,LAC,8.5
Quinton Patton,WR,2014,SF,7.4
Aaron Dobson,WR,2014,NE,6.8
Marcus Thigpen,WR,2014,BUF,6
Marquise Goodwin,WR,2014,BUF,6
Jarrett Boykin,WR,2014,GB,5.3
Chris Williams,WR,2014,CHI,5.2
Ryan Broyles,WR,2014,DET,4.5
Cody Latimer,WR,2014,DEN,4.3
Darrius Heyward-Bey,WR,2014,PIT,4.3
Griff Whalen,WR,2014,IND,4.3
DeVier Posey,WR,2014,HOU,4
Devin Street,WR,2014,DAL,3.8
Jeff Janis,WR,2014,GB,3.6
Tavarres King,WR,2014,TB,3.3
Damian Williams,WR,2014,MIA,2.4
Courtney Roby,WR,2014,ATL,2.1
Solomon Patton,WR,2014,TB,1.9
Josh Cribbs,WR,2014,IND,1.8
Micheal Spurlock,WR,2014,CHI,1.8
Jalen Saunders,WR,2014,NO,1.7
Aldrick Robinson,WR,2014,WAS,1.6
Kevin Dorsey,WR,2014,GB,1.4
Freddie Martino,WR,2014,ATL,0
Isaiah Burse,WR,2014,DEN,0
Josh Bellamy,WR,2014,CHI,0
Kassim Osgood,WR,2014,SF,0
Leonard Hankerson,WR,2014,WAS,0
Rodney Smith,WR,2014,CLE,0
Tommy Streeter,WR,2014,JAX,0
De'Andre Presley,WR,2014,CAR,-0.2
Kyle Juszczyk,FB,2015,BAL,97.4
Mike Tolbert,FB,2015,CAR,83
Marcel Reece,FB,2015,LV,78.5
Patrick DiMarco,FB,2015,ATL,36
Zach Line,FB,2015,MIN,34.5
Jamize Olawale,FB,2015,LV,34.4
Bruce Miller,FB,2015,SF,30.9
John Kuhn,FB,2015,GB,26.4
Jalston Fowler,FB,2015,TEN,22.7
Michael Burton,FB,2015,DET,16.1
Austin Johnson,FB,2015,NO,14.9
Will Tukuafu,FB,2015,SEA,11.8
Tommy Bohanon,FB,2015,NYJ,9.8
Darrel Young,FB,2015,WAS,9.2
Joey Iosefa,FB,2015,NE,5.1
Derrick Coleman,FB,2015,SEA,4.2
Roosevelt Nix,FB,2015,PIT,3.6
Jorvorskie Lane,FB,2015,TB,3.3
Aaron Ripkowski,FB,2015,GB,2.8
Jerome Felton,FB,2015,BUF,2.4
Tyler Clutts,FB,2015,DAL,1.4
Cairo Santos,K,2015,KC,0.12
Cam Newton,QB,2015,CAR,389.08
Tom Brady,QB,2015,NE,344.7
Russell Wilson,QB,2015,SEA,336.26
Blake Bortles,QB,2015,JAX,316.12
Carson Palmer,QB,2015,ARI,309.24
Drew Brees,QB,2015,NO,304.2
Aaron Rodgers,QB,2015,GB,301.24
Kirk Cousins,QB,2015,WAS,293.44
Matthew Stafford,QB,2015,DET,290.78
Eli Manning,QB,2015,NYG,287.38
Ryan Fitzpatrick,QB,2015,NYJ,285.2
Philip Rivers,QB,2015,LAC,284.48
Jameis Winston,QB,2015,TB,274.98
Tyrod Taylor,QB,2015,BUF,271.6
Derek Carr,QB,2015,LV,271.28
Alex Smith,QB,2015,KC,271.24
Ryan Tannehill,QB,2015,MIA,258.32
Andy Dalton,QB,2015,CIN,244.2
Matt Ryan,QB,2015,ATL,233.94
Ben Roethlisberger,QB,2015,PIT,228.42
Jay Cutler,QB,2015,CHI,226.46
Marcus Mariota,QB,2015,TEN,211.02
Teddy Bridgewater,QB,2015,MIN,200.44
Sam Bradford,QB,2015,PHI,194.9
Brian Hoyer,QB,2015,HOU,166.64
Joe Flacco,QB,2015,BAL,161.94
Josh McCown,QB,2015,CLE,132.16
Andrew Luck,QB,2015,IND,130.84
Blaine Gabbert,QB,2015,SF,129.74
Brock Osweiler,QB,2015,DEN,116.78
Colin Kaepernick,QB,2015,SF,110.2
Nick Foles,QB,2015,LA,96.08
Johnny Manziel,QB,2015,CLE,95
Peyton Manning,QB,2015,DEN,91.36
Matt Hasselbeck,QB,2015,IND,91.1
Ryan Mallett,QB,2015,BAL,70.94
Matt Cassel,QB,2015,DAL,66.84
Brandon Weeden,QB,2015,HOU,66.42
AJ McCarron,QB,2015,CIN,55.26
Case Keenum,QB,2015,LA,43.62
Zach Mettenberger,QB,2015,TEN,42.2
Tony Romo,QB,2015,DAL,40.66
EJ Manuel,QB,2015,BUF,38.84
Jimmy Clausen,QB,2015,BAL,33.16
Kellen Moore,QB,2015,DAL,33.06
Mark Sanchez,QB,2015,PHI,32.84
Mike Vick,QB,2015,PIT,30.74
Matt Schaub,QB,2015,BAL,26.6
T.J. Yates,QB,2015,HOU,22.8
Landry Jones,QB,2015,PIT,22.02
Geno Smith,QB,2015,NYJ,20
Austin Davis,QB,2015,CLE,19.18
Luke McCown,QB,2015,NO,11.4
Josh Freeman,QB,2015,IND,10.36
Dan Orlovsky,QB,2015,DET,10.04
Matt McGloin,QB,2015,LV,9.68
Colt McCoy,QB,2015,WAS,8.82
Alex Tanney,QB,2015,TEN,7.96
Ryan Nassib,QB,2015,NYG,6.72
Kellen Clemens,QB,2015,LAC,6.42
Ryan Lindley,QB,2015,IND,6.32
Charlie Whitehurst,QB,2015,IND,4.1
Derek Anderson,QB,2015,CAR,1.24
Sean Mannion,QB,2015,LA,1.24
Tarvaris Jackson,QB,2015,SEA,0.68
Matt Moore,QB,2015,MIA,0.36
Shaun Hill,QB,2015,MIN,0.1
Chase Daniel,QB,2015,KC,-0.04
Joe Webb,QB,2015,CAR,-0.1
Trevor Siemian,QB,2015,DEN,-0.1
Scott Tolzien,QB,2015,GB,-0.14
Jimmy Garoppolo,QB,2015,NE,-0.26
Drew Stanton,QB,2015,ARI,-1.14
Sean Renfree,QB,2015,ATL,-1.96
Devonta Freeman,RB,2015,ATL,316.4
Adrian Peterson,RB,2015,MIN,260.7
Danny Woodhead,RB,2015,LAC,243.1
DeAngelo Williams,RB,2015,PIT,233.4
Doug Martin,RB,2015,TB,232.3
Lamar Miller,RB,2015,MIA,231.9
David Johnson,RB,2015,ARI,217.8
Matt Forte,RB,2015,CHI,214.7
Todd Gurley,RB,2015,LA,208.4
Latavius Murray,RB,2015,LV,204.8
Mark Ingram,RB,2015,NO,203.4
Chris Ivory,RB,2015,NYJ,202.7
Darren McFadden,RB,2015,DAL,197.7
Frank Gore,RB,2015,IND,193.4
DeMarco Murray,RB,2015,PHI,184.4
Giovani Bernard,RB,2015,CIN,181.2
Charles Sims,RB,2015,TB,180
Theo Riddick,RB,2015,DET,179
LeSean McCoy,RB,2015,BUF,178.7
Jeremy Hill,RB,2015,CIN,170.3
James Starks,RB,2015,GB,166.3
Rashad Jennings,RB,2015,NYG,164.9
Duke Johnson,RB,2015,CLE,164.3
Jonathan Stewart,RB,2015,CAR,162.8
Darren Sproles,RB,2015,PHI,161.5
Ronnie Hillman,RB,2015,DEN,161.4
Shane Vereen,RB,2015,NYG,158.4
T.J. Yeldon,RB,2015,JAX,155.9
Jeremy Langford,RB,2015,CHI,147.6
Javorius Allen,RB,2015,BAL,145.7
C.J. Anderson,RB,2015,DEN,141.3
Eddie Lacy,RB,2015,GB,140.6
Isaiah Crowell,RB,2015,CLE,137.8
Bilal Powell,RB,2015,NYJ,135.1
Charcandrick West,RB,2015,KC,132.8
Thomas Rawls,RB,2015,SEA,127.6
Ryan Mathews,RB,2015,PHI,124.5
Karlos Williams,RB,2015,BUF,124.3
James White,RB,2015,NE,122.6
LeGarrette Blount,RB,2015,NE,122.6
Justin Forsett,RB,2015,BAL,122.4
Dion Lewis,RB,2015,NE,120.2
Ameer Abdullah,RB,2015,DET,117
Matt Jones,RB,2015,WAS,116.4
Antonio Andrews,RB,2015,TEN,112.04
Alfred Blue,RB,2015,HOU,111.7
Le'Veon Bell,RB,2015,PIT,111.2
Melvin Gordon,RB,2015,LAC,108.3
Chris Johnson,RB,2015,ARI,107.2
Joique Bell,RB,2015,DET,105.7
Jamaal Charles,RB,2015,KC,101.1
Alfred Morris,RB,2015,WAS,96.6
Chris Thompson,RB,2015,WAS,92.6
Tim Hightower,RB,2015,NO,86.4
Jonathan Grimes,RB,2015,HOU,85.5
Jerick McKinnon,RB,2015,MIN,83.4
Spencer Ware,RB,2015,KC,82.8
Marshawn Lynch,RB,2015,SEA,82.7
Carlos Hyde,RB,2015,SF,81.3
C.J. Spiller,RB,2015,NO,81.1
Shaun Draughn,RB,2015,SF,77.9
Fred Jackson,RB,2015,SEA,77.7
Arian Foster,RB,2015,HOU,77
Andre Ellington,RB,2015,ARI,74.7
Joseph Randle,RB,2015,DAL,74.1
Chris Polk,RB,2015,HOU,72.3
Khiry Robinson,RB,2015,NO,70.5
Brandon Bolden,RB,2015,NE,69.7
Denard Robinson,RB,2015,JAX,68
Benny Cunningham,RB,2015,LA,65
Bishop Sankey,RB,2015,TEN,59.2
Mike Gillislee,RB,2015,BUF,51.6
Tre Mason,RB,2015,LA,51.5
Lance Dunbar,RB,2015,DAL,49.2
Donald Brown,RB,2015,LAC,45.7
Travaris Cadet,RB,2015,NO,45.2
Damien Williams,RB,2015,MIA,45.1
Matt Asiata,RB,2015,MIN,43.4
Ahmad Bradshaw,RB,2015,IND,42.9
Jay Ajayi,RB,2015,MIA,42.7
Tevin Coleman,RB,2015,ATL,42.6
Ka'Deem Carey,RB,2015,CHI,36.8
DuJuan Harris,RB,2015,SF,35.6
Andre Williams,RB,2015,NYG,35.4
Fozzy Whittaker,RB,2015,CAR,35.2
Robert Turbin,RB,2015,DAL,35.2
Cameron Artis-Payne,RB,2015,CAR,35.1
Branden Oliver,RB,2015,LAC,35
Jonas Gray,RB,2015,JAX,32.2
Terron Ward,RB,2015,ATL,31.8
Taiwan Jones,RB,2015,LV,31
Zac Stacy,RB,2015,NYJ,30.4
Christine Michael,RB,2015,SEA,28.9
Orleans Darkwa,RB,2015,NYG,27.4
Roy Helu,RB,2015,LV,26.4
Terrance West,RB,2015,BAL,25.2
Pierre Thomas,RB,2015,WAS,23.8
Rex Burkhead,RB,2015,CIN,23.8
Kerwynn Williams,RB,2015,ARI,21.8
Dan Herron,RB,2015,IND,21.6
Kenjon Barner,RB,2015,PHI,21.6
David Cobb,RB,2015,TEN,21.4
Anthony Dixon,RB,2015,BUF,20.8
Akeem Hunt,RB,2015,HOU,19.5
Kendall Gaskins,RB,2015,SF,18.7
Lorenzo Taliaferro,RB,2015,BAL,18.6
Knile Davis,RB,2015,KC,17.6
Mike Davis,RB,2015,SF,16.6
Cordarrelle Patterson,RB,2015,MIN,16.5
Juwan Thompson,RB,2015,DEN,15.9
Steven Jackson,RB,2015,NE,14
Jarryd Hayne,RB,2015,SF,13.9
Bryce Brown,RB,2015,SEA,13.2
Stevan Ridley,RB,2015,NYJ,12.8
Zurlon Tipton,RB,2015,IND,12.7
Will Johnson,RB,2015,PIT,12.3
Josh Robinson,RB,2015,IND,11.2
Toby Gerhart,RB,2015,JAX,9.7
Zach Zenner,RB,2015,DET,9.1
Reggie Bush,RB,2015,SF,8.7
Anthony Sherman,RB,2015,KC,7.4
Stepfan Taylor,RB,2015,ARI,7.2
Bobby Rainey,RB,2015,TB,6.4
Fitzgerald Toussaint,RB,2015,PIT,6.2
Jacquizz Rodgers,RB,2015,CHI,6.1
Marcus Murphy,RB,2015,NO,6
Malcolm Johnson,RB,2015,CLE,5.5
Bernard Pierce,RB,2015,JAX,4.8
Jay Prosch,RB,2015,HOU,3.3
Tyler Varga,RB,2015,IND,3
Malcolm Brown,RB,2015,LA,2.5
Jordan Todman,RB,2015,PIT,2.2
John Crockett,RB,2015,GB,2.1
Rod Smith,RB,2015,DAL,2.1
Alonzo Harris,RB,2015,GB,1.9
Terrence Magee,RB,2015,BAL,1.7
Corey Grant,RB,2015,JAX,1.5
Trey Williams,RB,2015,IND,1.2
Antone Smith,RB,2015,CHI,1.1
Cierre Wood,RB,2015,BUF,0.7
Kendall Hunter,RB,2015,NO,0.2
George Winn,RB,2015,DET,0.1
Isaiah Pead,RB,2015,LA,-1.7
Glenn Winston,RB,2015,CLE,-2.8
Rob Gronkowski,TE,2015,NE,255.6
Delanie Walker,TE,2015,TEN,244.4
Jordan Reed,TE,2015,WAS,244.2
Gary Barnidge,TE,2015,CLE,237.3
Jordan Matthews,TE,2015,PHI,230.7
Greg Olsen,TE,2015,CAR,227.4
Tyler Eifert,TE,2015,CIN,191.5
Benjamin Watson,TE,2015,NO,190.5
Travis Kelce,TE,2015,KC,189.5
Zach Ertz,TE,2015,PHI,170.3
Jason Witten,TE,2015,DAL,164.3
Richard Rodgers,TE,2015,GB,161.7
Antonio Gates,TE,2015,LAC,149
Eric Ebron,TE,2015,DET,130.7
Jacob Tamme,TE,2015,ATL,130.7
Kyle Rudolph,TE,2015,MIN,128.5
Heath Miller,TE,2015,PIT,127.7
Coby Fleener,TE,2015,IND,123.1
Charles Clay,TE,2015,BUF,121.8
Julius Thomas,TE,2015,JAX,121.5
Jimmy Graham,TE,2015,SEA,120.5
Owen Daniels,TE,2015,DEN,115.7
Martellus Bennett,TE,2015,CHI,114.9
Ladarius Green,TE,2015,LAC,107.9
Zach Miller,TE,2015,CHI,107.9
Devin Funchess,TE,2015,CAR,106.3
Will Tye,TE,2015,NYG,104.4
Crockett Gillmore,TE,2015,BAL,98.2
Jordan Cameron,TE,2015,MIA,91.6
Jared Cook,TE,2015,LA,87.1
Brent Celek,TE,2015,PHI,84.8
Vance McDonald,TE,2015,SF,80.6
Clive Walford,TE,2015,LV,78.9
Austin Seferian-Jenkins,TE,2015,TB,78.8
Vernon Davis,TE,2015,DEN,77.5
Scott Chandler,TE,2015,NE,72.9
Darren Fells,TE,2015,ARI,70.1
Cameron Brate,TE,2015,TB,69.8
Anthony Fasano,TE,2015,TEN,66.9
Mychal Rivera,TE,2015,LV,66
Maxx Williams,TE,2015,BAL,64.8
Larry Donnell,TE,2015,NYG,63.3
Lance Kendricks,TE,2015,LA,61.5
Ryan Griffin,TE,2015,HOU,57.1
Garrett Celek,TE,2015,SF,55.6
Jermaine Gresham,TE,2015,ARI,46.3
Luke Willson,TE,2015,SEA,44.3
Ed Dickson,TE,2015,CAR,41.1
Josh Hill,TE,2015,NO,40
Marcedes Lewis,TE,2015,JAX,38.6
C.J. Fiedorowicz,TE,2015,HOU,37.7
Derek Carrier,TE,2015,WAS,37.1
Clay Harbor,TE,2015,JAX,36.9
Craig Stevens,TE,2015,TEN,36.1
Nick Boyle,TE,2015,BAL,35.3
Virgil Green,TE,2015,DEN,35.3
Dion Sims,TE,2015,MIA,34.7
Michael Hoomanawanui,TE,2015,NO,34.6
Blake Bell,TE,2015,SF,33.6
Dwayne Allen,TE,2015,IND,33
Tyler Kroft,TE,2015,CIN,29.9
Rhett Ellison,TE,2015,MIN,29.4
Timothy Wright,TE,2015,DET,28.7
Justin Perillo,TE,2015,GB,27.2
Chris Gragg,TE,2015,BUF,27
Cooper Helfet,TE,2015,SEA,26
Jack Doyle,TE,2015,IND,25.2
Lee Smith,TE,2015,LV,25
Brandon Myers,TE,2015,TB,24.7
John Phillips,TE,2015,LAC,22.9
Jake Stoneburner,TE,2015,MIA,21.7
Jesse James,TE,2015,PIT,21.6
Chase Coffman,TE,2015,SEA,21.1
Luke Stocker,TE,2015,TB,21.1
Demetrius Harris,TE,2015,KC,20.4
Brandon Pettigrew,TE,2015,DET,19.7
Troy Niklas,TE,2015,ARI,19.3
MyCole Pruitt,TE,2015,MIN,18.9
Gavin Escobar,TE,2015,DAL,18.4
Ryan Hewitt,TE,2015,CIN,17.9
James Hanna,TE,2015,DAL,16.9
Tony Moeaki,TE,2015,ATL,14.8
James O'Shaughnessy,TE,2015,KC,14.7
Jerome Cunningham,TE,2015,NYG,13.9
Levine Toilolo,TE,2015,ATL,13.4
Garrett Graham,TE,2015,HOU,13
Jeff Cumberland,TE,2015,NYJ,12.7
Daniel Brown,TE,2015,BAL,12.4
Jim Dray,TE,2015,CLE,12.1
Daniel Fells,TE,2015,NYG,12
Kellen Davis,TE,2015,NYJ,10.8
Trey Burton,TE,2015,PHI,8.4
Cory Harkey,TE,2015,LA,7.6
Rob Housler,TE,2015,CHI,7.3
Andrew Quarless,TE,2015,GB,7.1
Michael Williams,TE,2015,NE,5.6
Matt LaCosse,TE,2015,NYG,5.2
Nick O'Leary,TE,2015,BUF,4.7
Phillip Supernaw,TE,2015,TEN,4.2
Darren Waller,TE,2015,BAL,3.8
Matt Spaeth,TE,2015,PIT,3
Scott Simonson,TE,2015,CAR,2
E.J. Bibbs,TE,2015,CLE,1.7
Khari Lee,TE,2015,CHI,1.7
Brian Parker,TE,2015,KC,1.6
Nic Jacobs,TE,2015,JAX,1.6
Brian Leonhardt,TE,2015,SF,1.4
C.J. Uzomah,TE,2015,CIN,1.4
MarQueis Gray,TE,2015,BUF,1.2
Matthew Mulligan,TE,2015,BUF,1.2
Asante Cleveland,TE,2015,NE,1.1
Geoff Swaim,TE,2015,DAL,1
Alex Smith,TE,2015,WAS,0
David Johnson,TE,2015,LAC,-0.2
Antonio Brown,WR,2015,PIT,390.2
Julio Jones,WR,2015,ATL,369.1
Brandon Marshall,WR,2015,NYJ,339.2
DeAndre Hopkins,WR,2015,HOU,331.1
Odell Beckham,WR,2015,NYG,319.3
Allen Robinson,WR,2015,JAX,304
Larry Fitzgerald,WR,2015,ARI,280.5
Jarvis Landry,WR,2015,MIA,275.36
A.J. Green,WR,2015,CIN,273.7
Doug Baldwin,WR,2015,SEA,268.9
Demaryius Thomas,WR,2015,DEN,267.4
Calvin Johnson,WR,2015,DET,263.4
Brandin Cooks,WR,2015,NO,253.6
Eric Decker,WR,2015,NYJ,252.7
Jeremy Maclin,WR,2015,KC,243.2
Michael Crabtree,WR,2015,LV,231.2
Emmanuel Sanders,WR,2015,DEN,226.4
Allen Hurns,WR,2015,JAX,225.1
Sammy Watkins,WR,2015,BUF,218.8
Amari Cooper,WR,2015,LV,213.9
T.Y. Hilton,WR,2015,IND,211.4
Mike Evans,WR,2015,TB,210.6
Golden Tate,WR,2015,DET,209.4
John Brown,WR,2015,ARI,207.5
Randall Cobb,WR,2015,GB,202.9
Tavon Austin,WR,2015,LA,200.7
Travis Benjamin,WR,2015,CLE,199.8
Kamar Aiken,WR,2015,BAL,197.4
James Jones,WR,2015,GB,191
Pierre Garcon,WR,2015,WAS,185.7
Rueben Randle,WR,2015,NYG,185.1
Ted Ginn,WR,2015,CAR,183.9
Willie Snead,WR,2015,NO,183.4
Marvin Jones,WR,2015,CIN,173.9
Donte Moncrief,WR,2015,IND,173.3
Michael Floyd,WR,2015,ARI,172.9
Julian Edelman,WR,2015,NE,172.5
Martavis Bryant,WR,2015,PIT,170.2
Anquan Boldin,WR,2015,SF,169.9
Tyler Lockett,WR,2015,SEA,167.4
Keenan Allen,WR,2015,LAC,163.5
Alshon Jeffery,WR,2015,CHI,158.7
Terrance Williams,WR,2015,DAL,154
Markus Wheaton,WR,2015,PIT,150.9
Danny Amendola,WR,2015,NE,150.34
Stefon Diggs,WR,2015,MIN,149.3
Jermaine Kearse,WR,2015,SEA,147.5
Nate Washington,WR,2015,HOU,136.8
Jamison Crowder,WR,2015,WAS,135.6
Cole Beasley,WR,2015,DAL,133.6
Rishard Matthews,WR,2015,MIA,133.6
Steve Smith,WR,2015,BAL,131
Torrey Smith,WR,2015,SF,125.3
Kenny Britt,WR,2015,LA,122.1
Marques Colston,WR,2015,NO,121
Robert Woods,WR,2015,BUF,118.2
Andre Johnson,WR,2015,IND,115.3
Dorial Green-Beckham,WR,2015,TEN,112.9
Dwayne Harris,WR,2015,NYG,112.8
Steve Johnson,WR,2015,LAC,112.7
Seth Roberts,WR,2015,LV,112
Brian Hartline,WR,2015,CLE,110.3
Cecil Shorts,WR,2015,HOU,109.94
Davante Adams,WR,2015,GB,107.5
Vincent Jackson,WR,2015,TB,107.3
Jerricho Cotchery,WR,2015,CAR,107.1
DeSean Jackson,WR,2015,WAS,106.8
Corey Brown,WR,2015,CAR,103.5
Malcom Floyd,WR,2015,LAC,102.1
Dontrelle Inman,WR,2015,LAC,99.6
Roddy White,WR,2015,ATL,99.6
Mike Wallace,WR,2015,MIN,98.9
Kendall Wright,WR,2015,TEN,96.5
Albert Wilson,WR,2015,KC,94.7
Chris Hogan,WR,2015,BUF,93.56
DeVante Parker,WR,2015,MIA,93.4
Dexter McCluster,WR,2015,TEN,91.7
Mohamed Sanu,WR,2015,CIN,91.5
Brandon LaFell,WR,2015,NE,89.4
Dez Bryant,WR,2015,DAL,89.1
Kenny Stills,WR,2015,MIA,89
Harry Douglas,WR,2015,TEN,88.5
Brandon Coleman,WR,2015,NO,87.4
Lance Moore,WR,2015,DET,84.7
Marquess Wilson,WR,2015,CHI,80.4
Jarius Wright,WR,2015,MIN,79.1
Leonard Hankerson,WR,2015,ATL,76.7
Josh Huff,WR,2015,PHI,76.2
Quinton Patton,WR,2015,SF,75.9
Bryan Walters,WR,2015,JAX,74.8
Jeremy Butler,WR,2015,BAL,67.3
Eddie Royal,WR,2015,CHI,66.7
Riley Cooper,WR,2015,PHI,65.7
Darrius Heyward-Bey,WR,2015,PIT,64.4
Keshawn Martin,WR,2015,NE,63.5
Chris Givens,WR,2015,BAL,63.1
Ryan Grant,WR,2015,WAS,61.8
Adam Humphries,WR,2015,TB,59
Andre Holmes,WR,2015,LV,58.1
Nelson Agholor,WR,2015,PHI,55.3
Andrew Hawkins,WR,2015,CLE,54.6
Justin Hunter,WR,2015,TEN,54.4
Quincy Enunwa,WR,2015,NYJ,53.5
Josh Bellamy,WR,2015,CHI,53.4
J.J. Nelson,WR,2015,ARI,52.9
Taylor Gabriel,WR,2015,CLE,52.1
Marc Mariani,WR,2015,CHI,52
Percy Harvin,WR,2015,BUF,49.9
Phillip Dorsett,WR,2015,IND,48.2
Jaelen Strong,WR,2015,HOU,48.1
De'Anthony Thomas,WR,2015,KC,46.4
Rashad Greene,WR,2015,JAX,46.3
Greg Jennings,WR,2015,MIA,45.8
Nick Williams,WR,2015,ATL,44.9
Javontee Herndon,WR,2015,LAC,44.8
Rashad Ross,WR,2015,WAS,44.4
Marqise Lee,WR,2015,JAX,43.9
Griff Whalen,WR,2015,IND,43.5
Jeremy Kerley,WR,2015,NYJ,43.2
Chris Conley,WR,2015,KC,42.9
Jordan Norwood,WR,2015,DEN,42.7
Ty Montgomery,WR,2015,GB,42
Miles Austin,WR,2015,PHI,41.4
Justin Hardy,WR,2015,ATL,40.4
Brice Butler,WR,2015,DAL,37.8
Bennie Fowler,WR,2015,DEN,36.3
Stedman Bailey,WR,2015,LA,36.2
Adam Thielen,WR,2015,MIN,35.3
Chris Matthews,WR,2015,BAL,34.1
Kenbrell Thompkins,WR,2015,NYJ,33.5
Jaron Brown,WR,2015,ARI,31.4
Andre Roberts,WR,2015,WAS,30.5
Donteea Dye,WR,2015,TB,30.2
Louis Murphy,WR,2015,TB,29.8
Andre Caldwell,WR,2015,DEN,29.5
Bruce Ellington,WR,2015,SF,29
T.J. Jones,WR,2015,DET,28.9
Aaron Dobson,WR,2015,NE,27.1
Jason Avant,WR,2015,KC,26.9
Keith Mumphery,WR,2015,HOU,26.9
Devin Smith,WR,2015,NYJ,26.5
Darius Jennings,WR,2015,CLE,25.7
Marlon Brown,WR,2015,BAL,25.2
Wes Welker,WR,2015,LA,23.2
Cameron Meredith,WR,2015,CHI,23
Devin Street,WR,2015,DAL,22.4
Bradley Marquez,WR,2015,LA,21.8
Myles White,WR,2015,NYG,21.8
Charles D. Johnson,WR,2015,MIN,21.7
Marlon Moore,WR,2015,CLE,21.1
Brian Quick,WR,2015,LA,20.2
Jared Abbrederis,WR,2015,GB,20.1
Brenton Bersin,WR,2015,CAR,18.9
Lucky Whitehead,WR,2015,DAL,18.3
Cody Latimer,WR,2015,DEN,18
Jeremy Ross,WR,2015,BAL,18
Ricardo Lockette,WR,2015,SEA,17.1
Tyrell Williams,WR,2015,LAC,17
Jerome Simpson,WR,2015,SF,16.4
Michael Campanaro,WR,2015,BAL,16.2
Chris Owusu,WR,2015,NYJ,14
Brandon Tate,WR,2015,CIN,13.9
Marcus Easley,WR,2015,BUF,12.8
Hakeem Nicks,WR,2015,NYG,12.4
Russell Shepard,WR,2015,TB,11.8
Corey Fuller,WR,2015,DET,11.6
Dwayne Bowe,WR,2015,CLE,10.3
Deonte Thompson,WR,2015,CHI,10.1
Jeff Janis,WR,2015,GB,9.9
Tre McBride,WR,2015,TEN,9.6
Preston Parker,WR,2015,NYG,9
Kevin Smith,WR,2015,SEA,7.3
Greg Salas,WR,2015,BUF,7.1
Trevor Graham,WR,2015,NO,6.4
Kaelin Clay,WR,2015,BAL,6
Terrelle Pryor,WR,2015,CLE,5.1
Paul Richardson,WR,2015,SEA,5
B.J. Daniels,WR,2015,HOU,4.68
Andrew Turzilli,WR,2015,TEN,4.5
Chandler Worthy,WR,2015,HOU,4.4
Marquise Goodwin,WR,2015,BUF,4.4
Geremy Davis,WR,2015,NYG,4.1
DeAndrew White,WR,2015,SF,3.8
Vincent Brown,WR,2015,LAC,3.2
Jonathan Krause,WR,2015,PHI,3.1
Tyler Murphy,WR,2015,PIT,2.6
Eric Weems,WR,2015,ATL,2.5
Mario Alford,WR,2015,CIN,2.5
Kasen Williams,WR,2015,SEA,2.3
Sammie Coates,WR,2015,PIT,2.1
Ben Edwards,WR,2015,NYG,1.9
Rod Streater,WR,2015,LV,1.8
Chris Harper,WR,2015,NE,1.6
Brittan Golden,WR,2015,ARI,1.5
Seyi Ajirotutu,WR,2015,PHI,1.4
Tony Washington,WR,2015,JAX,0.8
Damaris Johnson,WR,2015,NE,0.6
Kevin Norwood,WR,2015,CAR,0
Matt Hazel,WR,2015,MIA,0
Matt Slater,WR,2015,NE,0
Rico Richardson,WR,2015,TEN,0
Seantavius Jones,WR,2015,NO,0
Vince Mayle,WR,2015,DAL,0
Marcus Thigpen,WR,2015,BUF,-0.1
Kyle Juszczyk,FB,2016,BAL,73.8
Jamize Olawale,FB,2016,LV,57.4
John Kuhn,FB,2016,NO,56.7
Aaron Ripkowski,FB,2016,GB,46.6
Mike Tolbert,FB,2016,CAR,34.6
Andy Janovich,FB,2016,DEN,18.7
Patrick DiMarco,FB,2016,ATL,18.2
Marcel Reece,FB,2016,SEA,14.3
Jerome Felton,FB,2016,BUF,13
Derek Watt,FB,2016,LAC,12.7
Dan Vitale,FB,2016,CLE,6.7
Keith Smith,FB,2016,DAL,5.5
James Develin,FB,2016,NE,4.8
Jalston Fowler,FB,2016,TEN,2.7
Roosevelt Nix,FB,2016,PIT,2.5
Paul Lasike,FB,2016,CHI,2.1
Zach Line,FB,2016,MIN,1.5
Will Tukuafu,FB,2016,SEA,0.2
Joe Kerridge,FB,2016,GB,0
Michael Burton,FB,2016,DET,0
Brandon McManus,K,2016,DEN,0.6
Justin Tucker,K,2016,BAL,0
Aaron Rodgers,QB,2016,GB,380.02
Matt Ryan,QB,2016,ATL,347.46
Drew Brees,QB,2016,NO,332.32
Andrew Luck,QB,2016,IND,307.7
Kirk Cousins,QB,2016,WAS,300.28
Dak Prescott,QB,2016,DAL,286.88
Matthew Stafford,QB,2016,DET,279.78
Blake Bortles,QB,2016,JAX,271.1
Tyrod Taylor,QB,2016,BUF,270.92
Russell Wilson,QB,2016,SEA,270.06
Derek Carr,QB,2016,LV,268.48
Andy Dalton,QB,2016,CIN,260.64
Marcus Mariota,QB,2016,TEN,259.94
Philip Rivers,QB,2016,LAC,258.94
Tom Brady,QB,2016,NE,258.56
Jameis Winston,QB,2016,TB,256.1
Cam Newton,QB,2016,CAR,254.26
Ben Roethlisberger,QB,2016,PIT,252.16
Carson Palmer,QB,2016,ARI,243.12
Joe Flacco,QB,2016,BAL,242.48
Alex Smith,QB,2016,KC,224.78
Eli Manning,QB,2016,NYG,224.18
Sam Bradford,QB,2016,MIN,221.88
Carson Wentz,QB,2016,PHI,213.98
Colin Kaepernick,QB,2016,SF,200.44
Trevor Siemian,QB,2016,DEN,191.74
Ryan Tannehill,QB,2016,MIA,190.2
Brock Osweiler,QB,2016,HOU,169.78
Ryan Fitzpatrick,QB,2016,NYJ,133.4
Case Keenum,QB,2016,LA,111.14
Brian Hoyer,QB,2016,CHI,79.6
Cody Kessler,QB,2016,CLE,77
Blaine Gabbert,QB,2016,SF,73.7
Matt Barkley,QB,2016,CHI,71.84
Robert Griffin,QB,2016,CLE,66.44
Matt Moore,QB,2016,MIA,54.74
Jared Goff,QB,2016,LA,53.16
Josh McCown,QB,2016,CLE,52.1
Jay Cutler,QB,2016,CHI,46.76
Jimmy Garoppolo,QB,2016,NE,35.98
Landry Jones,QB,2016,PIT,33.92
Bryce Petty,QB,2016,NYJ,32.26
Paxton Lynch,QB,2016,DEN,28.38
Jacoby Brissett,QB,2016,NE,28.3
Nick Foles,QB,2016,KC,28
Tom Savage,QB,2016,HOU,17.64
Kevin Hogan,QB,2016,CLE,16.66
Derek Anderson,QB,2016,CAR,16.52
Matt Cassel,QB,2016,TEN,15.66
Shaun Hill,QB,2016,MIN,10.18
Charlie Whitehurst,QB,2016,CLE,9.38
Drew Stanton,QB,2016,ARI,9.38
Mike Glennon,QB,2016,TB,9
Scott Tolzien,QB,2016,IND,8.94
Geno Smith,QB,2016,NYJ,7.94
Trevone Boykin,QB,2016,SEA,7.9
EJ Manuel,QB,2016,BUF,7.44
Connor Cook,QB,2016,LV,6
Tony Romo,QB,2016,DAL,5.16
Cardale Jones,QB,2016,BUF,1.74
Matt McGloin,QB,2016,LV,1.7
Joe Webb,QB,2016,CAR,1.3
David Fales,QB,2016,CHI,0.88
Chase Daniel,QB,2016,PHI,0.64
Matt Schaub,QB,2016,ATL,0.44
Kellen Clemens,QB,2016,LAC,-0.1
Chad Henne,QB,2016,JAX,-0.2
Mark Sanchez,QB,2016,DAL,-0.48
Sean Mannion,QB,2016,LA,-1.34
Brett Hundley,QB,2016,GB,-1.52
Ryan Mallett,QB,2016,BAL,-1.56
David Johnson,RB,2016,ARI,407.8
Ezekiel Elliott,RB,2016,DAL,325.4
Le'Veon Bell,RB,2016,PIT,317.4
LeSean McCoy,RB,2016,BUF,298.3
DeMarco Murray,RB,2016,TEN,293.8
Devonta Freeman,RB,2016,ATL,284.1
Melvin Gordon,RB,2016,LAC,250.6
Mark Ingram,RB,2016,NO,242.2
LeGarrette Blount,RB,2016,NE,232.9
Jordan Howard,RB,2016,CHI,230.1
Jay Ajayi,RB,2016,MIA,215.3
Frank Gore,RB,2016,IND,214.2
Latavius Murray,RB,2016,LV,208.2
Isaiah Crowell,RB,2016,CLE,205.1
Todd Gurley,RB,2016,LA,198.2
Bilal Powell,RB,2016,NYJ,197
Spencer Ware,RB,2016,KC,195.8
Carlos Hyde,RB,2016,SF,192.1
Lamar Miller,RB,2016,HOU,191.1
Tevin Coleman,RB,2016,ATL,191.1
Matt Forte,RB,2016,NYJ,183.6
Jeremy Hill,RB,2016,CIN,176.3
Terrance West,RB,2016,BAL,171
Darren Sproles,RB,2016,PHI,162.5
Theo Riddick,RB,2016,DET,161.8
James White,RB,2016,NE,161.7
Jerick McKinnon,RB,2016,MIN,148.4
Chris Thompson,RB,2016,WAS,147.5
Jonathan Stewart,RB,2016,CAR,146.4
Ryan Mathews,RB,2016,PHI,144.6
Duke Johnson,RB,2016,CLE,144.2
Devontae Booker,RB,2016,DEN,142.7
Rashad Jennings,RB,2016,NYG,138.4
T.J. Yeldon,RB,2016,JAX,137.7
Christine Michael,RB,2016,GB,137
Rob Kelley,RB,2016,WAS,132.6
Matt Asiata,RB,2016,MIN,132.5
Tim Hightower,RB,2016,NO,126.8
Mike Gillislee,RB,2016,BUF,125.7
Giovani Bernard,RB,2016,CIN,122.3
Cordarrelle Patterson,RB,2016,MIN,119.6
Jalen Richard,RB,2016,LV,115.5
Shaun Draughn,RB,2016,SF,108.9
Robert Turbin,RB,2016,IND,108.3
Derrick Henry,RB,2016,TEN,105.7
C.J. Anderson,RB,2016,DEN,102.5
Kenneth Dixon,RB,2016,BAL,102.4
DeAngelo Williams,RB,2016,PIT,100.1
Chris Ivory,RB,2016,JAX,94.5
Charcandrick West,RB,2016,KC,94.1
Travaris Cadet,RB,2016,NO,94
Damien Williams,RB,2016,MIA,93.4
Zach Zenner,RB,2016,DET,93
Jacquizz Rodgers,RB,2016,TB,90.8
Doug Martin,RB,2016,TB,85.5
DeAndre Washington,RB,2016,LV,85.2
Paul Perkins,RB,2016,NYG,76.8
Rex Burkhead,RB,2016,CIN,75.9
Thomas Rawls,RB,2016,SEA,75.5
Matt Jones,RB,2016,WAS,75.3
Jeremy Langford,RB,2016,CHI,73.2
Fozzy Whittaker,RB,2016,CAR,72.1
Charles Sims,RB,2016,TB,67.9
Alfred Blue,RB,2016,HOU,62
Justin Forsett,RB,2016,DEN,61.6
C.J. Prosise,RB,2016,SEA,61
James Starks,RB,2016,GB,58.9
Dion Lewis,RB,2016,NE,54.7
Wendell Smallwood,RB,2016,PHI,52.7
Kenyan Drake,RB,2016,MIA,49.5
Dwayne Washington,RB,2016,DET,48.7
Eddie Lacy,RB,2016,GB,42.8
Bobby Rainey,RB,2016,NYG,41.6
Alfred Morris,RB,2016,DAL,40.4
Shane Vereen,RB,2016,NYG,38.2
Lance Dunbar,RB,2016,DAL,37.3
Kenneth Farrow,RB,2016,LAC,37.2
Peyton Barber,RB,2016,TB,36.1
Alex Collins,RB,2016,SEA,35.9
Corey Grant,RB,2016,JAX,35.9
Josh Ferguson,RB,2016,IND,35.6
DuJuan Harris,RB,2016,SF,35.3
Benny Cunningham,RB,2016,LA,35.2
Kenjon Barner,RB,2016,PHI,34.1
Jonathan Grimes,RB,2016,HOU,32.9
Andre Ellington,RB,2016,ARI,30.1
Ronnie Hillman,RB,2016,LAC,29.4
Kerwynn Williams,RB,2016,ARI,29.3
Cameron Artis-Payne,RB,2016,CAR,28.5
Kapri Bibbs,RB,2016,DEN,28.4
Danny Woodhead,RB,2016,LAC,27.1
Ameer Abdullah,RB,2016,DET,26.8
Orleans Darkwa,RB,2016,NYG,26.3
Reggie Bush,RB,2016,BUF,23.7
Ka'Deem Carey,RB,2016,CHI,23.1
Denard Robinson,RB,2016,JAX,19.6
Arian Foster,RB,2016,MIA,19.3
C.J. Spiller,RB,2016,NYJ,18.8
Terron Ward,RB,2016,ATL,17.2
Akeem Hunt,RB,2016,HOU,16.8
Antone Smith,RB,2016,TB,16.4
Chris Johnson,RB,2016,ARI,15.5
Mack Brown,RB,2016,WAS,15
Mike Davis,RB,2016,SF,14.5
Darren McFadden,RB,2016,DAL,13.4
Jamaal Charles,RB,2016,KC,13.4
Jonathan Williams,RB,2016,BUF,12.4
Fitzgerald Toussaint,RB,2016,PIT,12.1
Jordan Todman,RB,2016,IND,11.9
Byron Marshall,RB,2016,PHI,10.4
Knile Davis,RB,2016,KC,10.3
Terrell Watson,RB,2016,PHI,10.3
Malcolm Brown,RB,2016,LA,9.5
George Atkinson,RB,2016,CLE,9.4
Adrian Peterson,RB,2016,MIN,9
Andre Williams,RB,2016,LAC,8.7
Juwan Thompson,RB,2016,DEN,8.6
Mike James,RB,2016,TB,8.1
Javorius Allen,RB,2016,BAL,7.9
Malcolm Johnson,RB,2016,CLE,7.6
Taiwan Jones,RB,2016,LV,7.5
Brandon Wilds,RB,2016,NYJ,6.7
Daniel Lasco,RB,2016,NO,6.3
Troymaine Pope,RB,2016,SEA,5.9
Anthony Sherman,RB,2016,KC,5.1
Tyler Ervin,RB,2016,HOU,5.1
Lorenzo Taliaferro,RB,2016,BAL,4
Brandon Bolden,RB,2016,NE,3.9
Isaiah Pead,RB,2016,MIA,3.8
J.D. McKissic,RB,2016,SEA,3.8
D.J. Foster,RB,2016,NE,3.6
Don Jackson,RB,2016,GB,3.2
Jay Prosch,RB,2016,HOU,2.5
Antonio Andrews,RB,2016,TEN,1.5
Cedric Peerman,RB,2016,CIN,1.5
George Farmer,RB,2016,SEA,1.5
Chase Reynolds,RB,2016,LA,1.4
Joique Bell,RB,2016,DET,1.4
Rod Smith,RB,2016,DAL,1.4
Marcus Murphy,RB,2016,NO,1.3
Stepfan Taylor,RB,2016,ARI,1.2
Terrence Magee,RB,2016,SEA,1.2
Bronson Hill,RB,2016,JAX,1.1
Daryl Richardson,RB,2016,PIT,0.7
Joe Banyard,RB,2016,JAX,0.7
Stevan Ridley,RB,2016,ATL,0.7
Raheem Mostert,RB,2016,SF,0.6
Khiry Robinson,RB,2016,NYJ,0.2
Brandon Burks,RB,2016,NYJ,-0.4
Travis Kelce,TE,2016,KC,223
Kyle Rudolph,TE,2016,MIN,209
Greg Olsen,TE,2016,CAR,207.3
Jimmy Graham,TE,2016,SEA,189.3
Delanie Walker,TE,2016,TEN,188.1
Zach Ertz,TE,2016,PHI,183.6
Jordan Matthews,TE,2016,PHI,171.4
Cameron Brate,TE,2016,TB,171
Dennis Pitta,TE,2016,BAL,168.9
Jordan Reed,TE,2016,WAS,168.6
Martellus Bennett,TE,2016,NE,168.1
Jason Witten,TE,2016,DAL,152.3
Antonio Gates,TE,2016,LAC,147.8
Jack Doyle,TE,2016,IND,147.4
Eric Ebron,TE,2016,DET,144.2
Coby Fleener,TE,2016,NO,137.3
Charles Clay,TE,2016,BUF,136.2
C.J. Fiedorowicz,TE,2016,HOU,133.9
Gary Barnidge,TE,2016,CLE,130.2
Hunter Henry,TE,2016,LAC,129.8
Zach Miller,TE,2016,CHI,119.6
Vernon Davis,TE,2016,WAS,114.3
Dwayne Allen,TE,2016,IND,113.6
Lance Kendricks,TE,2016,LA,109.9
Ryan Griffin,TE,2016,HOU,104.2
Tyler Eifert,TE,2016,CIN,98.4
Rob Gronkowski,TE,2016,NE,97
Will Tye,TE,2016,NYG,93.5
Jesse James,TE,2016,PIT,90.8
Jermaine Gresham,TE,2016,ARI,88.1
Vance McDonald,TE,2016,SF,87.1
Clive Walford,TE,2016,LV,86.9
Devin Funchess,TE,2016,CAR,86.1
Julius Thomas,TE,2016,JAX,82.1
Garrett Celek,TE,2016,SF,80
Trey Burton,TE,2016,PHI,75.7
Dion Sims,TE,2016,MIA,75.6
Jared Cook,TE,2016,GB,71.7
Richard Rodgers,TE,2016,GB,69.1
Austin Hooper,TE,2016,ATL,64.1
Jacob Tamme,TE,2016,ATL,61
C.J. Uzomah,TE,2016,CIN,54.4
Ladarius Green,TE,2016,PIT,54.4
Virgil Green,TE,2016,DEN,51.7
Levine Toilolo,TE,2016,ATL,51.4
Erik Swoope,TE,2016,IND,50.7
Demetrius Harris,TE,2016,KC,43.3
Mychal Rivera,TE,2016,LV,43.2
Marcedes Lewis,TE,2016,JAX,42.9
Ben Koyack,TE,2016,JAX,41.1
Luke Willson,TE,2016,SEA,39.9
Josh Hill,TE,2016,NO,35.9
Darren Fells,TE,2016,ARI,35.4
Xavier Grimble,TE,2016,PIT,34.8
Seth DeValve,TE,2016,CLE,34.7
Austin Seferian-Jenkins,TE,2016,NYJ,34.4
Daniel Brown,TE,2016,CHI,34.4
Jerell Adams,TE,2016,NYG,34.2
MarQueis Gray,TE,2016,MIA,31.4
Darren Waller,TE,2016,BAL,30.5
A.J. Derby,TE,2016,DEN,30
Brent Celek,TE,2016,PHI,29.5
Ed Dickson,TE,2016,CAR,29.4
Anthony Fasano,TE,2016,TEN,28.3
Larry Donnell,TE,2016,NYG,28.2
Stephen Anderson,TE,2016,HOU,26.3
Tyler Higbee,TE,2016,LA,25.5
John Phillips,TE,2016,NO,23.2
Jeff Heuerman,TE,2016,DEN,23.1
Neal Sterling,TE,2016,JAX,23
Nick O'Leary,TE,2016,BUF,22.4
Crockett Gillmore,TE,2016,BAL,21.1
Brandon Myers,TE,2016,TB,20.9
Rhett Ellison,TE,2016,MIN,20.8
Jordan Cameron,TE,2016,MIA,20
Tyler Kroft,TE,2016,CIN,19.2
Dominique Jones,TE,2016,MIA,19.1
David Johnson,TE,2016,PIT,17
Alan Cross,TE,2016,TB,15.8
Brandon Bostick,TE,2016,NYJ,14.3
Joshua Perkins,TE,2016,ATL,13.2
Gavin Escobar,TE,2016,DAL,13
Geoff Swaim,TE,2016,DAL,12.9
Blake Bell,TE,2016,SF,12.5
Nick Boyle,TE,2016,BAL,10.4
Matt Lengel,TE,2016,NE,10.2
Phillip Supernaw,TE,2016,TEN,10.2
Jace Amaro,TE,2016,TEN,8.9
Lee Smith,TE,2016,LV,8.9
Connor Hamlett,TE,2016,CLE,8.7
Ben Braunecker,TE,2016,CHI,8.1
Justin Perillo,TE,2016,GB,7.5
Luke Stocker,TE,2016,TB,7.3
Ifeanyi Momah,TE,2016,ARI,7
Nick Vannett,TE,2016,SEA,6.2
Brandon Williams,TE,2016,SEA,5.6
Clay Harbor,TE,2016,DET,4.9
Niles Paul,TE,2016,WAS,4.7
Logan Paulsen,TE,2016,CHI,4.5
Ross Travis,TE,2016,KC,4.5
Sean McGrath,TE,2016,LAC,4.5
Alex Ellis,TE,2016,JAX,4.1
Cole Wick,TE,2016,DET,3.8
Je'Ron Hamm,TE,2016,SF,3.3
MyCole Pruitt,TE,2016,CHI,3.3
Ryan Hewitt,TE,2016,CIN,3.3
Derek Carrier,TE,2016,WAS,3
Gerald Christian,TE,2016,BUF,2.4
Randall Telfer,TE,2016,CLE,2.4
Henry Krieger-Coble,TE,2016,DEN,2.3
Chris Manhertz,TE,2016,CAR,2
James O'Shaughnessy,TE,2016,KC,1.9
Matthew Mulligan,TE,2016,DET,1.8
David Morgan,TE,2016,MIN,1.4
Troy Niklas,TE,2016,ARI,1
Braedon Bowman,TE,2016,NYJ,0
Hakeem Valles,TE,2016,ARI,0
Kellen Davis,TE,2016,NYJ,0
Khari Lee,TE,2016,DET,0
Antonio Brown,WR,2016,PIT,307.3
Jordy Nelson,WR,2016,GB,304.7
Mike Evans,WR,2016,TB,304.1
Odell Beckham,WR,2016,NYG,296.6
T.Y. Hilton,WR,2016,IND,273.8
Julio Jones,WR,2016,ATL,259.9
Michael Thomas,WR,2016,NO,255.7
Doug Baldwin,WR,2016,SEA,253.6
Davante Adams,WR,2016,GB,246.7
Brandin Cooks,WR,2016,NO,246.3
Larry Fitzgerald,WR,2016,ARI,243.8
Michael Crabtree,WR,2016,LV,239.3
Jarvis Landry,WR,2016,MIA,233.3
Amari Cooper,WR,2016,LV,232.3
Julian Edelman,WR,2016,NE,232.3
Demaryius Thomas,WR,2016,DEN,226.3
Golden Tate,WR,2016,DET,223.1
Tyreek Hill,WR,2016,KC,219
Tyrell Williams,WR,2016,LAC,216.9
Terrelle Pryor,WR,2016,CLE,213.44
Emmanuel Sanders,WR,2016,DEN,212.6
Rishard Matthews,WR,2016,TEN,211.5
Mike Wallace,WR,2016,BAL,202.8
Pierre Garcon,WR,2016,WAS,201.1
Allen Robinson,WR,2016,JAX,199.3
Jamison Crowder,WR,2016,WAS,197.5
DeAndre Hopkins,WR,2016,HOU,197.4
Adam Thielen,WR,2016,MIN,197.2
Kelvin Benjamin,WR,2016,CAR,197.1
Kenny Britt,WR,2016,LA,196.2
Stefon Diggs,WR,2016,MIN,193.3
Willie Snead,WR,2016,NO,191.5
Cole Beasley,WR,2016,DAL,189
A.J. Green,WR,2016,CIN,186.4
Brandon LaFell,WR,2016,CIN,186
Sterling Shepard,WR,2016,NYG,184.4
Steve Smith,WR,2016,BAL,183.9
DeSean Jackson,WR,2016,WAS,180.5
Marqise Lee,WR,2016,JAX,180.4
Dez Bryant,WR,2016,DAL,180
Cameron Meredith,WR,2016,CHI,179.48
Anquan Boldin,WR,2016,DET,173.4
Marvin Jones,WR,2016,DET,172.3
Quincy Enunwa,WR,2016,NYJ,168.9
Kenny Stills,WR,2016,MIA,168.6
Dontrelle Inman,WR,2016,LAC,163
Ted Ginn,WR,2016,CAR,163
Brandon Marshall,WR,2016,NYJ,155.8
DeVante Parker,WR,2016,MIA,154.4
Mohamed Sanu,WR,2016,ATL,148.8
Jeremy Kerley,WR,2016,SF,148.7
Randall Cobb,WR,2016,GB,148.3
Tavon Austin,WR,2016,LA,146.8
Alshon Jeffery,WR,2016,CHI,146.1
Ty Montgomery,WR,2016,GB,140.5
Taylor Gabriel,WR,2016,ATL,140
J.J. Nelson,WR,2016,ARI,139.1
Travis Benjamin,WR,2016,LAC,134.4
Adam Humphries,WR,2016,TB,133
Chris Hogan,WR,2016,NE,128.9
Will Fuller,WR,2016,HOU,128.2
Eli Rogers,WR,2016,PIT,126
Terrance Williams,WR,2016,DAL,125.4
Tyler Boyd,WR,2016,CIN,124.1
Tyler Lockett,WR,2016,SEA,124.1
Robert Woods,WR,2016,BUF,118.9
Michael Floyd,WR,2016,NE,115.8
Brian Quick,WR,2016,LA,115.4
Robbie Chosen,WR,2016,NYJ,114.9
Seth Roberts,WR,2016,LV,111.7
Jeremy Maclin,WR,2016,KC,109.5
Tajae Sharpe,WR,2016,TEN,105.3
John Brown,WR,2016,ARI,103.7
Donte Moncrief,WR,2016,IND,102.6
Victor Cruz,WR,2016,NYG,101.6
Breshad Perriman,WR,2016,BAL,101.1
Allen Hurns,WR,2016,JAX,100.7
Phillip Dorsett,WR,2016,IND,98.8
Jermaine Kearse,WR,2016,SEA,98
Chris Conley,WR,2016,KC,97
Malcolm Mitchell,WR,2016,NE,96.1
Corey Coleman,WR,2016,CLE,93.3
Kendall Wright,WR,2016,TEN,90.1
Marquise Goodwin,WR,2016,BUF,90.1
Eddie Royal,WR,2016,CHI,87.9
Nelson Agholor,WR,2016,PHI,87.9
Dorial Green-Beckham,WR,2016,PHI,87.2
Andrew Hawkins,WR,2016,CLE,83.4
Sammy Watkins,WR,2016,BUF,83
Albert Wilson,WR,2016,KC,81.9
Sammie Coates,WR,2016,PIT,77.9
Quinton Patton,WR,2016,SF,77.8
Brandon Coleman,WR,2016,NO,72.1
Russell Shepard,WR,2016,TB,70
Danny Amendola,WR,2016,NE,69.3
Kamar Aiken,WR,2016,BAL,67.8
Justin Hardy,WR,2016,ATL,65.3
Torrey Smith,WR,2016,SF,64.7
Aldrick Robinson,WR,2016,ATL,64.3
Bryan Walters,WR,2016,JAX,59.5
Corey Brown,WR,2016,CAR,59.2
Deonte Thompson,WR,2016,CHI,58.9
Josh Bellamy,WR,2016,CHI,56.9
Paul Richardson,WR,2016,SEA,56.3
Brice Butler,WR,2016,DAL,55.9
Justin Hunter,WR,2016,BUF,52.9
Cobi Hamilton,WR,2016,PIT,52.4
Andre Roberts,WR,2016,DET,50.8
Rod Streater,WR,2016,SF,49.1
Jordan Norwood,WR,2016,DEN,48.2
Jordan Taylor,WR,2016,DEN,46.9
Chester Rogers,WR,2016,IND,46.3
Andre Holmes,WR,2016,LV,44.6
Geronimo Allison,WR,2016,GB,44.2
Charles D. Johnson,WR,2016,MIN,43.2
Darrius Heyward-Bey,WR,2016,PIT,41.4
Josh Huff,WR,2016,TB,40.8
Eric Decker,WR,2016,NYJ,40.4
Jalin Marshall,WR,2016,NYJ,40.2
Kevin White,WR,2016,CHI,38.6
Ricardo Louis,WR,2016,CLE,38.5
Charone Peake,WR,2016,NYJ,37.6
Bennie Fowler,WR,2016,DEN,37.5
Cody Core,WR,2016,CIN,37
Tanner McEvoy,WR,2016,SEA,36.72
Jeff Janis,WR,2016,GB,36.1
Harry Douglas,WR,2016,TEN,36
Jaron Brown,WR,2016,ARI,35.7
Vincent Jackson,WR,2016,TB,32.3
Marquess Wilson,WR,2016,CHI,31
Braxton Miller,WR,2016,HOU,30.9
Andre Johnson,WR,2016,TEN,29.5
Roger Lewis,WR,2016,NYG,28.7
Freddie Martino,WR,2016,TB,28.2
Walt Powell,WR,2016,BUF,28.2
Jaelen Strong,WR,2016,HOU,27.1
Chris Harper,WR,2016,SF,26.3
Cecil Shorts,WR,2016,TB,26.2
Brandon Tate,WR,2016,BUF,24.5
Jarius Wright,WR,2016,MIN,23.7
James Wright,WR,2016,CIN,23
Arrelious Benn,WR,2016,JAX,22.6
Pharoh Cooper,WR,2016,LA,22.6
Paul Turner,WR,2016,PHI,21.6
Brittan Golden,WR,2016,ARI,20.2
Chris Moore,WR,2016,BAL,19.5
Greg Salas,WR,2016,BUF,18.9
Markus Wheaton,WR,2016,PIT,17.1
Keith Mumphery,WR,2016,HOU,16.9
Ryan Grant,WR,2016,WAS,16.6
DeMarcus Ayers,WR,2016,PIT,16.1
Aaron Burbridge,WR,2016,SF,15.8
Tommylee Lewis,WR,2016,NO,15.7
Cody Latimer,WR,2016,DEN,15.6
Maurice Harris,WR,2016,WAS,14.6
T.J. Jones,WR,2016,DET,14.3
Lucky Whitehead,WR,2016,DAL,14
Jeremy Ross,WR,2016,ARI,13.7
Rashard Higgins,WR,2016,CLE,13.7
De'Anthony Thomas,WR,2016,KC,13.4
Alex Erickson,WR,2016,CIN,13.1
Keenan Allen,WR,2016,LAC,12.3
Leonte Carroo,WR,2016,MIA,11.9
Bryce Treggs,WR,2016,PHI,11.7
Wendall Williams,WR,2016,HOU,11.5
Trevor Davis,WR,2016,GB,11.4
Nick Williams,WR,2016,ATL,10.9
Dexter McCluster,WR,2016,LAC,10.8
Josh Doctson,WR,2016,WAS,8.6
Dwayne Harris,WR,2016,NYG,8.3
Rashad Greene,WR,2016,JAX,8.2
Johnny Holton,WR,2016,LV,7.7
Quan Bray,WR,2016,IND,7.3
Michael Campanaro,WR,2016,BAL,7.2
Tavarres King,WR,2016,NYG,7
Bradley Marquez,WR,2016,LA,6.9
Mike Thomas,WR,2016,LA,6.7
Jakeem Grant,WR,2016,MIA,6.1
Griff Whalen,WR,2016,LAC,4.2
Brenton Bersin,WR,2016,CAR,3.7
Percy Harvin,WR,2016,BUF,3.7
Shane Wynn,WR,2016,JAX,3.4
DeAndre Smelter,WR,2016,SF,3.3
Jeremy Butler,WR,2016,LAC,3.1
Devin Smith,WR,2016,NYJ,3
Devin Street,WR,2016,IND,3
Damiere Byrd,WR,2016,CAR,2.6
Bralon Addison,WR,2016,CHI,2.5
Laquon Treadwell,WR,2016,MIN,2.5
Tony Washington,WR,2016,JAX,1.9
Jared Abbrederis,WR,2016,GB,1.8
Rashad Ross,WR,2016,WAS,1.8
Paul McRoberts,WR,2016,LA,1.6
Marc Mariani,WR,2016,TEN,1.5
Jordan Payton,WR,2016,CLE,1.3
Matt Slater,WR,2016,NE,0.5
Daniel Braverman,WR,2016,CHI,0
Dezmin Lewis,WR,2016,BUF,0
Geremy Davis,WR,2016,LAC,0
Isaac Fruechte,WR,2016,MIN,0
Isaiah Burse,WR,2016,LAC,0
Kalif Raymond,WR,2016,DEN,0
Kasen Williams,WR,2016,SEA,0
Kyle Juszczyk,FB,2017,SF,69.6
Mike Tolbert,FB,2017,BUF,50.5
Tommy Bohanon,FB,2017,JAX,28.8
C.J. Ham,FB,2017,MIN,21.1
Jamize Olawale,FB,2017,LV,19.6
Patrick Ricard,FB,2017,BAL,17.2
Andy Janovich,FB,2017,DEN,14.7
Roosevelt Nix,FB,2017,PIT,14.6
Aaron Ripkowski,FB,2017,GB,12.2
Zach Line,FB,2017,NO,11.6
Lawrence Thomas,FB,2017,NYJ,10.4
James Develin,FB,2017,NE,9.8
Patrick DiMarco,FB,2017,BUF,9.6
Tre Madden,FB,2017,SEA,8.5
Derek Watt,FB,2017,LAC,7.9
Keith Smith,FB,2017,DAL,7.6
Jalston Fowler,FB,2017,TEN,6.4
Dan Vitale,FB,2017,CLE,4.9
Derrick Coleman,FB,2017,ATL,4.8
Michael Burton,FB,2017,CHI,3.7
Joe Kerridge,FB,2017,GB,1.3
John Kuhn,FB,2017,NO,0.2
Marquez Williams,FB,2017,CLE,0
Wil Lutz,K,2017,NO,0.4
Russell Wilson,QB,2017,SEA,347.92
Cam Newton,QB,2017,CAR,299.48
Tom Brady,QB,2017,NE,295.88
Alex Smith,QB,2017,KC,295.18
Carson Wentz,QB,2017,PHI,283.74
Kirk Cousins,QB,2017,WAS,277.62
Matthew Stafford,QB,2017,DET,273.64
Philip Rivers,QB,2017,LAC,270.4
Drew Brees,QB,2017,NO,262.56
Ben Roethlisberger,QB,2017,PIT,261.06
Dak Prescott,QB,2017,DAL,260.66
Jared Goff,QB,2017,LA,255.26
Blake Bortles,QB,2017,JAX,249.68
Case Keenum,QB,2017,MIN,237.88
Matt Ryan,QB,2017,ATL,228.1
Tyrod Taylor,QB,2017,BUF,222.66
Andy Dalton,QB,2017,CIN,210.7
Marcus Mariota,QB,2017,TEN,210.48
Derek Carr,QB,2017,LV,208.44
Jacoby Brissett,QB,2017,IND,205.92
Josh McCown,QB,2017,NYJ,205.44
Jameis Winston,QB,2017,TB,201.66
Eli Manning,QB,2017,NYG,187.32
Joe Flacco,QB,2017,BAL,185.04
DeShone Kizer,QB,2017,CLE,175.66
Deshaun Watson,QB,2017,HOU,168.86
Jay Cutler,QB,2017,MIA,157.84
Mitchell Trubisky,QB,2017,CHI,134.52
Aaron Rodgers,QB,2017,GB,129.6
Trevor Siemian,QB,2017,DEN,126.1
Brett Hundley,QB,2017,GB,124.44
Carson Palmer,QB,2017,ARI,102.32
C.J. Beathard,QB,2017,SF,88.8
Jimmy Garoppolo,QB,2017,SF,87.9
Ryan Fitzpatrick,QB,2017,TB,73.92
Brock Osweiler,QB,2017,DEN,67.92
Brian Hoyer,QB,2017,NE,63.88
Blaine Gabbert,QB,2017,ARI,61.64
Tom Savage,QB,2017,HOU,50.68
Drew Stanton,QB,2017,ARI,50.46
Matt Moore,QB,2017,MIA,41.34
T.J. Yates,QB,2017,HOU,34.02
Kevin Hogan,QB,2017,CLE,33.78
Nick Foles,QB,2017,PHI,33.78
Mike Glennon,QB,2017,CHI,33.72
Sam Bradford,QB,2017,MIN,26.98
Bryce Petty,QB,2017,NYJ,25.26
David Fales,QB,2017,MIA,19.4
Paxton Lynch,QB,2017,DEN,14.8
EJ Manuel,QB,2017,LV,14.1
Patrick Mahomes,QB,2017,KC,10.36
Ryan Mallett,QB,2017,BAL,9.94
Geno Smith,QB,2017,NYG,9.68
Nathan Peterman,QB,2017,BUF,9.54
Landry Jones,QB,2017,PIT,8.56
Nate Sudfeld,QB,2017,PHI,7.56
Sean Mannion,QB,2017,LA,5.2
Joe Webb,QB,2017,BUF,4.8
Cody Kessler,QB,2017,CLE,2.94
AJ McCarron,QB,2017,CIN,2.64
Matt Cassel,QB,2017,TEN,2.48
Cooper Rush,QB,2017,DAL,1.38
Scott Tolzien,QB,2017,IND,1.32
Taylor Heinicke,QB,2017,HOU,0.6
Derek Anderson,QB,2017,CAR,0.48
Joe Callahan,QB,2017,GB,0.44
Austin Davis,QB,2017,SEA,-0.1
Chase Daniel,QB,2017,NO,-0.2
Chad Henne,QB,2017,JAX,-0.5
Jake Rudock,QB,2017,DET,-1.04
Kellen Clemens,QB,2017,LAC,-1.06
Tyler Bray,QB,2017,KC,-2
Teddy Bridgewater,QB,2017,MIN,-2.3
Todd Gurley,RB,2017,LA,385.3
Le'Veon Bell,RB,2017,PIT,343.4
Alvin Kamara,RB,2017,NO,320.4
Kareem Hunt,RB,2017,KC,295.2
Melvin Gordon,RB,2017,LAC,288.1
Mark Ingram,RB,2017,NO,278
LeSean McCoy,RB,2017,BUF,263.6
Carlos Hyde,RB,2017,SF,233.8
Leonard Fournette,RB,2017,JAX,230.2
Christian McCaffrey,RB,2017,CAR,228.6
Duke Johnson,RB,2017,CLE,216.1
Ezekiel Elliott,RB,2017,DAL,203.2
Dion Lewis,RB,2017,NE,203
Devonta Freeman,RB,2017,ATL,200.2
Jordan Howard,RB,2017,CHI,199.7
Lamar Miller,RB,2017,HOU,193.5
Jerick McKinnon,RB,2017,MIN,178.1
C.J. Anderson,RB,2017,DEN,175.1
Frank Gore,RB,2017,IND,173.6
DeMarco Murray,RB,2017,TEN,171.5
Alex Collins,RB,2017,BAL,171
Tevin Coleman,RB,2017,ATL,167.7
Javorius Allen,RB,2017,BAL,166.1
Marshawn Lynch,RB,2017,LV,164.2
Latavius Murray,RB,2017,MIN,157.5
Chris Thompson,RB,2017,WAS,155.4
Theo Riddick,RB,2017,DET,154
Tarik Cohen,RB,2017,CHI,152.14
Giovani Bernard,RB,2017,CIN,150.9
Bilal Powell,RB,2017,NYJ,145.2
Isaiah Crowell,RB,2017,CLE,143.5
Jamaal Williams,RB,2017,GB,142.8
Kenyan Drake,RB,2017,MIA,142.3
Joe Mixon,RB,2017,CIN,141.3
Orleans Darkwa,RB,2017,NYG,137.7
Jay Ajayi,RB,2017,PHI,135.1
Derrick Henry,RB,2017,TEN,135
James White,RB,2017,NE,134
Rex Burkhead,RB,2017,NE,129.8
Ameer Abdullah,RB,2017,DET,124.4
Matt Forte,RB,2017,NYJ,120.4
Jonathan Stewart,RB,2017,CAR,117.2
Samaje Perine,RB,2017,WAS,108.5
LeGarrette Blount,RB,2017,PHI,107.6
Austin Ekeler,RB,2017,LAC,106.9
Wayne Gallman,RB,2017,NYG,104.9
Matt Breida,RB,2017,SF,103.5
Marlon Mack,RB,2017,IND,103.3
J.D. McKissic,RB,2017,SEA,97.3
Corey Clement,RB,2017,PHI,92.4
Rod Smith,RB,2017,DAL,92.4
Devontae Booker,RB,2017,DEN,91.4
Jalen Richard,RB,2017,LV,88.1
T.J. Yeldon,RB,2017,JAX,87.7
Andre Ellington,RB,2017,HOU,87.4
Cordarrelle Patterson,RB,2017,LV,86
Peyton Barber,RB,2017,TB,85.7
DeAndre Washington,RB,2017,LV,85
Chris Ivory,RB,2017,JAX,84.7
Shane Vereen,RB,2017,NYG,83.7
Aaron Jones,RB,2017,GB,80
Adrian Peterson,RB,2017,ARI,78.9
Elijah McGuire,RB,2017,NYJ,76.2
Doug Martin,RB,2017,TB,76
Charles Sims,RB,2017,TB,73.4
Charcandrick West,RB,2017,KC,73.2
Alfred Morris,RB,2017,DAL,72.2
Mike Gillislee,RB,2017,NE,68.8
Kerwynn Williams,RB,2017,ARI,67.9
Jamaal Charles,RB,2017,DEN,67.5
Dalvin Cook,RB,2017,MIN,65.4
Damien Williams,RB,2017,MIA,59.6
Benny Cunningham,RB,2017,CHI,58.9
Danny Woodhead,RB,2017,BAL,58.6
D'Onta Foreman,RB,2017,HOU,57
Mike Davis,RB,2017,SEA,52.1
Malcolm Brown,RB,2017,LA,50.9
Jacquizz Rodgers,RB,2017,TB,46.8
Wendell Smallwood,RB,2017,PHI,46.7
Alfred Blue,RB,2017,HOU,44.6
Corey Grant,RB,2017,JAX,43.9
Rob Kelley,RB,2017,WAS,43.2
Kapri Bibbs,RB,2017,WAS,40.7
Chris Carson,RB,2017,SEA,39.7
Travaris Cadet,RB,2017,BUF,37.5
D.J. Foster,RB,2017,ARI,32.2
Elijhaa Penny,RB,2017,ARI,32.2
Thomas Rawls,RB,2017,SEA,32.1
Tion Green,RB,2017,DET,31.9
Eddie Lacy,RB,2017,SEA,28.6
Terrance West,RB,2017,BAL,28.1
Robert Turbin,RB,2017,IND,25.9
Kenjon Barner,RB,2017,PHI,22.3
Paul Perkins,RB,2017,NYG,21.6
Anthony Sherman,RB,2017,KC,20.7
Chris Johnson,RB,2017,ARI,20.7
Darren Sproles,RB,2017,PHI,20.4
Fozzy Whittaker,RB,2017,CAR,17.5
Jeremy Hill,RB,2017,CIN,17.2
C.J. Prosise,RB,2017,SEA,17
Branden Oliver,RB,2017,LAC,16.9
Stevan Ridley,RB,2017,PIT,16.8
Cameron Artis-Payne,RB,2017,CAR,16.7
Terron Ward,RB,2017,ATL,15.3
James Conner,RB,2017,PIT,14.4
Bobby Rainey,RB,2017,BAL,13
David Johnson,RB,2017,ARI,13
Tyler Ervin,RB,2017,HOU,13
De'Angelo Henderson Sr.,RB,2017,DEN,12.9
Byron Marshall,RB,2017,WAS,12.8
Lance Dunbar,RB,2017,LA,12.2
Trey Edmunds,RB,2017,NO,10.8
Akeem Hunt,RB,2017,KC,9.4
Brian Hill,RB,2017,CIN,9.3
Zach Zenner,RB,2017,DET,8.6
Brandon Bolden,RB,2017,NE,8.4
Matt Dayes,RB,2017,CLE,8.2
Dwayne Washington,RB,2017,DET,7.8
Jay Prosch,RB,2017,HOU,7.1
Marcus Murphy,RB,2017,BUF,6.8
De'Veon Smith,RB,2017,MIA,5.7
Fitzgerald Toussaint,RB,2017,PIT,5.4
Josh Ferguson,RB,2017,IND,5.1
Mack Brown,RB,2017,WAS,5
Senorise Perry,RB,2017,MIA,4.3
Andre Williams,RB,2017,LAC,2.5
David Fluellen,RB,2017,TEN,2.1
Taiwan Jones,RB,2017,BUF,2.1
LeShun Daniels,RB,2017,WAS,1.4
Matt Jones,RB,2017,IND,1.4
Devante Mays,RB,2017,GB,1.1
Raheem Mostert,RB,2017,SF,1
Terrell Watson,RB,2017,PIT,0.8
Justin Davis,RB,2017,LA,0.1
C.J. Spiller,RB,2017,KC,0
Bronson Hill,RB,2017,ARI,-0.2
Darren McFadden,RB,2017,DAL,-0.2
Travis Kelce,TE,2017,KC,233.5
Rob Gronkowski,TE,2017,NE,227.4
Zach Ertz,TE,2017,PHI,202.4
Devin Funchess,TE,2017,CAR,195
Delanie Walker,TE,2017,TEN,174.5
Evan Engram,TE,2017,NYG,173.6
Jimmy Graham,TE,2017,SEA,171
Jack Doyle,TE,2017,IND,169
Kyle Rudolph,TE,2017,MIN,158.2
Jason Witten,TE,2017,DAL,147
Cameron Brate,TE,2017,TB,143.1
Benjamin Watson,TE,2017,BAL,137.2
Jared Cook,TE,2017,LV,132.8
Eric Ebron,TE,2017,DET,132.4
Hunter Henry,TE,2017,LAC,126.9
Tyler Kroft,TE,2017,CIN,124.4
Vernon Davis,TE,2017,WAS,121.8
Austin Hooper,TE,2017,ATL,119.6
Charles Clay,TE,2017,BUF,116.8
George Kittle,TE,2017,SF,106.5
Austin Seferian-Jenkins,TE,2017,NYJ,103.7
O.J. Howard,TE,2017,TB,101.2
Jesse James,TE,2017,PIT,98.2
Julius Thomas,TE,2017,MIA,97.8
David Njoku,TE,2017,CLE,94.7
Marcedes Lewis,TE,2017,JAX,87.8
Trey Burton,TE,2017,PHI,79.8
Ed Dickson,TE,2017,CAR,79.7
Antonio Gates,TE,2017,LAC,79.6
Garrett Celek,TE,2017,SF,78.6
Jermaine Gresham,TE,2017,ARI,77.2
Seth DeValve,TE,2017,CLE,76.5
Stephen Anderson,TE,2017,HOU,65.2
Nick O'Leary,TE,2017,BUF,64.2
Coby Fleener,TE,2017,NO,63.5
Tyler Higbee,TE,2017,LA,60.5
Jordan Reed,TE,2017,WAS,60.1
Rhett Ellison,TE,2017,NYG,59.5
Martellus Bennett,TE,2017,NE,58.6
Jordan Matthews,TE,2017,BUF,57.2
Zach Miller,TE,2017,CHI,55.6
A.J. Derby,TE,2017,MIA,55.4
Luke Willson,TE,2017,SEA,54.3
Darren Fells,TE,2017,DET,52.7
Gerald Everett,TE,2017,LA,51.7
Nick Boyle,TE,2017,BAL,50.3
Ricky Seals-Jones,TE,2017,ARI,50.1
Demetrius Harris,TE,2017,KC,46.4
Jonnu Smith,TE,2017,TEN,45.7
Lance Kendricks,TE,2017,GB,44.3
Adam Shaheen,TE,2017,CHI,42.7
Greg Olsen,TE,2017,CAR,42.1
Virgil Green,TE,2017,DEN,39.1
Dion Sims,TE,2017,CHI,39
Vance McDonald,TE,2017,PIT,38.8
Ryan Griffin,TE,2017,HOU,36.8
Jeff Heuerman,TE,2017,DEN,35.2
James O'Shaughnessy,TE,2017,JAX,34.9
Richard Rodgers,TE,2017,GB,34
Brent Celek,TE,2017,PHI,32
Nick Vannett,TE,2017,SEA,30.4
Levine Toilolo,TE,2017,ATL,30.2
Troy Niklas,TE,2017,ARI,30.2
Josh Hill,TE,2017,NO,29.7
Anthony Fasano,TE,2017,MIA,28.7
Maxx Williams,TE,2017,BAL,28.2
C.J. Fiedorowicz,TE,2017,HOU,26.7
Eric Tomlinson,TE,2017,NYJ,26.1
Daniel Brown,TE,2017,CHI,25.9
David Morgan,TE,2017,MIN,25.5
C.J. Uzomah,TE,2017,CIN,25.2
Brandon Williams,TE,2017,IND,25.1
Dwayne Allen,TE,2017,NE,24.6
Niles Paul,TE,2017,WAS,22.8
Logan Thomas,TE,2017,BUF,19.7
James Hanna,TE,2017,DAL,18.8
Austin Traylor,TE,2017,DEN,18
Jerell Adams,TE,2017,NYG,17.2
Michael Hoomanawanui,TE,2017,NO,17.2
Clive Walford,TE,2017,LV,17
Lee Smith,TE,2017,LV,15.6
Derek Carrier,TE,2017,LA,15.1
Ross Travis,TE,2017,IND,14.6
Neal Sterling,TE,2017,NYJ,14.2
Xavier Grimble,TE,2017,PIT,14.2
Phillip Supernaw,TE,2017,TEN,13.9
Luke Stocker,TE,2017,TEN,13
Alan Cross,TE,2017,TB,10.8
Ben Koyack,TE,2017,JAX,10.8
Jeremy Sprinkle,TE,2017,WAS,9.3
Jacob Hollister,TE,2017,NE,8.7
Michael Roberts,TE,2017,DET,8.6
Sean McGrath,TE,2017,LAC,8.6
Tyler Eifert,TE,2017,CIN,8.6
Will Tye,TE,2017,NYJ,7.8
Orson Charles,TE,2017,KC,7.3
Blake Bell,TE,2017,MIN,6.9
Randall Telfer,TE,2017,CLE,6.6
Darrell Daniels,TE,2017,IND,5.6
Ifeanyi Momah,TE,2017,ARI,5.6
Emanuel Byrd,TE,2017,GB,5.1
Antony Auclair,TE,2017,TB,4.5
Geoff Swaim,TE,2017,DAL,4.5
Ryan Hewitt,TE,2017,CIN,4.2
Chris Manhertz,TE,2017,CAR,3.7
Cole Hikutini,TE,2017,SF,3.5
MarQueis Gray,TE,2017,MIA,3.4
Jeff Cumberland,TE,2017,LAC,2.2
Garrett Griffin,TE,2017,NO,1.4
Ryan Malleck,TE,2017,HOU,1.3
Cethan Carter,TE,2017,CIN,0
Gabe Holmes,TE,2017,ARI,0
Logan Paulsen,TE,2017,SF,0
Matt LaCosse,TE,2017,NYG,0
Antonio Brown,WR,2017,PIT,310.3
DeAndre Hopkins,WR,2017,HOU,309.8
Keenan Allen,WR,2017,LAC,278.2
Larry Fitzgerald,WR,2017,ARI,261.44
Jarvis Landry,WR,2017,MIA,260
Michael Thomas,WR,2017,NO,258.5
Julio Jones,WR,2017,ATL,251.9
Tyreek Hill,WR,2017,KC,245.2
Adam Thielen,WR,2017,MIN,239.7
A.J. Green,WR,2017,CIN,226.8
Marvin Jones,WR,2017,DET,225.1
Golden Tate,WR,2017,DET,224.5
Doug Baldwin,WR,2017,SEA,223.3
Davante Adams,WR,2017,GB,222.5
Brandin Cooks,WR,2017,NE,221.2
Demaryius Thomas,WR,2017,DEN,205.9
Mike Evans,WR,2017,TB,203.1
Robbie Chosen,WR,2017,NYJ,200
Stefon Diggs,WR,2017,MIN,198.2
JuJu Smith-Schuster,WR,2017,PIT,197.7
Alshon Jeffery,WR,2017,PHI,195.9
Nelson Agholor,WR,2017,PHI,187.5
Dez Bryant,WR,2017,DAL,186.4
Cooper Kupp,WR,2017,LA,176.9
Jermaine Kearse,WR,2017,NYJ,176
T.Y. Hilton,WR,2017,IND,175.6
Kenny Stills,WR,2017,MIA,174.7
Mohamed Sanu,WR,2017,ATL,174.34
Michael Crabtree,WR,2017,LV,171.8
Marquise Goodwin,WR,2017,SF,168.6
Jamison Crowder,WR,2017,WAS,166.3
Robert Woods,WR,2017,LA,163.3
Ted Ginn,WR,2017,NO,159.6
Randall Cobb,WR,2017,GB,159.4
Amari Cooper,WR,2017,LV,158.4
Rishard Matthews,WR,2017,TEN,156.2
Mike Wallace,WR,2017,BAL,151.2
Paul Richardson,WR,2017,SEA,150.3
Marqise Lee,WR,2017,JAX,147.9
Sammy Watkins,WR,2017,LA,146.3
Sterling Shepard,WR,2017,NYG,144.5
Danny Amendola,WR,2017,NE,138.9
DeSean Jackson,WR,2017,TB,138.6
Tyrell Williams,WR,2017,LAC,137.8
Jordy Nelson,WR,2017,GB,137.2
Keelan Cole,WR,2017,JAX,132.8
Martavis Bryant,WR,2017,PIT,132.5
Kelvin Benjamin,WR,2017,BUF,132.1
Travis Benjamin,WR,2017,LAC,130.3
DeVante Parker,WR,2017,MIA,130
Adam Humphries,WR,2017,TB,128.7
Kendall Wright,WR,2017,CHI,126.4
Ryan Grant,WR,2017,WAS,126.3
Brandon LaFell,WR,2017,CIN,124.8
Tyler Lockett,WR,2017,SEA,124.3
Josh Doctson,WR,2017,WAS,119.8
Eric Decker,WR,2017,TEN,116.3
Albert Wilson,WR,2017,KC,116
Emmanuel Sanders,WR,2017,DEN,114.5
Will Fuller,WR,2017,HOU,113.2
Terrance Williams,WR,2017,DAL,111.3
Chris Hogan,WR,2017,NE,109.6
Deonte Thompson,WR,2017,BUF,105
Jaron Brown,WR,2017,ARI,102.7
Jeremy Maclin,WR,2017,BAL,102
Allen Hurns,WR,2017,JAX,99.4
Trent Taylor,WR,2017,SF,98
J.J. Nelson,WR,2017,ARI,95.5
Kenny Golladay,WR,2017,DET,94.6
Chris Godwin,WR,2017,TB,92.5
Ty Montgomery,WR,2017,GB,91.6
Cole Beasley,WR,2017,DAL,91.4
Torrey Smith,WR,2017,PHI,90.7
Seth Roberts,WR,2017,LV,90.5
Pierre Garcon,WR,2017,SF,90
Roger Lewis,WR,2017,NYG,89.6
Bennie Fowler,WR,2017,DEN,82
Taylor Gabriel,WR,2017,ATL,81.7
T.J. Jones,WR,2017,DET,77.9
Donte Moncrief,WR,2017,IND,77.1
Bruce Ellington,WR,2017,HOU,75.7
Odell Beckham,WR,2017,NYG,74
Brandon Coleman,WR,2017,NO,73.4
Corey Davis,WR,2017,TEN,71.5
Zay Jones,WR,2017,BUF,70.6
John Brown,WR,2017,ARI,69.9
Rashard Higgins,WR,2017,CLE,68.6
Josh Bellamy,WR,2017,CHI,68.2
Dede Westbrook,WR,2017,JAX,66.9
Corey Coleman,WR,2017,CLE,65.5
Dontrelle Inman,WR,2017,CHI,65.3
Brice Butler,WR,2017,DAL,64.7
Ricardo Louis,WR,2017,CLE,62.7
Cody Latimer,WR,2017,DEN,61.7
Tavarres King,WR,2017,NYG,60.3
Justin Hardy,WR,2017,ATL,60.1
Chris Moore,WR,2017,BAL,59.9
Chester Rogers,WR,2017,IND,58.2
Kenny Britt,WR,2017,NE,57.6
Josh Gordon,WR,2017,CLE,57.5
Aldrick Robinson,WR,2017,SF,57
Tyler Boyd,WR,2017,CIN,56.5
Michael Campanaro,WR,2017,BAL,52.5
Tavon Austin,WR,2017,LA,50.7
Terrelle Pryor,WR,2017,WAS,50
Jarius Wright,WR,2017,MIN,49.8
Taywan Taylor,WR,2017,TEN,49.4
Jeremy Kerley,WR,2017,NYJ,47.7
Jakeem Grant,WR,2017,MIA,46.5
Geronimo Allison,WR,2017,GB,46.3
Russell Shepard,WR,2017,CAR,45.1
Johnny Holton,WR,2017,LV,44.8
Mack Hollins,WR,2017,PHI,44.6
Andre Holmes,WR,2017,BUF,43
Demarcus Robinson,WR,2017,KC,42.2
Kendrick Bourne,WR,2017,SF,41.7
Braxton Miller,WR,2017,HOU,41.3
De'Anthony Thomas,WR,2017,KC,40.7
Laquon Treadwell,WR,2017,MIN,40
Damiere Byrd,WR,2017,CAR,39.7
Eli Rogers,WR,2017,PIT,38.9
Alex Erickson,WR,2017,CIN,37.6
Brandon Marshall,WR,2017,NYG,33.4
Curtis Samuel,WR,2017,CAR,32.9
Phillip Dorsett,WR,2017,NE,32.1
Jaydon Mickens,WR,2017,JAX,31.7
Tommylee Lewis,WR,2017,NO,29
Chris Conley,WR,2017,KC,28.5
Kamar Aiken,WR,2017,IND,28.3
Josh Reynolds,WR,2017,LA,27.4
Jordan Taylor,WR,2017,DEN,27.2
Louis Murphy,WR,2017,SF,26.1
Pharoh Cooper,WR,2017,LA,26
Kaelin Clay,WR,2017,CAR,23.2
Tre McBride,WR,2017,CHI,22.4
Brenton Bersin,WR,2017,CAR,20.8
Mike Williams,WR,2017,LAC,20.5
Brandon Tate,WR,2017,BUF,20.1
Josh Malone,WR,2017,CIN,18.5
Chad Hansen,WR,2017,NYJ,18.4
Travis Rudolph,WR,2017,NYG,18.1
Michael Floyd,WR,2017,MIN,17.8
Breshad Perriman,WR,2017,BAL,17.7
Kasen Williams,WR,2017,CLE,17.4
Willie Snead,WR,2017,NO,17.2
ArDarius Stewart,WR,2017,NYJ,16.9
Jamal Agnew,WR,2017,DET,16.7
Ryan Switzer,WR,2017,DAL,16.6
Hunter Sharp,WR,2017,NYG,16.4
Maurice Harris,WR,2017,WAS,16.2
Darrius Heyward-Bey,WR,2017,PIT,15.9
Amara Darboh,WR,2017,SEA,15.1
Freddie Martino,WR,2017,TB,14.6
Mike Thomas,WR,2017,LA,14.3
Marvin Hall,WR,2017,ATL,14
Leonte Carroo,WR,2017,MIA,13.9
Brian Quick,WR,2017,WAS,13.6
Bryce Treggs,WR,2017,CLE,13.5
Chris Thompson,WR,2017,HOU,13.4
Trevor Davis,WR,2017,GB,13.3
Sammie Coates,WR,2017,CLE,13
Jaelen Strong,WR,2017,JAX,12.8
Justin Hunter,WR,2017,PIT,12.3
Tanner McEvoy,WR,2017,SEA,12.3
Brittan Golden,WR,2017,ARI,12
Bobo Wilson,WR,2017,TB,9.6
Chad Williams,WR,2017,ARI,9.4
Markus Wheaton,WR,2017,CHI,8.1
Michael Clark,WR,2017,GB,8.1
Marcus Johnson,WR,2017,PHI,7.5
Jared Abbrederis,WR,2017,DET,7.4
Isaiah McKenzie,WR,2017,DEN,7.3
Noah Brown,WR,2017,DAL,7.3
Quan Bray,WR,2017,IND,6.9
Tanner Gentry,WR,2017,CHI,6.5
Griff Whalen,WR,2017,BAL,6.3
Vince Mayle,WR,2017,BAL,6.2
Nick Williams,WR,2017,ATL,6
Bernard Reedy,WR,2017,TB,5.8
Chris Matthews,WR,2017,BAL,5.5
JoJo Natson,WR,2017,NYJ,5.3
Jehu Chesson,WR,2017,KC,3.8
Jordan Leslie,WR,2017,CLE,3.6
DeAndrew White,WR,2017,HOU,3.4
Darius Powe,WR,2017,NYG,3.3
Jeff Janis,WR,2017,GB,3.2
Shelton Gibson,WR,2017,PHI,3.1
Allen Robinson,WR,2017,JAX,2.7
Kevin White,WR,2017,CHI,2.6
Andre Roberts,WR,2017,ATL,2.2
Arrelious Benn,WR,2017,JAX,2.2
Kalif Raymond,WR,2017,NYG,2.1
Cobi Hamilton,WR,2017,HOU,1.8
Harry Douglas,WR,2017,TEN,1.8
Eric Weems,WR,2017,TEN,1.5
Larry Pinkard,WR,2017,JAX,1.5
Max McCaffrey,WR,2017,JAX,1.4
Charone Peake,WR,2017,NYJ,1.3
Matt Hazel,WR,2017,IND,1.1
Cody Core,WR,2017,CIN,0
Ed Eagan,WR,2017,NYG,0
Isaac Whitney,WR,2017,LV,0
K.J. Brent,WR,2017,IND,0
Marquis Bundy,WR,2017,NYG,0
Stacy Coley,WR,2017,MIN,0
John Ross,WR,2017,CIN,-0.8
Kyle Juszczyk,FB,2018,SF,67.4
James Develin,FB,2018,NE,42.9
Andy Janovich,FB,2018,DEN,25.7
Zach Line,FB,2018,NO,22.5
C.J. Ham,FB,2018,MIN,20.3
Patrick DiMarco,FB,2018,BUF,10.1
Tommy Bohanon,FB,2018,JAX,10.1
Roosevelt Nix,FB,2018,PIT,8.2
Keith Smith,FB,2018,LV,7.3
Tre Madden,FB,2018,SEA,5.8
Ricky Ortiz,FB,2018,ATL,4.1
Derrick Coleman,FB,2018,ARI,4
Jamize Olawale,FB,2018,DAL,3.3
Derek Watt,FB,2018,LAC,2.3
Michael Burton,FB,2018,CHI,1.6
Dan Vitale,FB,2018,GB,1.2
Mark Walton,HB,2018,CIN,12.5
Matt Prater,K,2018,DET,4.32
Chris Boswell,K,2018,PIT,4.08
Mason Crosby,K,2018,GB,0
Stephen Hauschka,K,2018,BUF,0
Patrick Mahomes,QB,2018,KC,417.08
Matt Ryan,QB,2018,ATL,354.96
Ben Roethlisberger,QB,2018,PIT,341.86
Deshaun Watson,QB,2018,HOU,331.7
Andrew Luck,QB,2018,IND,327.92
Aaron Rodgers,QB,2018,GB,312.58
Jared Goff,QB,2018,LA,312.32
Drew Brees,QB,2018,NO,304.98
Russell Wilson,QB,2018,SEA,299.42
Dak Prescott,QB,2018,DAL,285.9
Philip Rivers,QB,2018,LAC,285.02
Kirk Cousins,QB,2018,MIN,283.12
Cam Newton,QB,2018,CAR,282.6
Tom Brady,QB,2018,NE,281.3
Mitchell Trubisky,QB,2018,CHI,263.02
Baker Mayfield,QB,2018,CLE,240.1
Eli Manning,QB,2018,NYG,239.96
Derek Carr,QB,2018,LV,216.76
Case Keenum,QB,2018,DEN,214.9
Matthew Stafford,QB,2018,DET,212.18
Josh Allen,QB,2018,BUF,206.86
Jameis Winston,QB,2018,TB,195.78
Carson Wentz,QB,2018,PHI,193.66
Marcus Mariota,QB,2018,TEN,175.92
Andy Dalton,QB,2018,CIN,174.54
Blake Bortles,QB,2018,JAX,173.22
Sam Darnold,QB,2018,NYJ,168.1
Ryan Fitzpatrick,QB,2018,TB,165.84
Lamar Jackson,QB,2018,BAL,157.54
Ryan Tannehill,QB,2018,MIA,142.96
Alex Smith,QB,2018,WAS,138
Joe Flacco,QB,2018,BAL,137.1
Nick Mullens,QB,2018,SF,123.48
Josh Rosen,QB,2018,ARI,112.92
Jeff Driskel,QB,2018,CIN,85.12
Nick Foles,QB,2018,PHI,76.72
C.J. Beathard,QB,2018,SF,74.98
Brock Osweiler,QB,2018,MIA,67.98
Josh Johnson,QB,2018,WAS,49.6
Jimmy Garoppolo,QB,2018,SF,48.02
Tyrod Taylor,QB,2018,CLE,41.42
Cody Kessler,QB,2018,JAX,38.66
Taysom Hill,QB,2018,NO,33.56
Blaine Gabbert,QB,2018,TEN,33.04
Chase Daniel,QB,2018,CHI,30.7
Colt McCoy,QB,2018,WAS,27.18
Kyle Allen,QB,2018,CAR,26.54
Matt Barkley,QB,2018,BUF,21.08
Josh McCown,QB,2018,NYJ,20.76
Taylor Heinicke,QB,2018,CAR,13.9
Nathan Peterman,QB,2018,BUF,12.84
Sam Bradford,QB,2018,ARI,12.7
Mike Glennon,QB,2018,ARI,10.96
Teddy Bridgewater,QB,2018,NO,7.22
Derek Anderson,QB,2018,BUF,6.5
DeShone Kizer,QB,2018,GB,5.38
Nate Sudfeld,QB,2018,PHI,4.68
Joe Webb,QB,2018,HOU,3.3
Matt Cassel,QB,2018,DET,1.66
Garrett Gilbert,QB,2018,CAR,1.6
Chad Henne,QB,2018,KC,1.46
Matt Schaub,QB,2018,ATL,1.1
Robert Griffin,QB,2018,BAL,0.84
Joshua Dobbs,QB,2018,PIT,0.82
Mark Sanchez,QB,2018,WAS,0.32
AJ McCarron,QB,2018,LV,0.12
Sean Mannion,QB,2018,LA,0.02
Brandon Weeden,QB,2018,HOU,-0.1
Chad Kelly,QB,2018,DEN,-0.1
Brian Hoyer,QB,2018,NE,-0.52
Jacoby Brissett,QB,2018,IND,-0.62
Geno Smith,QB,2018,LAC,-1.48
Kyle Lauletta,QB,2018,NYG,-2.2
Saquon Barkley,RB,2018,NYG,385.8
Christian McCaffrey,RB,2018,CAR,385.5
Todd Gurley,RB,2018,LA,372.1
Alvin Kamara,RB,2018,NO,354.2
Ezekiel Elliott,RB,2018,DAL,329.1
James Conner,RB,2018,PIT,280
James White,RB,2018,NE,276.6
Melvin Gordon,RB,2018,LAC,275.5
David Johnson,RB,2018,ARI,246.6
Joe Mixon,RB,2018,CIN,243.4
Tarik Cohen,RB,2018,CHI,233.94
Kareem Hunt,RB,2018,KC,230.2
Phillip Lindsay,RB,2018,DEN,222.8
Kenyan Drake,RB,2018,MIA,206.2
Chris Carson,RB,2018,SEA,201.4
Derrick Henry,RB,2018,TEN,201.36
Nick Chubb,RB,2018,CLE,194.5
Tevin Coleman,RB,2018,ATL,193.6
Adrian Peterson,RB,2018,WAS,189
Jordan Howard,RB,2018,CHI,180
Marlon Mack,RB,2018,IND,178.1
T.J. Yeldon,RB,2018,JAX,173.1
Lamar Miller,RB,2018,HOU,172.6
Aaron Jones,RB,2018,GB,171.4
Austin Ekeler,RB,2018,LAC,168.8
Matt Breida,RB,2018,SF,162.5
Nyheim Hines,RB,2018,IND,160.9
Dion Lewis,RB,2018,TEN,160.7
Jalen Richard,RB,2018,LV,156.6
Dalvin Cook,RB,2018,MIN,152
Peyton Barber,RB,2018,TB,150.3
Mark Ingram,RB,2018,NO,142.5
Isaiah Crowell,RB,2018,NYJ,140.7
Kerryon Johnson,RB,2018,DET,139.4
Sony Michel,RB,2018,NE,139.1
Mike Davis,RB,2018,SEA,136.8
Duke Johnson,RB,2018,CLE,132
Latavius Murray,RB,2018,MIN,131.9
LeSean McCoy,RB,2018,BUF,127.2
Leonard Fournette,RB,2018,JAX,120.4
Doug Martin,RB,2018,LV,119.9
Wendell Smallwood,RB,2018,PHI,117.4
Theo Riddick,RB,2018,DET,116.5
Jamaal Williams,RB,2018,GB,114.4
Alex Collins,RB,2018,BAL,108.6
Frank Gore,RB,2018,MIA,102.6
Royce Freeman,RB,2018,DEN,101.3
Damien Williams,RB,2018,KC,98.6
Cordarrelle Patterson,RB,2018,NE,98.5
Carlos Hyde,RB,2018,JAX,98.4
Ito Smith,RB,2018,ATL,97.7
Alfred Blue,RB,2018,HOU,97.3
Giovani Bernard,RB,2018,CIN,95.9
Javorius Allen,RB,2018,BAL,93.6
Chris Thompson,RB,2018,WAS,91.6
Gus Edwards,RB,2018,BAL,89.8
Jaylen Samuels,RB,2018,PIT,89.5
Devontae Booker,RB,2018,DEN,87.8
LeGarrette Blount,RB,2018,DET,86.5
Elijah McGuire,RB,2018,NYJ,85.9
Jacquizz Rodgers,RB,2018,TB,83
Josh Adams,RB,2018,PHI,81.9
Corey Clement,RB,2018,PHI,81.1
Marshawn Lynch,RB,2018,LV,79
Spencer Ware,RB,2018,KC,79
Chris Ivory,RB,2018,BUF,74
Rashaad Penny,RB,2018,SEA,70.4
Alfred Morris,RB,2018,SF,68.1
C.J. Anderson,RB,2018,LA,67.4
Chase Edmonds,RB,2018,ARI,63.1
Kapri Bibbs,RB,2018,GB,61.8
Justin Jackson,RB,2018,LAC,61.1
Darren Sproles,RB,2018,PHI,61
Bilal Powell,RB,2018,NYJ,60.3
Jordan Wilkins,RB,2018,IND,60.1
Zach Zenner,RB,2018,DET,57.1
Kenneth Dixon,RB,2018,BAL,54.4
Rex Burkhead,RB,2018,NE,49.7
Trenton Cannon,RB,2018,NYJ,48.7
Wayne Gallman,RB,2018,NYG,44.5
Jeffery Wilson,RB,2018,SF,44.4
Jay Ajayi,RB,2018,PHI,43.4
Malcolm Brown,RB,2018,LA,39.4
Marcus Murphy,RB,2018,BUF,38.6
Raheem Mostert,RB,2018,SF,38.6
Kalen Ballage,RB,2018,MIA,37.7
Rod Smith,RB,2018,DAL,33.7
Brandon Bolden,RB,2018,MIA,29.4
Anthony Sherman,RB,2018,KC,23.8
Taquan Mizzell,RB,2018,CHI,23.4
Ronald Jones,RB,2018,TB,20.7
Corey Grant,RB,2018,JAX,19.7
Dontrell Hilliard,RB,2018,CLE,17.5
Cameron Artis-Payne,RB,2018,CAR,17.4
Darrel Williams,RB,2018,KC,16.1
Brian Hill,RB,2018,ATL,15.6
Elijhaa Penny,RB,2018,NYG,15.5
Dwayne Washington,RB,2018,NO,15.4
Alex Armah,RB,2018,CAR,15
Stevan Ridley,RB,2018,PIT,14.8
Devonta Freeman,RB,2018,ATL,14.1
Keith Ford,RB,2018,BUF,13
John Kelly,RB,2018,LA,12.1
Charcandrick West,RB,2018,KC,11.6
DeAndre Washington,RB,2018,LV,11.4
T.J. Logan,RB,2018,ARI,10.9
D'Onta Foreman,RB,2018,HOU,10.7
Detrez Newsome,RB,2018,LAC,8.8
Kenjon Barner,RB,2018,CAR,8.4
Byron Marshall,RB,2018,WAS,7.9
Roc Thomas,RB,2018,MIN,7.1
Mike Boone,RB,2018,MIN,6.8
Samaje Perine,RB,2018,WAS,6.7
Tyler Ervin,RB,2018,HOU,6.5
Shaun Wilson,RB,2018,TB,6.4
Ameer Abdullah,RB,2018,MIN,5.9
C.J. Prosise,RB,2018,SEA,4.9
Mike Gillislee,RB,2018,NO,4.2
De'Lance Turner,RB,2018,BAL,4.1
Jeremy Hill,RB,2018,NE,4.1
Benny Cunningham,RB,2018,CHI,3.9
Dave Williams,RB,2018,JAX,3.6
Jamaal Charles,RB,2018,JAX,3.4
Travaris Cadet,RB,2018,CAR,3.2
Jeremy Langford,RB,2018,ATL,2.5
Justin Davis,RB,2018,LA,1.9
Jonathan Stewart,RB,2018,NYG,1.7
Darius Jackson,RB,2018,DAL,1.6
David Fluellen,RB,2018,TEN,1.6
Brandon Wilds,RB,2018,JAX,1.5
Jonathan Williams,RB,2018,NO,1.1
Christine Michael,RB,2018,IND,0.9
J.D. McKissic,RB,2018,SEA,0.8
Rob Kelley,RB,2018,WAS,0.8
Jeremy McNichols,RB,2018,IND,0.4
Robert Turbin,RB,2018,IND,0.3
Taiwan Jones,RB,2018,BUF,0
De'Angelo Henderson Sr.,RB,2018,NYJ,-0.1
Travis Kelce,TE,2018,KC,294.6
Zach Ertz,TE,2018,PHI,280.3
George Kittle,TE,2018,SF,258.7
Eric Ebron,TE,2018,IND,222.2
Jared Cook,TE,2018,LV,193.6
Austin Hooper,TE,2018,ATL,163
Kyle Rudolph,TE,2018,MIN,151.4
Trey Burton,TE,2018,CHI,147.1
David Njoku,TE,2018,CLE,143.9
Vance McDonald,TE,2018,PIT,133
Rob Gronkowski,TE,2018,NE,131.2
Jimmy Graham,TE,2018,GB,130.6
Evan Engram,TE,2018,NYG,126.3
Devin Funchess,TE,2018,CAR,122.9
O.J. Howard,TE,2018,TB,120.5
Jordan Reed,TE,2018,WAS,119.8
Christopher Herndon,TE,2018,NYJ,113.2
Mark Andrews,TE,2018,BAL,107.2
C.J. Uzomah,TE,2018,CIN,104.9
Cameron Brate,TE,2018,TB,92.9
Dallas Goedert,TE,2018,PHI,90.4
Benjamin Watson,TE,2018,NO,87
Gerald Everett,TE,2018,LA,86.6
Jesse James,TE,2018,PIT,84.3
Ian Thomas,TE,2018,CAR,81.3
Greg Olsen,TE,2018,CAR,80.1
Blake Jarwin,TE,2018,DAL,75.7
Vernon Davis,TE,2018,WAS,75.7
Antonio Gates,TE,2018,LAC,75.3
Ricky Seals-Jones,TE,2018,ARI,74.3
Nick Vannett,TE,2018,SEA,73.9
Jeff Heuerman,TE,2018,DEN,71.1
Jordan Thomas,TE,2018,HOU,65.5
Tyler Higbee,TE,2018,LA,65.2
Jonnu Smith,TE,2018,TEN,63.8
Jordan Matthews,TE,2018,PHI,62
Jack Doyle,TE,2018,IND,60.5
Rhett Ellison,TE,2018,NYG,60.2
Geoff Swaim,TE,2018,DAL,56.2
Matt LaCosse,TE,2018,DEN,55
Ryan Griffin,TE,2018,HOU,54.5
Levine Toilolo,TE,2018,DET,53.3
Jason Croom,TE,2018,BUF,49.9
Anthony Firkser,TE,2018,TEN,47.5
Demetrius Harris,TE,2018,KC,46.4
Virgil Green,TE,2018,LAC,46
James O'Shaughnessy,TE,2018,JAX,45.4
Ed Dickson,TE,2018,SEA,45.2
Nick Boyle,TE,2018,BAL,44.3
Luke Stocker,TE,2018,TEN,43.5
Lance Kendricks,TE,2018,GB,42
Darren Fells,TE,2018,CLE,40.7
Josh Hill,TE,2018,NO,40.5
Mike Gesicki,TE,2018,MIA,40.2
Jordan Akins,TE,2018,HOU,39.5
Tyler Eifert,TE,2018,CIN,38.9
Charles Clay,TE,2018,BUF,37.4
Maxx Williams,TE,2018,BAL,37.1
Michael Roberts,TE,2018,DET,37
Will Dissly,TE,2018,SEA,35.6
Hayden Hurst,TE,2018,BAL,35.3
Lee Smith,TE,2018,LV,35.3
Erik Swoope,TE,2018,IND,34.7
Dan Arnold,TE,2018,NO,33
Mo Alie-Cox,TE,2018,IND,32.3
Jordan Leggett,TE,2018,NYJ,31.4
Austin Seferian-Jenkins,TE,2018,JAX,26
Garrett Celek,TE,2018,SF,26
MyCole Pruitt,TE,2018,TEN,25.2
Logan Paulsen,TE,2018,ATL,24.1
Dalton Schultz,TE,2018,DAL,23.6
Scott Simonson,TE,2018,NYG,23.6
Nick O'Leary,TE,2018,MIA,22.6
Luke Willson,TE,2018,DET,21.7
Logan Thomas,TE,2018,BUF,20.3
Derek Carrier,TE,2018,LV,19.7
Niles Paul,TE,2018,JAX,19.5
Seth DeValve,TE,2018,CLE,18.4
Adam Shaheen,TE,2018,CHI,17.8
Robert Tonyan,TE,2018,GB,17.7
Jake Butt,TE,2018,DEN,16.5
Jermaine Gresham,TE,2018,ARI,16.4
Darren Waller,TE,2018,LV,15.6
Eric Tomlinson,TE,2018,NYJ,15.2
Jeremy Sprinkle,TE,2018,WAS,15.1
Blake Bell,TE,2018,JAX,14.7
Xavier Grimble,TE,2018,PIT,14.6
A.J. Derby,TE,2018,MIA,13.8
Chris Manhertz,TE,2018,CAR,13.2
Tyler Conklin,TE,2018,MIN,12.7
David Grinnage,TE,2018,JAX,12.1
Antony Auclair,TE,2018,TB,11.8
Joshua Perkins,TE,2018,PHI,11.7
Durham Smythe,TE,2018,MIA,11
Matt Lengel,TE,2018,CIN,10.7
Neal Sterling,TE,2018,NYJ,10.7
Eric Saubert,TE,2018,ATL,9.8
Delanie Walker,TE,2018,TEN,9.2
Jacob Hollister,TE,2018,NE,9.2
David Morgan,TE,2018,MIN,8.6
Brian Parker,TE,2018,DEN,8.3
Tyler Kroft,TE,2018,CIN,7.6
Rico Gathers,TE,2018,DAL,7.5
Ben Braunecker,TE,2018,CHI,7.2
Bradley Sowell,TE,2018,CHI,7.2
Ryan Hewitt,TE,2018,IND,7.1
Marcedes Lewis,TE,2018,GB,6.9
John Phillips,TE,2018,ARI,6.8
Dwayne Allen,TE,2018,NE,5.7
Jordan Franks,TE,2018,CIN,5.7
Orson Charles,TE,2018,CLE,5.3
Ross Dwelley,TE,2018,SF,3.4
Sean Culkin,TE,2018,LAC,3.4
Tyrone Swoopes,TE,2018,SEA,3.3
Hakeem Valles,TE,2018,DET,3.1
Alan Cross,TE,2018,TB,2.9
Dion Sims,TE,2018,CHI,2.9
Matt Flanagan,TE,2018,WAS,2.4
Richard Rodgers,TE,2018,PHI,1.7
Johnny Mundt,TE,2018,LA,1.5
Khari Lee,TE,2018,BUF,1.5
Cole Wick,TE,2018,SF,0
Darrell Daniels,TE,2018,ARI,0
Jerome Cunningham,TE,2018,DET,0
Tyreek Hill,WR,2018,KC,334
DeAndre Hopkins,WR,2018,HOU,333.5
Davante Adams,WR,2018,GB,329.6
Julio Jones,WR,2018,ATL,325.9
Antonio Brown,WR,2018,PIT,323.7
Michael Thomas,WR,2018,NO,315.5
Adam Thielen,WR,2018,MIN,307.3
JuJu Smith-Schuster,WR,2018,PIT,296.9
Mike Evans,WR,2018,TB,284.4
Stefon Diggs,WR,2018,MIN,266.3
Robert Woods,WR,2018,LA,265.6
Keenan Allen,WR,2018,LAC,260.1
Brandin Cooks,WR,2018,LA,243.2
T.Y. Hilton,WR,2018,IND,239
Odell Beckham,WR,2018,NYG,232.34
Tyler Lockett,WR,2018,SEA,222.4
Tyler Boyd,WR,2018,CIN,221.1
Jarvis Landry,WR,2018,CLE,217.12
Amari Cooper,WR,2018,DAL,215.5
Julian Edelman,WR,2018,NE,207.42
Kenny Golladay,WR,2018,DET,207.1
Calvin Ridley,WR,2018,ATL,206.8
Emmanuel Sanders,WR,2018,DEN,198.22
Adam Humphries,WR,2018,TB,188.7
Larry Fitzgerald,WR,2018,ARI,185.68
Alshon Jeffery,WR,2018,PHI,185.3
Chris Godwin,WR,2018,TB,185.2
Corey Davis,WR,2018,TEN,183.6
Golden Tate,WR,2018,PHI,182.9
Sterling Shepard,WR,2018,NYG,182.5
Mohamed Sanu,WR,2018,ATL,182.4
Dede Westbrook,WR,2018,JAX,181.5
Mike Williams,WR,2018,LAC,180.2
Nelson Agholor,WR,2018,PHI,165.4
Zay Jones,WR,2018,BUF,165.2
D.J. Moore,WR,2018,CAR,159
Demaryius Thomas,WR,2018,HOU,156.7
Jordy Nelson,WR,2018,LV,156.7
Robbie Chosen,WR,2018,NYJ,156.4
Allen Robinson,WR,2018,CHI,153.3
Taylor Gabriel,WR,2018,CHI,151.9
DeSean Jackson,WR,2018,TB,151.3
Cole Beasley,WR,2018,DAL,150.2
A.J. Green,WR,2018,CIN,149.4
John Brown,WR,2018,BAL,143.9
Doug Baldwin,WR,2018,SEA,141.8
Curtis Samuel,WR,2018,CAR,138.8
Josh Gordon,WR,2018,NE,138.7
Tyrell Williams,WR,2018,LAC,137.8
Courtland Sutton,WR,2018,DEN,136.3
Cooper Kupp,WR,2018,LA,135.1
Kenny Stills,WR,2018,MIA,134.42
Willie Snead,WR,2018,BAL,134.4
Michael Crabtree,WR,2018,BAL,132.7
Antonio Callaway,WR,2018,CLE,132.3
Donte Moncrief,WR,2018,JAX,130.8
Danny Amendola,WR,2018,MIA,127.42
Christian Kirk,WR,2018,ARI,123.5
Anthony Miller,WR,2018,CHI,120.22
Rashard Higgins,WR,2018,CLE,118.2
Chester Rogers,WR,2018,IND,117.1
Marvin Jones,WR,2018,DET,115.8
Sammy Watkins,WR,2018,KC,115.1
Kendrick Bourne,WR,2018,SF,114.7
Marquez Valdes-Scantling,WR,2018,GB,111
Josh Doctson,WR,2018,WAS,109.2
Seth Roberts,WR,2018,LV,106.9
Will Fuller,WR,2018,HOU,106.3
Chris Hogan,WR,2018,NE,106.2
Dante Pettis,WR,2018,SF,103.5
David Moore,WR,2018,SEA,101
Tre'Quan Smith,WR,2018,NO,100.7
Josh Reynolds,WR,2018,LA,100
Robert Foster,WR,2018,BUF,99.1
Michael Gallup,WR,2018,DAL,97.7
Jarius Wright,WR,2018,CAR,97.6
Albert Wilson,WR,2018,MIA,96.78
Chris Conley,WR,2018,KC,91.4
Keelan Cole,WR,2018,JAX,89.1
Taywan Taylor,WR,2018,TEN,87.6
Marquise Goodwin,WR,2018,SF,87.4
Quincy Enunwa,WR,2018,NYJ,86.9
Randall Cobb,WR,2018,GB,86.3
John Ross,WR,2018,CIN,84.9
Jamison Crowder,WR,2018,WAS,82.8
Phillip Dorsett,WR,2018,NE,81.9
Jermaine Kearse,WR,2018,NYJ,80.1
Dontrelle Inman,WR,2018,IND,76.4
Demarcus Robinson,WR,2018,KC,74.8
Ryan Grant,WR,2018,IND,74.4
Ty Montgomery,WR,2018,BAL,72.8
Jakeem Grant,WR,2018,MIA,72.3
Laquon Treadwell,WR,2018,MIN,71.2
Tajae Sharpe,WR,2018,TEN,71.2
Aldrick Robinson,WR,2018,MIN,70.1
Ryan Switzer,WR,2018,PIT,69.4
Kelvin Benjamin,WR,2018,KC,69
Zach Pascal,WR,2018,IND,66.8
DaeSean Hamilton,WR,2018,DEN,66.3
Keke Coutee,WR,2018,HOU,62.7
Geronimo Allison,WR,2018,GB,62.3
Breshad Perriman,WR,2018,CLE,62.2
Allen Hurns,WR,2018,DAL,61.5
DeVante Parker,WR,2018,MIA,60.9
Jaron Brown,WR,2018,SEA,60.6
Tim Patrick,WR,2018,DEN,60.2
Bruce Ellington,WR,2018,DET,59.6
Maurice Harris,WR,2018,WAS,59.4
Paul Richardson,WR,2018,WAS,59.1
Pierre Garcon,WR,2018,SF,58.6
Trent Taylor,WR,2018,SF,55.5
Isaiah McKenzie,WR,2018,BUF,54.5
Equanimeous St. Brown,WR,2018,GB,54.3
Terrelle Pryor,WR,2018,BUF,53.1
Ted Ginn,WR,2018,NO,52.5
T.J. Jones,WR,2018,DET,50
Torrey Smith,WR,2018,CAR,50
Chris Moore,WR,2018,BAL,46.3
Trent Sherfield,WR,2018,ARI,46
Keith Kirkwood,WR,2018,NO,45.9
Martavis Bryant,WR,2018,LV,45.9
DeAndre Carter,WR,2018,HOU,44.3
James Washington,WR,2018,PIT,43.7
Bennie Fowler,WR,2018,NYG,41.9
Chad Williams,WR,2018,ARI,41
Russell Shepard,WR,2018,NYG,40.8
Travis Benjamin,WR,2018,LAC,40.7
Tavon Austin,WR,2018,DAL,39.5
Justin Hardy,WR,2018,ATL,39.3
Alex Erickson,WR,2018,CIN,38.9
Andre Roberts,WR,2018,NYJ,37.9
Brandon LaFell,WR,2018,LV,37.5
Cody Core,WR,2018,CIN,37
Marcell Ateman,WR,2018,LV,36.4
Cody Latimer,WR,2018,NYG,36
Richie James,WR,2018,SF,34
Josh Bellamy,WR,2018,CHI,33.7
Deonte Thompson,WR,2018,BUF,33.1
Marvin Hall,WR,2018,ATL,30.9
Austin Carr,WR,2018,NO,30.7
Brandon Marshall,WR,2018,SEA,30.6
D.J. Chark,WR,2018,JAX,29.4
Andre Holmes,WR,2018,DEN,29.2
Darius Jennings,WR,2018,TEN,28.14
Michael Floyd,WR,2018,WAS,28
Damion Ratley,WR,2018,CLE,27.4
Andy Jones,WR,2018,DET,25
Cameron Meredith,WR,2018,NO,24.4
Brandon Powell,WR,2018,DET,24.3
Deontay Burnett,WR,2018,NYJ,24.3
Jake Kumerow,WR,2018,GB,24.3
Trey Quinn,WR,2018,WAS,22.5
Marcus Johnson,WR,2018,IND,22
Eli Rogers,WR,2018,PIT,21.5
Vyncint Smith,WR,2018,HOU,20.1
Leonte Carroo,WR,2018,MIA,18.8
Brice Butler,WR,2018,MIA,18
Dwayne Harris,WR,2018,LV,17.2
Cameron Batson,WR,2018,TEN,16.3
Tommylee Lewis,WR,2018,NO,16
J.J. Nelson,WR,2018,ARI,13.4
Kevin White,WR,2018,CHI,13.2
Corey Coleman,WR,2018,NYG,12.6
De'Anthony Thomas,WR,2018,KC,12.5
Russell Gage,WR,2018,ATL,12.3
Kamar Aiken,WR,2018,PHI,11.3
Noah Brown,WR,2018,DAL,10.4
Rashad Greene,WR,2018,JAX,10
Bobo Wilson,WR,2018,TB,9.2
Derrick Willies,WR,2018,CLE,9.1
Ray-Ray McCloud,WR,2018,BUF,9
Jawill Davis,WR,2018,NYG,8
Chad Beebe,WR,2018,MIN,7.9
Auden Tate,WR,2018,CIN,7.5
Rishard Matthews,WR,2018,NYJ,7.4
Javon Wims,WR,2018,CHI,7.2
Jalen Tolliver,WR,2018,ARI,6.7
Shelton Gibson,WR,2018,PHI,5.8
River Cracraft,WR,2018,DEN,5.4
Justin Hunter,WR,2018,PIT,5.1
Brian Quick,WR,2018,WAS,4.8
Charone Peake,WR,2018,NYJ,4.5
Malik Turner,WR,2018,SEA,4
Terrance Williams,WR,2018,DAL,3.8
KhaDarel Hodge,WR,2018,LA,3.7
Nick Williams,WR,2018,LA,3.7
J'Mon Moore,WR,2018,GB,3.5
Brandon Zylstra,WR,2018,MIN,3.3
Gehrig Dieter,WR,2018,KC,3.2
Jeremy Kerley,WR,2018,BUF,2.7
Tim White,WR,2018,BAL,2.4
Josh Malone,WR,2018,CIN,2.2
Sammie Coates,WR,2018,HOU,2.2
Victor Bolden,WR,2018,SF,2
Cam Phillips,WR,2018,BUF,1.9
Damiere Byrd,WR,2018,CAR,1.8
Darvin Kidsy,WR,2018,WAS,1.8
Keon Hatcher,WR,2018,LV,1.8
Allen Lazard,WR,2018,GB,1.7
Jamal Agnew,WR,2018,DET,1.7
Marcus Kemp,WR,2018,KC,1.7
Justin Watson,WR,2018,TB,1.5
J.J. Jones,WR,2018,NYJ,1.3
Jehu Chesson,WR,2018,WAS,1.3
Darrius Heyward-Bey,WR,2018,PIT,1.2
Chris Lacy,WR,2018,DET,0
Freddie Martino,WR,2018,TB,0
Geremy Davis,WR,2018,LAC,0
Isaiah Ford,WR,2018,MIA,0
Johnny Holton,WR,2018,LV,0
Mike Wallace,WR,2018,PHI,0
Pharoh Cooper,WR,2018,LA,0
Riley McCarron,WR,2018,NE,0
Stacy Coley,WR,2018,MIN,0
Rod Streater,WR,2018,CLE,-1.1
Kyle Juszczyk,FB,2019,SF,50.6
C.J. Ham,FB,2019,MIN,39.6
Andrew Beck,FB,2019,DEN,24.54
Patrick Ricard,FB,2019,BAL,18.7
Alec Ingold,FB,2019,LV,18.1
Dan Vitale,FB,2019,GB,17
Andy Janovich,FB,2019,DEN,15.3
Derek Watt,FB,2019,LAC,13.2
Zach Line,FB,2019,NO,11.6
Patrick DiMarco,FB,2019,BUF,9.8
Khari Blasingame,FB,2019,TEN,9.4
Nick Bawden,FB,2019,DET,5.7
Keith Smith,FB,2019,ATL,3.1
Roosevelt Nix,FB,2019,PIT,2.4
Ricky Ortiz,FB,2019,NO,1.8
Jakob Johnson,FB,2019,NE,1.5
James Develin,FB,2019,NE,0.3
Jamize Olawale,FB,2019,DAL,0
Michael Burton,FB,2019,WAS,0
Mark Walton,HB,2019,MIA,42
Jason Sanders,K,2019,MIA,7.1
Jake Elliott,K,2019,PHI,-2
Lamar Jackson,QB,2019,BAL,415.68
Dak Prescott,QB,2019,DAL,337.78
Russell Wilson,QB,2019,SEA,328.6
Deshaun Watson,QB,2019,HOU,320.98
Jameis Winston,QB,2019,TB,305.36
Josh Allen,QB,2019,BUF,288.56
Patrick Mahomes,QB,2019,KC,287.04
Kyler Murray,QB,2019,ARI,285.98
Aaron Rodgers,QB,2019,GB,278.38
Carson Wentz,QB,2019,PHI,275.86
Matt Ryan,QB,2019,ATL,267.34
Tom Brady,QB,2019,NE,263.68
Jared Goff,QB,2019,LA,247.52
Jimmy Garoppolo,QB,2019,SF,247.32
Derek Carr,QB,2019,LV,246.36
Kirk Cousins,QB,2019,MIN,244.42
Ryan Fitzpatrick,QB,2019,MIA,241.46
Philip Rivers,QB,2019,LAC,235.5
Baker Mayfield,QB,2019,CLE,235.42
Gardner Minshew,QB,2019,JAX,229.24
Drew Brees,QB,2019,NO,224.76
Ryan Tannehill,QB,2019,TEN,224.18
Jacoby Brissett,QB,2019,IND,217.68
Daniel Jones,QB,2019,NYG,216.98
Andy Dalton,QB,2019,CIN,203.66
Mitchell Trubisky,QB,2019,CHI,202.82
Sam Darnold,QB,2019,NYJ,189.16
Kyle Allen,QB,2019,CAR,177.48
Matthew Stafford,QB,2019,DET,166.56
Mason Rudolph,QB,2019,PIT,108.8
Case Keenum,QB,2019,WAS,103.48
Teddy Bridgewater,QB,2019,NO,90.46
Marcus Mariota,QB,2019,TEN,85.02
Joe Flacco,QB,2019,DEN,84.88
Dwayne Haskins,QB,2019,WAS,76.7
Drew Lock,QB,2019,DEN,68
Jeff Driskel,QB,2019,DET,58.1
David Blough,QB,2019,DET,55.36
Eli Manning,QB,2019,NYG,54.38
Devlin Hodges,QB,2019,PIT,51.32
Matt Moore,QB,2019,KC,42.26
Nick Foles,QB,2019,JAX,37.74
Matt Schaub,QB,2019,ATL,32.9
Brandon Allen,QB,2019,DEN,32.5
Chase Daniel,QB,2019,CHI,26
Ryan Finley,QB,2019,CIN,24.66
Brian Hoyer,QB,2019,IND,21.08
Josh Rosen,QB,2019,MIA,17.98
AJ McCarron,QB,2019,HOU,16.9
Cam Newton,QB,2019,CAR,16.68
Robert Griffin,QB,2019,BAL,15.1
Ben Roethlisberger,QB,2019,PIT,12.74
Luke Falk,QB,2019,NYJ,8.64
Brett Hundley,QB,2019,ARI,6.06
Tyrod Taylor,QB,2019,LAC,6.02
Matt Barkley,QB,2019,BUF,5.96
Colt McCoy,QB,2019,WAS,4.28
Mike Glennon,QB,2019,LV,4.24
Will Grier,QB,2019,CAR,1.32
Josh McCown,QB,2019,PHI,0.76
Ryan Griffin,QB,2019,TB,0.62
Trevor Siemian,QB,2019,NYJ,0.12
Trace McSorley,QB,2019,BAL,0.1
Alex Tanney,QB,2019,NYG,0.04
David Fales,QB,2019,NYJ,0
Tim Boyle,QB,2019,GB,-0.1
Garrett Gilbert,QB,2019,CLE,-0.3
Nick Mullens,QB,2019,SF,-0.3
Blake Bortles,QB,2019,LA,-0.78
Sean Mannion,QB,2019,MIN,-1.46
Jarrett Stidham,QB,2019,NE,-1.64
Christian McCaffrey,RB,2019,CAR,471.2
Aaron Jones,RB,2019,GB,314.8
Ezekiel Elliott,RB,2019,DAL,311.7
Austin Ekeler,RB,2019,LAC,311
Derrick Henry,RB,2019,TEN,294.6
Dalvin Cook,RB,2019,MIN,292.4
Leonard Fournette,RB,2019,JAX,259.4
Nick Chubb,RB,2019,CLE,257.1
Alvin Kamara,RB,2019,NO,248.52
Saquon Barkley,RB,2019,NYG,244.1
Mark Ingram,RB,2019,BAL,242.5
Chris Carson,RB,2019,SEA,232.6
Joe Mixon,RB,2019,CIN,225.4
Todd Gurley,RB,2019,LA,219.4
Miles Sanders,RB,2019,PHI,218.7
Kenyan Drake,RB,2019,ARI,217
Le'Veon Bell,RB,2019,NYJ,215
James White,RB,2019,NE,202.2
Phillip Lindsay,RB,2019,DEN,197.7
Devonta Freeman,RB,2019,ATL,197.6
Josh Jacobs,RB,2019,LV,191.6
Marlon Mack,RB,2019,IND,181.3
Melvin Gordon,RB,2019,LAC,180.8
David Montgomery,RB,2019,CHI,170.4
Raheem Mostert,RB,2019,SF,167.2
Ronald Jones,RB,2019,TB,166.3
Tarik Cohen,RB,2019,CHI,163.9
Latavius Murray,RB,2019,NO,157.2
Duke Johnson,RB,2019,HOU,154
Carlos Hyde,RB,2019,HOU,153.2
Sony Michel,RB,2019,NE,152.6
Devin Singletary,RB,2019,BUF,147.9
Adrian Peterson,RB,2019,WAS,147
Jamaal Williams,RB,2019,GB,146.3
James Conner,RB,2019,PIT,145.5
Royce Freeman,RB,2019,DEN,142.2
David Johnson,RB,2019,ARI,141.6
Damien Williams,RB,2019,KC,141.1
Tevin Coleman,RB,2019,SF,135.4
DeAndre Washington,RB,2019,LV,121.9
LeSean McCoy,RB,2019,KC,118.6
Nyheim Miller-Hines,RB,2019,IND,117.9
Peyton Barber,RB,2019,TB,116.5
Jordan Howard,RB,2019,PHI,111.4
Jaylen Samuels,RB,2019,PIT,104.4
Matt Breida,RB,2019,SF,103.3
Kareem Hunt,RB,2019,CLE,101.4
Rex Burkhead,RB,2019,NE,101.1
Boston Scott,RB,2019,PHI,98.9
Frank Gore,RB,2019,BUF,94.9
Chris Thompson,RB,2019,WAS,93.6
Gus Edwards,RB,2019,BAL,92.6
Tony Pollard,RB,2019,DAL,89.2
Kerryon Johnson,RB,2019,DET,85
J.D. McKissic,RB,2019,DET,83.8
Chase Edmonds,RB,2019,ARI,82.8
Jalen Richard,RB,2019,LV,82.8
Dare Ogunbowale,RB,2019,TB,75.3
Rashaad Penny,RB,2019,SEA,75.3
Alexander Mattison,RB,2019,MIN,68.4
Giovani Bernard,RB,2019,CIN,68.4
Patrick Laird,RB,2019,MIA,68.2
Darrel Williams,RB,2019,KC,67.8
Brian Hill,RB,2019,ATL,67.2
Dion Lewis,RB,2019,TEN,66.3
Ty Johnson,RB,2019,DET,60.2
Malcolm Brown,RB,2019,LA,59.1
Benny Snell,RB,2019,PIT,57.9
Derrius Guice,RB,2019,WAS,57.4
Jordan Wilkins,RB,2019,IND,54
Kalen Ballage,RB,2019,MIA,51.8
Ryquell Armstead,RB,2019,JAX,51.2
Brandon Bolden,RB,2019,NE,50.9
Mike Boone,RB,2019,MIN,50
Justice Hill,RB,2019,BAL,49.5
Wayne Gallman,RB,2019,NYG,48.2
Jeffery Wilson,RB,2019,SF,46.9
Bo Scarbrough,RB,2019,DET,43.2
Ameer Abdullah,RB,2019,MIN,41.3
Jonathan Williams,RB,2019,IND,40.4
Dontrell Hilliard,RB,2019,CLE,38.1
Ito Smith,RB,2019,ATL,36.3
Cordarrelle Patterson,RB,2019,CHI,35.6
Bilal Powell,RB,2019,NYJ,33.2
Darwin Thompson,RB,2019,KC,32.1
Myles Gaskin,RB,2019,MIA,31.4
Justin Jackson,RB,2019,LAC,31.2
Qadree Ollison,RB,2019,ATL,30.7
T.J. Yeldon,RB,2019,BUF,29.7
Reggie Bonnafon,RB,2019,CAR,29.3
C.J. Prosise,RB,2019,SEA,28.8
Travis Homer,RB,2019,SEA,28
Wendell Smallwood,RB,2019,WAS,23.5
Darrell Henderson,RB,2019,LA,22.4
Trey Edmunds,RB,2019,PIT,20
Kenjon Barner,RB,2019,ATL,17.12
Darren Sproles,RB,2019,PHI,17
Wes Hills,RB,2019,DET,16.2
D'Ernest Johnson,RB,2019,CLE,15.2
Kerrith Whyte,RB,2019,PIT,14.1
Elijhaa Penny,RB,2019,NYG,12.8
Devontae Booker,RB,2019,DEN,12.6
Spencer Ware,RB,2019,KC,12.3
Mike Davis,RB,2019,CAR,11.9
Javorius Allen,RB,2019,NYG,11.5
Troymaine Pope,RB,2019,LAC,11.4
Tra Carson,RB,2019,DET,10.6
Alex Armah,RB,2019,CAR,9.7
Marshawn Lynch,RB,2019,SEA,9.4
Jon Hilliman,RB,2019,NYG,8.2
Devine Ozigbo,RB,2019,JAX,8
Dwayne Washington,RB,2019,NO,7.6
Taiwan Jones,RB,2019,HOU,5.9
Anthony Sherman,RB,2019,KC,5.1
Paul Perkins,RB,2019,DET,4.8
C.J. Anderson,RB,2019,DET,4.3
T.J. Logan,RB,2019,TB,4.3
Tyler Ervin,RB,2019,GB,4.1
Zach Zenner,RB,2019,ARI,3.7
Jay Ajayi,RB,2019,PHI,3
Dalyn Dawkins,RB,2019,TEN,2.6
Samaje Perine,RB,2019,MIA,1.6
Senorise Perry,RB,2019,BUF,1.4
Damien Harris,RB,2019,NE,1.2
Josh Adams,RB,2019,NYJ,1.2
Dexter Williams,RB,2019,GB,1.1
Buddy Howell,RB,2019,HOU,1
John Kelly,RB,2019,LA,0.9
Jordan Scarlett,RB,2019,CAR,0.9
Josh Ferguson,RB,2019,WAS,0.9
Ryan Nall,RB,2019,CHI,0.8
Tony Brooks-James,RB,2019,PIT,0.7
De'Lance Turner,RB,2019,MIA,0.6
Alfred Morris,RB,2019,ARI,0.4
Travis Kelce,TE,2019,KC,254.3
George Kittle,TE,2019,SF,222.5
Darren Waller,TE,2019,LV,221
Zach Ertz,TE,2019,PHI,215.6
Mark Andrews,TE,2019,BAL,207.2
Austin Hooper,TE,2019,ATL,191.7
Jared Cook,TE,2019,NO,167.5
Tyler Higbee,TE,2019,LA,160.4
Hunter Henry,TE,2019,LAC,150.2
Dallas Goedert,TE,2019,PHI,144.7
Jason Witten,TE,2019,DAL,139.9
Mike Gesicki,TE,2019,MIA,136
Greg Olsen,TE,2019,CAR,123.7
Kyle Rudolph,TE,2019,MIN,113.7
Jack Doyle,TE,2019,IND,111.8
Noah Fant,TE,2019,DEN,111
Darren Fells,TE,2019,HOU,110.1
Evan Engram,TE,2019,NYG,109.4
Tyler Eifert,TE,2019,CIN,106.6
Jonnu Smith,TE,2019,TEN,104.7
Taysom Hill,TE,2019,NO,102.2
Jimmy Graham,TE,2019,GB,100.7
Ryan Griffin,TE,2019,NYJ,98
Jacob Hollister,TE,2019,SEA,93.9
Cameron Brate,TE,2019,TB,91.1
Gerald Everett,TE,2019,LA,89.8
Jordan Akins,TE,2019,HOU,89.8
Eric Ebron,TE,2019,IND,86.5
Blake Jarwin,TE,2019,DAL,85.5
O.J. Howard,TE,2019,TB,83.9
Vance McDonald,TE,2019,PIT,83.5
T.J. Hockenson,TE,2019,DET,80.7
Dawson Knox,TE,2019,BUF,79.7
Irv Smith,TE,2019,MIN,79.1
Hayden Hurst,TE,2019,BAL,76.9
Kaden Smith,TE,2019,NYG,75.8
Nick Boyle,TE,2019,BAL,75.1
Will Dissly,TE,2019,SEA,73.9
Foster Moreau,TE,2019,LV,68.4
Josh Hill,TE,2019,NO,65.6
C.J. Uzomah,TE,2019,CIN,63.2
Ricky Seals-Jones,TE,2019,CLE,58.9
Jeremy Sprinkle,TE,2019,WAS,56.1
Delanie Walker,TE,2019,TEN,54.5
Demetrius Harris,TE,2019,CLE,49.9
Charles Clay,TE,2019,ARI,47.7
James O'Shaughnessy,TE,2019,JAX,41.3
Maxx Williams,TE,2019,ARI,41.2
Rhett Ellison,TE,2019,NYG,40.7
Anthony Firkser,TE,2019,TEN,40.4
N'Keal Harry,TE,2019,NE,39.4
Logan Thomas,TE,2019,DET,39.3
Marcedes Lewis,TE,2019,GB,36.6
Ross Dwelley,TE,2019,SF,36.1
Ian Thomas,TE,2019,CAR,35.6
Benjamin Watson,TE,2019,NE,34.3
Nick Vannett,TE,2019,PIT,33.6
Dan Arnold,TE,2019,ARI,32.7
Derek Carrier,TE,2019,LV,32.5
Matt LaCosse,TE,2019,NE,32.1
Jeff Heuerman,TE,2019,DEN,31.4
Jesse James,TE,2019,DET,30.2
Jaeden Graham,TE,2019,ATL,29.9
Nick O'Leary,TE,2019,JAX,29.9
Vernon Davis,TE,2019,WAS,28.3
Robert Tonyan,TE,2019,GB,26
Seth DeValve,TE,2019,JAX,26
Hale Hentges,TE,2019,WAS,24.3
Joshua Perkins,TE,2019,PHI,23.7
Ryan Izzo,TE,2019,NE,23.4
Virgil Green,TE,2019,LAC,22.8
Jesper Horsted,TE,2019,CHI,22.7
Trey Burton,TE,2019,CHI,22.4
MyCole Pruitt,TE,2019,TEN,21
Daniel Brown,TE,2019,NYJ,20.2
Geoff Swaim,TE,2019,JAX,19.5
Tommy Sweeney,TE,2019,BUF,19.4
Tyler Kroft,TE,2019,BUF,19.1
Adam Shaheen,TE,2019,CHI,18.4
Ben Braunecker,TE,2019,CHI,17.9
Mo Alie-Cox,TE,2019,IND,17.3
J.P. Holtz,TE,2019,CHI,16.1
Stephen Carlson,TE,2019,CLE,16.1
Luke Willson,TE,2019,SEA,15.9
Troy Fumagalli,TE,2019,DEN,15.8
David Njoku,TE,2019,CLE,15.1
Blake Bell,TE,2019,KC,14.7
Tyler Conklin,TE,2019,MIN,13.8
Durham Smythe,TE,2019,MIA,13.5
Luke Stocker,TE,2019,ATL,13.3
Lee Smith,TE,2019,BUF,13.1
Clive Walford,TE,2019,MIA,9.7
Cethan Carter,TE,2019,CIN,9.3
Deon Yelder,TE,2019,KC,8
Drew Sample,TE,2019,CIN,8
Lance Kendricks,TE,2019,LAC,8
Jordan Matthews,TE,2019,PHI,7.3
Ross Travis,TE,2019,IND,7.1
Trevon Wesco,TE,2019,NYJ,6.9
Johnny Mundt,TE,2019,LA,6.6
Devin Funchess,TE,2019,IND,6.2
Pharaoh Brown,TE,2019,CLE,4.7
Tanner Hudson,TE,2019,TB,4.6
Josh Oliver,TE,2019,JAX,4.5
Eric Saubert,TE,2019,CHI,4.1
Codey McElroy,TE,2019,TB,4
Isaac Nauta,TE,2019,DET,3.3
Scott Simonson,TE,2019,NYG,3.1
Levine Toilolo,TE,2019,SF,3
Sean Culkin,TE,2019,LAC,2.2
Antony Auclair,TE,2019,TB,2.1
Chris Manhertz,TE,2019,CAR,2.1
Ben Koyack,TE,2019,JAX,1.9
Jordan Thomas,TE,2019,HOU,1.8
Christopher Herndon,TE,2019,NYJ,1.7
Dalton Schultz,TE,2019,DAL,1.6
Charles Jones,TE,2019,JAX,1.5
Tyrone Swoopes,TE,2019,SEA,1.5
Darrell Daniels,TE,2019,ARI,1.4
Zach Gentry,TE,2019,PIT,1.4
Xavier Grimble,TE,2019,PIT,1.3
Eric Tomlinson,TE,2019,NE,1.1
Jace Sternberger,TE,2019,GB,0
Michael Thomas,WR,2019,NO,374.6
Chris Godwin,WR,2019,TB,276.1
Julio Jones,WR,2019,ATL,274.1
Cooper Kupp,WR,2019,LA,270.5
DeAndre Hopkins,WR,2019,HOU,268.54
Keenan Allen,WR,2019,LAC,261.5
Julian Edelman,WR,2019,NE,256.28
Allen Robinson,WR,2019,CHI,254.9
Kenny Golladay,WR,2019,DET,248
Amari Cooper,WR,2019,DAL,246.5
DeVante Parker,WR,2019,MIA,246.2
Jarvis Landry,WR,2019,CLE,237.4
Tyler Lockett,WR,2019,SEA,235.2
Robert Woods,WR,2019,LA,232.9
Mike Evans,WR,2019,TB,232.7
D.J. Moore,WR,2019,CAR,230.5
D.J. Chark,WR,2019,JAX,225.8
Tyler Boyd,WR,2019,CIN,222.9
Courtland Sutton,WR,2019,DEN,222.42
John Brown,WR,2019,BUF,219.82
A.J. Brown,WR,2019,TEN,217.1
Odell Beckham,WR,2019,CLE,215.9
Davante Adams,WR,2019,GB,212.7
Michael Gallup,WR,2019,DAL,212.7
Stefon Diggs,WR,2019,MIN,212.1
Jamison Crowder,WR,2019,NYJ,197.7
Calvin Ridley,WR,2019,ATL,197
Marvin Jones,WR,2019,DET,193.9
Terry McLaurin,WR,2019,WAS,191.9
Emmanuel Sanders,WR,2019,SF,190.3
Deebo Samuel,WR,2019,SF,189.1
Tyreek Hill,WR,2019,KC,188.3
DK Metcalf,WR,2019,SEA,187.1
Cole Beasley,WR,2019,BUF,184.8
Larry Fitzgerald,WR,2019,ARI,178.5
Curtis Samuel,WR,2019,CAR,171.7
Darius Slayton,WR,2019,NYG,170
Christian Kirk,WR,2019,ARI,167.1
Diontae Johnson,WR,2019,PIT,165.1
Robbie Chosen,WR,2019,NYJ,162.3
Mike Williams,WR,2019,LAC,161.3
Dede Westbrook,WR,2019,JAX,156.7
Chris Conley,WR,2019,JAX,156.5
Randall Cobb,WR,2019,DAL,154.9
Golden Tate,WR,2019,NYG,152.2
Marquise Brown,WR,2019,BAL,146.4
Tyrell Williams,WR,2019,LV,143.1
Sterling Shepard,WR,2019,NYG,141.8
Danny Amendola,WR,2019,DET,140.56
Sammy Watkins,WR,2019,KC,138.5
Breshad Perriman,WR,2019,TB,138.1
Zach Pascal,WR,2019,IND,135.3
Will Fuller,WR,2019,HOU,134
Hunter Renfrow,WR,2019,LV,133.5
James Washington,WR,2019,PIT,133.5
Anthony Miller,WR,2019,CHI,127.5
T.Y. Hilton,WR,2019,IND,125.1
Mohamed Sanu,WR,2019,NE,124.1
Mecole Hardman,WR,2019,KC,123.5
Alshon Jeffery,WR,2019,PHI,122.2
Kenny Stills,WR,2019,HOU,120.1
Brandin Cooks,WR,2019,LA,117.5
Corey Davis,WR,2019,TEN,115.1
Adam Thielen,WR,2019,MIN,114.4
JuJu Smith-Schuster,WR,2019,PIT,113.2
Steven Sims,WR,2019,WAS,109.5
Allen Lazard,WR,2019,GB,102.8
Auden Tate,WR,2019,CIN,101.5
Demarcus Robinson,WR,2019,KC,100.9
Phillip Dorsett,WR,2019,NE,100.8
Russell Gage,WR,2019,ATL,100.8
Alex Erickson,WR,2019,CIN,100.24
Kendrick Bourne,WR,2019,SF,97.8
Willie Snead,WR,2019,BAL,95.1
John Ross,WR,2019,CIN,95
Nelson Agholor,WR,2019,PHI,94
Preston Williams,WR,2019,MIA,90.8
Taylor Gabriel,WR,2019,CHI,90.3
Albert Wilson,WR,2019,MIA,89.4
Adam Humphries,WR,2019,TEN,86.5
Ted Ginn,WR,2019,NO,85.9
Demaryius Thomas,WR,2019,NYJ,85.3
Marquez Valdes-Scantling,WR,2019,GB,84.1
Allen Hurns,WR,2019,MIA,83.6
Tajae Sharpe,WR,2019,TEN,81.9
Olabisi Johnson,WR,2019,MIN,79
Keelan Cole,WR,2019,JAX,78.7
Geronimo Allison,WR,2019,GB,75.4
Josh Gordon,WR,2019,SEA,73.7
Damiere Byrd,WR,2019,ARI,71.9
Tre'Quan Smith,WR,2019,NO,71.4
Kelvin Harmon,WR,2019,WAS,66.94
Cody Latimer,WR,2019,NYG,66
Paul Richardson,WR,2019,WAS,64.5
DaeSean Hamilton,WR,2019,DEN,63.7
Isaiah McKenzie,WR,2019,BUF,63.3
Jakobi Meyers,WR,2019,NE,61.9
Josh Reynolds,WR,2019,LA,61.9
Seth Roberts,WR,2019,BAL,60.1
Greg Ward,WR,2019,PHI,59.9
David Moore,WR,2019,SEA,59.6
Jarius Wright,WR,2019,CAR,56.9
Marcus Johnson,WR,2019,IND,56.7
Pharoh Cooper,WR,2019,ARI,55.5
Keke Coutee,WR,2019,HOU,52.8
Trey Quinn,WR,2019,WAS,51.8
Miles Boykin,WR,2019,BAL,50.8
Vyncint Smith,WR,2019,NYJ,50.7
Zay Jones,WR,2019,LV,48.9
Isaiah Ford,WR,2019,MIA,48.5
Jaron Brown,WR,2019,SEA,48
Jakeem Grant,WR,2019,MIA,47.9
Chester Rogers,WR,2019,IND,47.7
Tavon Austin,WR,2019,DAL,47.4
Bennie Fowler,WR,2019,NYG,46.3
KeeSean Johnson,WR,2019,ARI,46
Malik Turner,WR,2019,SEA,45.5
Justin Watson,WR,2019,TB,42.9
Javon Wims,WR,2019,CHI,42.6
Scott Miller,WR,2019,TB,40.6
Jake Kumerow,WR,2019,GB,39.9
Marvin Hall,WR,2019,DET,39.8
Justin Hardy,WR,2019,ATL,38.5
Marquise Goodwin,WR,2019,SF,38.1
Parris Campbell,WR,2019,IND,38.1
Damion Ratley,WR,2019,CLE,38
Tim Patrick,WR,2019,DEN,37.8
DeSean Jackson,WR,2019,PHI,36.9
Andy Isabella,WR,2019,ARI,35.4
Byron Pringle,WR,2019,KC,35
Duke Williams,WR,2019,BUF,34.6
Dante Pettis,WR,2019,SF,34.54
Laquon Treadwell,WR,2019,MIN,33.4
J.J. Arcega-Whiteside,WR,2019,PHI,32.9
Ty Montgomery,WR,2019,NYJ,32.3
Trevor Davis,WR,2019,LV,30.4
Dontrelle Inman,WR,2019,IND,30.1
Kalif Raymond,WR,2019,TEN,29.5
Richie James,WR,2019,SF,28.4
DeAndre Carter,WR,2019,HOU,27.2
Olamide Zaccheaus,WR,2019,ATL,26.5
Keelan Doss,WR,2019,LV,24.3
Mack Hollins,WR,2019,MIA,22.5
Devin Smith,WR,2019,DAL,22.3
Deon Cain,WR,2019,PIT,21.4
Christian Blake,WR,2019,ATL,20.1
Brandon Zylstra,WR,2019,CAR,18.6
Braxton Berrios,WR,2019,NYJ,17.5
Deonte Harty,WR,2019,NO,17.5
Damion Willis,WR,2019,CIN,17.2
Antonio Callaway,WR,2019,CLE,16.9
Antonio Brown,WR,2019,NE,16.1
Rashard Higgins,WR,2019,CLE,15.5
Chris Hogan,WR,2019,CAR,14.7
Marcell Ateman,WR,2019,LV,14.6
Rico Gafford,WR,2019,LV,14.6
Jamal Agnew,WR,2019,DET,13.7
J.J. Nelson,WR,2019,LV,13.6
Riley Ridley,WR,2019,CHI,12.9
T.J. Jones,WR,2019,NYG,12.8
Robert Foster,WR,2019,BUF,12.3
Trent Sherfield,WR,2019,ARI,12
Andre Patton,WR,2019,LAC,11.6
KhaDarel Hodge,WR,2019,CLE,11.6
Ryan Switzer,WR,2019,PIT,10.7
Tevin Jones,WR,2019,PIT,10.1
Cedrick Wilson,WR,2019,DAL,9.6
DeAndrew White,WR,2019,CAR,9.1
Chad Beebe,WR,2019,MIN,9
Chris Lacy,WR,2019,DET,9
Travis Benjamin,WR,2019,LAC,9
Ventell Bryant,WR,2019,DAL,8.5
Diontae Spencer,WR,2019,DEN,7.7
Deontay Burnett,WR,2019,PHI,6.8
Geremy Davis,WR,2019,LAC,6.8
Alexander Hollins,WR,2019,MIN,6.6
Bobo Wilson,WR,2019,TB,6.5
Jason Moore,WR,2019,LAC,6.3
Michael Crabtree,WR,2019,ARI,6.2
Johnny Holton,WR,2019,PIT,6
Matt Slater,WR,2019,NE,6
Cody Core,WR,2019,NYG,5.8
Donte Moncrief,WR,2019,PIT,5.8
Andre Roberts,WR,2019,BUF,5.7
Steven Mitchell,WR,2019,HOU,5.7
Russell Shepard,WR,2019,NYG,5.5
Gunner Olszewski,WR,2019,NE,5.4
Ishmael Hyman,WR,2019,TB,5.4
Ryan Grant,WR,2019,LV,5.4
C.J. Board,WR,2019,JAX,5.1
Chris Moore,WR,2019,BAL,5.1
Marqise Lee,WR,2019,JAX,4.9
Stanley Morgan,WR,2019,CIN,4.8
Cam Sims,WR,2019,WAS,4.7
Da'Mari Scott,WR,2019,NYG,4.7
Fred Brown,WR,2019,DEN,4.1
Josh Bellamy,WR,2019,NYJ,4
Ashton Dulin,WR,2019,IND,3.7
Darius Jennings,WR,2019,TEN,3.7
Robert Davis,WR,2019,PHI,3.7
Michael Walker,WR,2019,JAX,3.5
Mike Thomas,WR,2019,LA,3.4
Cody Hollister,WR,2019,TEN,3.3
Rashard Davis,WR,2019,TEN,2.6
Jeff Smith,WR,2019,NYJ,2.2
De'Anthony Thomas,WR,2019,BAL,2.1
John Ursua,WR,2019,SEA,2.1
Austin Carr,WR,2019,NO,1.9
Dwayne Harris,WR,2019,LV,1.7
Jaleel Scott,WR,2019,BAL,1.6
Krishawn Hogan,WR,2019,NO,1.4
Cyril Grayson,WR,2019,TB,1.3
Darrius Shepherd,WR,2019,GB,1.1
John Franklin,WR,2019,TB,1.1
Chad Williams,WR,2019,IND,0
Jalen Guyton,WR,2019,LAC,0
Lil'Jordan Humphrey,WR,2019,NO,0
Taywan Taylor,WR,2019,CLE,0
Travis Fulgham,WR,2019,DET,0
Quincy Enunwa,WR,2019,NYJ,-1.4
Kyle Juszczyk,FB,2020,SF,81.6
Alec Ingold,FB,2020,LV,29.4
C.J. Ham,FB,2020,MIN,25.5
Gabe Nabers,FB,2020,LAC,20.2
Keith Smith,FB,2020,ATL,17.6
Jakob Johnson,FB,2020,NE,17.5
Patrick Ricard,FB,2020,BAL,17.4
Reggie Gilliam,FB,2020,BUF,9.6
Michael Burton,FB,2020,NO,8.6
Khari Blasingame,FB,2020,TEN,7.9
Andy Janovich,FB,2020,CLE,3.7
Chandler Cox,FB,2020,MIA,2.9
Jason Cabinda,FB,2020,DET,2.8
Cullen Gillaspia,FB,2020,HOU,1.6
Bruce Miller,FB,2020,JAX,1.2
Josh Allen,QB,2020,BUF,396.06
Aaron Rodgers,QB,2020,GB,383.26
Kyler Murray,QB,2020,ARI,378.74
Patrick Mahomes,QB,2020,KC,374.4
Deshaun Watson,QB,2020,HOU,369.32
Russell Wilson,QB,2020,SEA,359.78
Ryan Tannehill,QB,2020,TEN,348.36
Tom Brady,QB,2020,TB,337.92
Justin Herbert,QB,2020,LAC,332.84
Lamar Jackson,QB,2020,BAL,332.78
Kirk Cousins,QB,2020,MIN,306.2
Matt Ryan,QB,2020,ATL,282.44
Derek Carr,QB,2020,LV,272.12
Ben Roethlisberger,QB,2020,PIT,267.22
Cam Newton,QB,2020,NE,260.98
Matthew Stafford,QB,2020,DET,260.56
Baker Mayfield,QB,2020,CLE,248.62
Teddy Bridgewater,QB,2020,CAR,241.22
Jared Goff,QB,2020,LA,239.98
Philip Rivers,QB,2020,IND,239.96
Drew Brees,QB,2020,NO,209.48
Carson Wentz,QB,2020,PHI,198.4
Drew Lock,QB,2020,DEN,181.32
Daniel Jones,QB,2020,NYG,180.02
Joe Burrow,QB,2020,CIN,173.72
Gardner Minshew,QB,2020,JAX,160.66
Ryan Fitzpatrick,QB,2020,MIA,153.74
Mitchell Trubisky,QB,2020,CHI,153.7
Andy Dalton,QB,2020,DAL,136.9
Dak Prescott,QB,2020,DAL,135.64
Tua Tagovailoa,QB,2020,MIA,135.46
Sam Darnold,QB,2020,NYJ,134.02
Nick Mullens,QB,2020,SF,116.28
Jalen Hurts,QB,2020,PHI,109.14
Nick Foles,QB,2020,CHI,104.18
Alex Smith,QB,2020,WAS,71.58
Dwayne Haskins,QB,2020,WAS,68.16
Jimmy Garoppolo,QB,2020,SF,64.34
Mike Glennon,QB,2020,JAX,60.58
Joe Flacco,QB,2020,NYJ,54.76
C.J. Beathard,QB,2020,SF,52.28
Brandon Allen,QB,2020,CIN,49.7
Kyle Allen,QB,2020,WAS,45
Jeff Driskel,QB,2020,DEN,30.08
Jake Luton,QB,2020,JAX,28.26
Marcus Mariota,QB,2020,LV,25.84
Chad Henne,QB,2020,KC,23.72
Jacoby Brissett,QB,2020,IND,20.58
Ryan Finley,QB,2020,CIN,19.16
Mason Rudolph,QB,2020,PIT,18.36
Colt McCoy,QB,2020,NYG,18.2
Blaine Gabbert,QB,2020,TB,15.32
Garrett Gilbert,QB,2020,DAL,14.52
Jarrett Stidham,QB,2020,NE,12.94
John Wolford,QB,2020,LA,12.84
Chase Daniel,QB,2020,DET,12.16
Taylor Heinicke,QB,2020,WAS,11.68
Brett Rypien,QB,2020,DEN,11.3
Trace McSorley,QB,2020,BAL,9.3
Matt Barkley,QB,2020,BUF,9.28
Tyrod Taylor,QB,2020,LAC,9.02
P.J. Walker,QB,2020,CAR,8.52
Chris Streveler,QB,2020,ARI,7.7
Ben DiNucci,QB,2020,DAL,6.96
Tyler Huntley,QB,2020,BAL,2.9
Robert Griffin,QB,2020,BAL,2.58
Jameis Winston,QB,2020,NO,2.4
Joshua Dobbs,QB,2020,PIT,2.08
Brian Hoyer,QB,2020,NE,2
Nathan Peterman,QB,2020,LV,1.9
Case Keenum,QB,2020,CLE,1.84
David Blough,QB,2020,DET,1.76
Logan Woodside,QB,2020,TEN,1.28
Geno Smith,QB,2020,SEA,1.12
AJ McCarron,QB,2020,HOU,0.8
Tyler Bray,QB,2020,CHI,0.72
John Lovett,QB,2020,GB,0.6
Easton Stick,QB,2020,LAC,-0.04
Matt Schaub,QB,2020,ATL,-0.4
Tim Boyle,QB,2020,GB,-0.9
Nate Sudfeld,QB,2020,PHI,-1.52
Alvin Kamara,RB,2020,NO,377.8
Dalvin Cook,RB,2020,MIN,337.8
Derrick Henry,RB,2020,TEN,333.1
David Montgomery,RB,2020,CHI,264.8
Aaron Jones,RB,2020,GB,258.9
Jonathan Taylor,RB,2020,IND,252.8
James Robinson,RB,2020,JAX,250.4
Josh Jacobs,RB,2020,LV,231.3
Ezekiel Elliott,RB,2020,DAL,223.7
Kareem Hunt,RB,2020,CLE,218.5
Nick Chubb,RB,2020,CLE,207.7
Mike Davis,RB,2020,CAR,206.5
Antonio Gibson,RB,2020,WAS,202.2
Melvin Gordon,RB,2020,DEN,198.4
Nyheim Miller-Hines,RB,2020,IND,193.2
Kenyan Drake,RB,2020,ARI,192.2
J.D. McKissic,RB,2020,WAS,191.4
D'Andre Swift,RB,2020,DET,189.8
Chris Carson,RB,2020,SEA,187.8
Ronald Jones,RB,2020,TB,186.3
David Johnson,RB,2020,HOU,179.5
Clyde Edwards-Helaire,RB,2020,KC,176
Miles Sanders,RB,2020,PHI,170.4
J.K. Dobbins,RB,2020,BAL,168.5
Chase Edmonds,RB,2020,ARI,168
Austin Ekeler,RB,2020,LAC,165.3
James Conner,RB,2020,PIT,164.6
Myles Gaskin,RB,2020,MIA,164.2
Todd Gurley,RB,2020,ATL,163.2
Giovani Bernard,RB,2020,CIN,158.1
Devin Singletary,RB,2020,BUF,143.6
Jeffery Wilson,RB,2020,SF,142.3
Wayne Gallman,RB,2020,NYG,136.6
Latavius Murray,RB,2020,NO,136.2
Leonard Fournette,RB,2020,TB,132
Darrell Henderson,RB,2020,LA,129.9
Gus Edwards,RB,2020,BAL,128.2
Jamaal Williams,RB,2020,GB,127.1
Jerick McKinnon,RB,2020,SF,126.2
Adrian Peterson,RB,2020,DET,124.5
Tony Pollard,RB,2020,DAL,120.8
James White,RB,2020,NE,116.6
Malcolm Brown,RB,2020,LA,109.1
Rex Burkhead,RB,2020,NE,107.6
Cam Akers,RB,2020,LA,101.8
Zack Moss,RB,2020,BUF,101.6
Frank Gore,RB,2020,NYJ,100.2
Raheem Mostert,RB,2020,SF,99.7
Joe Mixon,RB,2020,CIN,99.6
Boston Scott,RB,2020,PHI,95.6
Brian Hill,RB,2020,ATL,95.4
Kalen Ballage,RB,2020,LAC,93.9
Damien Harris,RB,2020,NE,91.3
Christian McCaffrey,RB,2020,CAR,90.4
Alexander Mattison,RB,2020,MIN,86.9
Devontae Booker,RB,2020,LV,85.7
Carlos Hyde,RB,2020,SEA,84.9
Duke Johnson,RB,2020,HOU,84.4
Joshua Kelley,RB,2020,LAC,81.2
Sony Michel,RB,2020,NE,75.3
Benny Snell,RB,2020,PIT,74.9
Le'Veon Bell,RB,2020,KC,74.6
Kerryon Johnson,RB,2020,DET,71.8
Cordarrelle Patterson,RB,2020,CHI,69.4
Salvon Ahmed,RB,2020,MIA,69
Phillip Lindsay,RB,2020,DEN,66
Samaje Perine,RB,2020,CIN,65.7
Justin Jackson,RB,2020,LAC,65.3
Ty Johnson,RB,2020,NYJ,63.3
Jordan Wilkins,RB,2020,IND,61.3
Dion Lewis,RB,2020,NYG,59.2
Ito Smith,RB,2020,ATL,57.3
DeeJay Dallas,RB,2020,SEA,56.9
Peyton Barber,RB,2020,WAS,55
Darrel Williams,RB,2020,KC,54.5
Mark Ingram,RB,2020,BAL,52.9
La'Mical Perine,RB,2020,NYJ,52.5
Jalen Richard,RB,2020,LV,51.1
Jeremy McNichols,RB,2020,TEN,43.9
Chris Thompson,RB,2020,JAX,42.6
Matt Breida,RB,2020,MIA,42
Alfred Morris,RB,2020,NYG,40.7
A.J. Dillon,RB,2020,GB,40.3
Royce Freeman,RB,2020,DEN,37.1
Josh Adams,RB,2020,NYJ,36.6
Rodney Smith,RB,2020,CAR,36.5
Devonta Freeman,RB,2020,NYG,36
Darwin Thompson,RB,2020,KC,33.2
Travis Homer,RB,2020,SEA,32.8
Jamycal Hasty,RB,2020,SF,31.1
Jordan Howard,RB,2020,PHI,30.7
Ameer Abdullah,RB,2020,MIN,30
Dare Ogunbowale,RB,2020,JAX,29.9
LeSean McCoy,RB,2020,TB,28.2
Tyler Ervin,RB,2020,GB,26.1
Malcolm Perry,RB,2020,MIA,24.7
Ke'Shawn Vaughn,RB,2020,TB,23.3
Anthony McFarland,RB,2020,PIT,22.7
Patrick Laird,RB,2020,MIA,22
Trayveon Williams,RB,2020,CIN,21.7
Antonio Williams,RB,2020,BUF,21.3
Alex Collins,RB,2020,SEA,21.1
Corey Clement,RB,2020,PHI,21
D'Ernest Johnson,RB,2020,CLE,21
Ryan Nall,RB,2020,CHI,20.7
Troymaine Pope,RB,2020,LAC,19.8
Tarik Cohen,RB,2020,CHI,17.5
DeAndre Washington,RB,2020,MIA,17.1
D'Onta Foreman,RB,2020,TEN,17
Reggie Bonnafon,RB,2020,CAR,16.7
Jaylen Samuels,RB,2020,PIT,16.4
T.J. Yeldon,RB,2020,BUF,16.2
Darrynton Evans,RB,2020,TEN,16.1
Saquon Barkley,RB,2020,NYG,15.4
Mike Boone,RB,2020,MIN,14.9
Devine Ozigbo,RB,2020,JAX,13.3
Justice Hill,RB,2020,BAL,13
C.J. Prosise,RB,2020,HOU,12.7
Tevin Coleman,RB,2020,SF,12.7
J.J. Taylor,RB,2020,NE,12.4
Theo Riddick,RB,2020,LV,10.7
Artavis Pierce,RB,2020,CHI,9.4
Marlon Mack,RB,2020,IND,8.6
Anthony Sherman,RB,2020,KC,8.3
Jonathan Ward,RB,2020,ARI,8.1
Trenton Cannon,RB,2020,CAR,7.9
Alex Armah,RB,2020,CAR,7.7
Buddy Howell,RB,2020,HOU,7.7
Dontrell Hilliard,RB,2020,CLE,6
Elijhaa Penny,RB,2020,NYG,5.5
Jonathan Williams,RB,2020,DET,4.6
Austin Walter,RB,2020,SF,4
Rashaad Penny,RB,2020,SEA,3.4
Bo Scarbrough,RB,2020,SEA,3.1
Jason Huntley,RB,2020,PHI,2.9
Lamar Miller,RB,2020,CHI,2.6
LeVante Bellamy,RB,2020,DEN,2.6
Scottie Phillips,RB,2020,HOU,2.6
Rico Dowdle,RB,2020,DAL,2.4
D.J. Foster,RB,2020,ARI,1.9
Craig Reynolds,RB,2020,JAX,1.7
Dwayne Washington,RB,2020,NO,1.5
Tony Jones,RB,2020,NO,1.3
Senorise Perry,RB,2020,TEN,0.9
Dexter Williams,RB,2020,GB,0.8
Tony Brooks-James,RB,2020,ATL,0.4
Qadree Ollison,RB,2020,ATL,0.3
Adrian Killins,RB,2020,PHI,0
Kenjon Barner,RB,2020,TB,0
Taiwan Jones,RB,2020,BUF,0
Travis Kelce,TE,2020,KC,312.76
Darren Waller,TE,2020,LV,278.6
Logan Thomas,TE,2020,WAS,176.62
Robert Tonyan,TE,2020,GB,176.6
T.J. Hockenson,TE,2020,DET,175.3
Mark Andrews,TE,2020,BAL,170.1
Mike Gesicki,TE,2020,MIA,159.3
Taysom Hill,TE,2020,NO,156.62
Noah Fant,TE,2020,DEN,149.3
Rob Gronkowski,TE,2020,TB,149.3
Hayden Hurst,TE,2020,ATL,149.1
Dalton Schultz,TE,2020,DAL,146.5
Hunter Henry,TE,2020,LAC,145.3
Jimmy Graham,TE,2020,CHI,143.6
Eric Ebron,TE,2020,PIT,141.8
Evan Engram,TE,2020,NYG,141
Jonnu Smith,TE,2020,TEN,140.2
Tyler Higbee,TE,2020,LA,128.2
Jared Cook,TE,2020,NO,127.4
George Kittle,TE,2020,SF,125.1
Dallas Goedert,TE,2020,PHI,116.4
Austin Hooper,TE,2020,CLE,113.5
Irv Smith,TE,2020,MIN,98.5
Dan Arnold,TE,2020,ARI,96.8
Gerald Everett,TE,2020,LA,92.9
Anthony Firkser,TE,2020,TEN,83.7
Jordan Akins,TE,2020,HOU,83.7
Trey Burton,TE,2020,IND,83.3
Tyler Eifert,TE,2020,JAX,82.9
Mo Alie-Cox,TE,2020,IND,80.4
Drew Sample,TE,2020,CIN,78.9
Zach Ertz,TE,2020,PHI,77.5
Darren Fells,TE,2020,HOU,76.2
N'Keal Harry,TE,2020,NE,75.9
Christopher Herndon,TE,2020,NYJ,73.7
Jordan Reed,TE,2020,SF,73.1
Richard Rodgers,TE,2020,PHI,70.5
Cameron Brate,TE,2020,TB,68.2
Dawson Knox,TE,2020,BUF,66.8
Jacob Hollister,TE,2020,SEA,65.9
Kyle Rudolph,TE,2020,MIN,65.4
Jack Doyle,TE,2020,IND,64.1
Cole Kmet,TE,2020,CHI,62
Harrison Bryant,TE,2020,CLE,61.8
Will Dissly,TE,2020,SEA,61.1
Durham Smythe,TE,2020,MIA,58.8
James O'Shaughnessy,TE,2020,JAX,54.2
Greg Olsen,TE,2020,SEA,53.9
David Njoku,TE,2020,CLE,52.3
Ross Dwelley,TE,2020,SF,49.5
Adam Shaheen,TE,2020,MIA,45
Tyler Conklin,TE,2020,MIN,44.4
Donald Parham,TE,2020,LAC,43.9
Pharaoh Brown,TE,2020,HOU,42.3
Tyler Kroft,TE,2020,BUF,41.9
Ian Thomas,TE,2020,CAR,40.5
Jesse James,TE,2020,DET,38.9
Marcedes Lewis,TE,2020,GB,38.7
Adam Trautman,TE,2020,NO,38.1
O.J. Howard,TE,2020,TB,37.6
Nick Boyle,TE,2020,BAL,37.3
Foster Moreau,TE,2020,LV,33
Jason Witten,TE,2020,LV,31.9
Ryan Izzo,TE,2020,NE,30.9
Nick Vannett,TE,2020,DEN,29.5
Jace Sternberger,TE,2020,GB,29.4
Kaden Smith,TE,2020,NYG,29.2
Albert Okwuegbunam,TE,2020,DEN,29.1
Vance McDonald,TE,2020,PIT,24.9
Maxx Williams,TE,2020,ARI,24.2
Geoff Swaim,TE,2020,TEN,23.3
Darrell Daniels,TE,2020,ARI,23.2
C.J. Uzomah,TE,2020,CIN,22.7
Blake Bell,TE,2020,DAL,22.2
Troy Fumagalli,TE,2020,DEN,22
MyCole Pruitt,TE,2020,TEN,21.9
Lee Smith,TE,2020,BUF,19.5
Josh Hill,TE,2020,NO,18.6
Stephen Anderson,TE,2020,LAC,18.6
Ryan Griffin,TE,2020,NYJ,17.6
Virgil Green,TE,2020,LAC,14
Luke Stocker,TE,2020,ATL,13.3
Devin Asiasi,TE,2020,NE,11.9
Demetrius Harris,TE,2020,CHI,11.5
Chris Manhertz,TE,2020,CAR,11.2
Deon Yelder,TE,2020,KC,10.6
Dominique Dafney,TE,2020,GB,10.6
Cethan Carter,TE,2020,CIN,10.3
Nick Keizer,TE,2020,KC,10.3
Levine Toilolo,TE,2020,NYG,9.6
Johnny Mundt,TE,2020,LA,9.3
Juwan Johnson,TE,2020,NO,7.9
Colin Thompson,TE,2020,CAR,7.7
Jason Croom,TE,2020,PHI,7.3
Jordan Thomas,TE,2020,NE,7.3
Tanner Hudson,TE,2020,TB,7.1
Charlie Woerner,TE,2020,SF,6.6
Kahale Warring,TE,2020,HOU,6.5
Jaeden Graham,TE,2020,ATL,5.5
Lawrence Cager,TE,2020,NYJ,5.5
Hunter Bryant,TE,2020,DET,5.4
Daniel Brown,TE,2020,NYJ,5.1
Dalton Keene,TE,2020,NE,4.6
Eric Saubert,TE,2020,JAX,4.6
Stephen Carlson,TE,2020,CLE,4.1
Ben Ellefson,TE,2020,JAX,4
Colby Parkinson,TE,2020,SEA,3.6
Jake Butt,TE,2020,DEN,2.5
Derek Carrier,TE,2020,LV,2.4
Tommy Stevens,TE,2020,CAR,2.4
Blake Jarwin,TE,2020,DAL,2.2
Josiah Deguara,TE,2020,GB,2.2
Luke Willson,TE,2020,BAL,2.2
Temarrick Hemingway,TE,2020,WAS,2
Brandon Dillon,TE,2020,MIN,1.6
Jeremy Sprinkle,TE,2020,WAS,1.6
Trevon Wesco,TE,2020,NYJ,1.5
Isaac Nauta,TE,2020,DET,1.3
Marcus Baugh,TE,2020,WAS,1.2
Antony Auclair,TE,2020,TB,0
Eric Tomlinson,TE,2020,BAL,0
J.P. Holtz,TE,2020,CHI,0
Kevin Rader,TE,2020,PIT,0
Mason Schreck,TE,2020,CIN,0
Noah Togiai,TE,2020,IND,0
Ricky Seals-Jones,TE,2020,KC,0
Seth DeValve,TE,2020,ARI,0
Tyler Davis,TE,2020,JAX,0
Davante Adams,WR,2020,GB,358.4
Tyreek Hill,WR,2020,KC,328.9
Stefon Diggs,WR,2020,BUF,328.6
DeAndre Hopkins,WR,2020,ARI,287.8
Calvin Ridley,WR,2020,ATL,281.5
Justin Jefferson,WR,2020,MIN,274.2
DK Metcalf,WR,2020,SEA,273.3
Tyler Lockett,WR,2020,SEA,265.4
Allen Robinson,WR,2020,CHI,262.9
Adam Thielen,WR,2020,MIN,254
Mike Evans,WR,2020,TB,248.6
A.J. Brown,WR,2020,TEN,247.5
Keenan Allen,WR,2020,LAC,245.1
Robert Woods,WR,2020,LA,245.1
Amari Cooper,WR,2020,DAL,236.8
JuJu Smith-Schuster,WR,2020,PIT,234.1
Brandin Cooks,WR,2020,HOU,232
Marvin Jones,WR,2020,DET,227.8
Robbie Chosen,WR,2020,CAR,224.1
Diontae Johnson,WR,2020,PIT,223.8
Terry McLaurin,WR,2020,WAS,223.8
CeeDee Lamb,WR,2020,DAL,217.7
Chase Claypool,WR,2020,PIT,214.9
Curtis Samuel,WR,2020,CAR,212.1
D.J. Moore,WR,2020,CAR,211.5
Cooper Kupp,WR,2020,LA,210.7
Cole Beasley,WR,2020,BUF,207.5
Tee Higgins,WR,2020,CIN,194.6
Tyler Boyd,WR,2020,CIN,192.64
Corey Davis,WR,2020,TEN,191.4
Chris Godwin,WR,2020,TB,191
Will Fuller,WR,2020,HOU,188.9
Jarvis Landry,WR,2020,CLE,187.96
Nelson Agholor,WR,2020,LV,185.6
Brandon Aiyuk,WR,2020,SF,184.5
Marquise Brown,WR,2020,BAL,183
Russell Gage,WR,2020,ATL,181.06
Michael Gallup,WR,2020,DAL,173.3
Jamison Crowder,WR,2020,NYJ,172.02
DeVante Parker,WR,2020,MIA,166.3
Emmanuel Sanders,WR,2020,NO,164.8
T.Y. Hilton,WR,2020,IND,164.2
Sterling Shepard,WR,2020,NYG,162.5
Tim Patrick,WR,2020,DEN,161.2
Jerry Jeudy,WR,2020,DEN,157.6
Laviska Shenault Jr.,WR,2020,JAX,157.1
Keelan Cole,WR,2020,JAX,155.4
Mike Williams,WR,2020,LAC,153.7
D.J. Chark,WR,2020,JAX,153.6
Darnell Mooney,WR,2020,CHI,152.1
Christian Kirk,WR,2020,ARI,146.4
Julio Jones,WR,2020,ATL,146.1
Jakobi Meyers,WR,2020,NE,142.52
Darius Slayton,WR,2020,NYG,141
Marquez Valdes-Scantling,WR,2020,GB,137.3
Gabe Davis,WR,2020,BUF,136.9
Zach Pascal,WR,2020,IND,136.9
Greg Ward,WR,2020,PHI,133.1
Hunter Renfrow,WR,2020,LV,131.6
Mecole Hardman,WR,2020,KC,130.1
Kendrick Bourne,WR,2020,SF,129.7
Josh Reynolds,WR,2020,LA,126.3
Rashard Higgins,WR,2020,CLE,120.9
David Moore,WR,2020,SEA,118.8
Antonio Brown,WR,2020,TB,117.1
Travis Fulgham,WR,2020,PHI,115.9
Damiere Byrd,WR,2020,NE,114.9
A.J. Green,WR,2020,CIN,111.3
Anthony Miller,WR,2020,CHI,108.7
Demarcus Robinson,WR,2020,KC,107.6
Danny Amendola,WR,2020,DET,106.4
Tre'Quan Smith,WR,2020,NO,103.1
Scott Miller,WR,2020,TB,102.5
Larry Fitzgerald,WR,2020,ARI,100.9
Randall Cobb,WR,2020,HOU,100.1
Isaiah McKenzie,WR,2020,BUF,99.58
James Washington,WR,2020,PIT,99.2
Breshad Perriman,WR,2020,NYJ,99.1
Michael Pittman,WR,2020,IND,98.9
Allen Lazard,WR,2020,GB,97.8
Braxton Berrios,WR,2020,NYJ,97.3
Chris Conley,WR,2020,JAX,97.1
Jalen Guyton,WR,2020,LAC,97.1
John Brown,WR,2020,BUF,96.8
Willie Snead,WR,2020,BAL,94.2
K.J. Hamler,WR,2020,DEN,90.1
Keke Coutee,WR,2020,HOU,89
Sammy Watkins,WR,2020,KC,87.4
Jakeem Grant,WR,2020,MIA,87.3
Jalen Reagor,WR,2020,PHI,87.2
Odell Beckham,WR,2020,CLE,86.82
Golden Tate,WR,2020,NYG,86.52
Cam Sims,WR,2020,WAS,86.2
Henry Ruggs,WR,2020,LV,84.1
Michael Thomas,WR,2020,NO,83.9
Deebo Samuel,WR,2020,SF,80.7
Tyron Johnson,WR,2020,LAC,79.5
Preston Williams,WR,2020,MIA,74.8
Miles Boykin,WR,2020,BAL,69.6
Richie James,WR,2020,SF,68.4
Quintez Cephus,WR,2020,DET,66.9
Kenny Golladay,WR,2020,DET,65.8
DaeSean Hamilton,WR,2020,DEN,62.3
Steven Sims,WR,2020,WAS,61.3
Denzel Mims,WR,2020,NYJ,60.7
Marvin Hall,WR,2020,CLE,60.3
Collin Johnson,WR,2020,JAX,59.2
Donovan Peoples-Jones,WR,2020,CLE,58.4
Adam Humphries,WR,2020,TEN,57.8
Julian Edelman,WR,2020,NE,56.22
Isaiah Ford,WR,2020,MIA,55.6
Andy Isabella,WR,2020,ARI,54.8
Lynn Bowden,WR,2020,MIA,53.58
Olamide Zaccheaus,WR,2020,ATL,53.4
Devin Duvernay,WR,2020,BAL,53.1
Chad Beebe,WR,2020,MIN,52.1
Cedrick Wilson,WR,2020,DAL,51.62
Deonte Harty,WR,2020,NO,49.7
Isaiah Wright,WR,2020,WAS,48.3
Van Jefferson,WR,2020,LA,46.9
Chad Hansen,WR,2020,HOU,46.6
Dontrelle Inman,WR,2020,WAS,46.3
DeSean Jackson,WR,2020,PHI,44.8
Mohamed Sanu,WR,2020,DET,44
Marquez Callaway,WR,2020,NO,42.3
Byron Pringle,WR,2020,KC,41
Freddie Swain,WR,2020,SEA,40.9
Tyler Johnson,WR,2020,TB,40.9
Marcus Johnson,WR,2020,IND,39.5
Mack Hollins,WR,2020,MIA,37.6
Zay Jones,WR,2020,LV,36.56
Bryan Edwards,WR,2020,LV,36.3
Olabisi Johnson,WR,2020,MIN,34.9
Ray-Ray McCloud,WR,2020,PIT,34.2
Jeff Smith,WR,2020,NYJ,33.7
KeeSean Johnson,WR,2020,ARI,32.3
Kenny Stills,WR,2020,HOU,31.4
Jamal Agnew,WR,2020,DET,31.2
Mike Thomas,WR,2020,CIN,30.3
Cameron Batson,WR,2020,TEN,30
Noah Brown,WR,2020,DAL,29.8
Brandon Powell,WR,2020,ATL,29.6
Auden Tate,WR,2020,CIN,29
KhaDarel Hodge,WR,2020,CLE,29
John Hightower,WR,2020,PHI,28.8
Kalif Raymond,WR,2020,TEN,27.4
Christian Blake,WR,2020,ATL,27.1
Chris Hogan,WR,2020,NYJ,25.8
Gunner Olszewski,WR,2020,NE,25.5
Equanimeous St. Brown,WR,2020,GB,25.4
Alex Erickson,WR,2020,CIN,24.6
Quez Watkins,WR,2020,PHI,23.6
Alshon Jeffery,WR,2020,PHI,23.5
Laquon Treadwell,WR,2020,ATL,22.9
Dez Bryant,WR,2020,BAL,22.7
DeMichael Harris,WR,2020,IND,22.5
C.J. Board,WR,2020,NYG,21.4
Trent Taylor,WR,2020,SF,18.6
Malik Taylor,WR,2020,GB,18.5
Dante Pettis,WR,2020,NYG,17.6
Javon Wims,WR,2020,CHI,17
Justin Watson,WR,2020,TB,16.4
Austin Mack,WR,2020,NYG,16.1
Ty Montgomery,WR,2020,NO,15.8
Parris Campbell,WR,2020,IND,14.7
J.J. Arcega-Whiteside,WR,2020,PHI,14.5
K.J. Hill,WR,2020,LAC,14.3
Lil'Jordan Humphrey,WR,2020,NO,13.6
Diontae Spencer,WR,2020,DEN,13.5
Jaydon Mickens,WR,2020,TB,12.8
Brandon Zylstra,WR,2020,CAR,12.6
Pharoh Cooper,WR,2020,CAR,12.3
Tyrie Cleveland,WR,2020,DEN,12.3
Austin Carr,WR,2020,NO,11.7
Ja'Marcus Bradley,WR,2020,CLE,11
Steven Mitchell,WR,2020,HOU,11
Damion Ratley,WR,2020,NYG,10.3
River Cracraft,WR,2020,SF,10.1
Trent Sherfield,WR,2020,ARI,10
Courtland Sutton,WR,2020,DEN,9.6
Darrius Shepherd,WR,2020,GB,9.6
Ashton Dulin,WR,2020,IND,9.4
Jake Kumerow,WR,2020,BUF,9.2
Joe Reed,WR,2020,LAC,8.9
Nick Westbrook-Ikhine,WR,2020,TEN,8.3
Riley Ridley,WR,2020,CHI,7.9
Andre Roberts,WR,2020,BUF,7.1
Seth Roberts,WR,2020,CAR,7.1
Isaiah Zuber,WR,2020,NE,7
Tavon Austin,WR,2020,GB,7
Ted Ginn,WR,2020,CHI,7
Josh Malone,WR,2020,NYJ,6.8
Terry Godwin,WR,2020,JAX,6.5
Robert Foster,WR,2020,WAS,5.7
Deontay Burnett,WR,2020,PHI,4.9
Daurice Fountain,WR,2020,IND,4.3
Antonio Callaway,WR,2020,MIA,4
John Ross,WR,2020,CIN,3.7
Antonio Gandy-Golden,WR,2020,WAS,3.5
Penny Hart,WR,2020,SEA,3.2
Bennie Fowler,WR,2020,NO,3.1
Donte Moncrief,WR,2020,NE,2.9
Tommylee Lewis,WR,2020,NO,2.9
Jaleel Scott,WR,2020,NYJ,2.6
James Proche,WR,2020,BAL,2.4
Keith Kirkwood,WR,2020,CAR,2.3
Vyncint Smith,WR,2020,NYJ,2.3
Cody Hollister,WR,2020,TEN,2.2
Marcus Kemp,WR,2020,KC,2.1
Gehrig Dieter,WR,2020,KC,2
DeAndre Carter,WR,2020,HOU,1.8
Trenton Irwin,WR,2020,CIN,1.5
Dede Westbrook,WR,2020,JAX,1.4
JoJo Natson,WR,2020,CLE,0.3
Cyril Grayson,WR,2020,TB,0
Hakeem Butler,WR,2020,PHI,0
Jeff Badet,WR,2020,WAS,0
Rico Gafford,WR,2020,LV,0
Tajae Sharpe,WR,2020,MIN,0
Taywan Taylor,WR,2020,CLE,0
Kendall Hinton,WR,2020,DEN,-2.78
Kyle Juszczyk,FB,2021,SF,73.8
C.J. Ham,FB,2021,MIN,32.9
Alec Ingold,FB,2021,LV,24.6
Patrick Ricard,FB,2021,BAL,20.7
Keith Smith,FB,2021,ATL,17.7
Michael Burton,FB,2021,KC,14.7
Jason Cabinda,FB,2021,DET,13.9
Andy Janovich,FB,2021,CLE,11.9
Johnny Stanton,FB,2021,CLE,9.2
Jakob Johnson,FB,2021,NE,8.3
Reggie Gilliam,FB,2021,BUF,5.6
Gabe Nabers,FB,2021,LAC,5.5
Adam Prentice,FB,2021,NO,5.1
Derek Watt,FB,2021,PIT,4.6
Nick Bawden,FB,2021,NYJ,3
Khari Blasingame,FB,2021,TEN,1
Chris Boswell,K,2021,PIT,0
Josh Allen,QB,2021,BUF,402.58
Justin Herbert,QB,2021,LAC,382.76
Tom Brady,QB,2021,TB,374.74
Patrick Mahomes,QB,2021,KC,361.66
Aaron Rodgers,QB,2021,GB,333.3
Matthew Stafford,QB,2021,LA,329.74
Dak Prescott,QB,2021,DAL,320.56
Joe Burrow,QB,2021,CIN,314.24
Jalen Hurts,QB,2021,PHI,312.16
Kirk Cousins,QB,2021,MIN,300.34
Kyler Murray,QB,2021,ARI,299.78
Ryan Tannehill,QB,2021,TEN,272.36
Carson Wentz,QB,2021,IND,258.02
Derek Carr,QB,2021,LV,256.96
Russell Wilson,QB,2021,SEA,242.82
Lamar Jackson,QB,2021,BAL,239.98
Jimmy Garoppolo,QB,2021,SF,227.5
Mac Jones,QB,2021,NE,224.94
Matt Ryan,QB,2021,ATL,222.92
Taylor Heinicke,QB,2021,WAS,222.86
Ben Roethlisberger,QB,2021,PIT,218.1
Teddy Bridgewater,QB,2021,DEN,202.68
Trevor Lawrence,QB,2021,JAX,199.04
Jared Goff,QB,2021,DET,194.5
Tua Tagovailoa,QB,2021,MIA,180.92
Baker Mayfield,QB,2021,CLE,179.8
Daniel Jones,QB,2021,NYG,167.52
Sam Darnold,QB,2021,CAR,157.28
Davis Mills,QB,2021,HOU,156.96
Zach Wilson,QB,2021,NYJ,151.86
Justin Fields,QB,2021,CHI,126.8
Taysom Hill,QB,2021,NO,121.72
Jameis Winston,QB,2021,NO,117.4
Trevor Siemian,QB,2021,NO,90.16
Cam Newton,QB,2021,CAR,86.36
Tyler Huntley,QB,2021,BAL,84.64
Andy Dalton,QB,2021,CHI,84.2
Tyrod Taylor,QB,2021,HOU,81.74
Jacoby Brissett,QB,2021,MIA,72.32
Trey Lance,QB,2021,SF,64.92
Geno Smith,QB,2021,SEA,54.28
Drew Lock,QB,2021,DEN,51.88
Josh Johnson,QB,2021,BAL,46.32
Mike White,QB,2021,NYJ,44.02
Colt McCoy,QB,2021,ARI,41.3
Gardner Minshew,QB,2021,PHI,33.66
Mike Glennon,QB,2021,NYG,30.9
Case Keenum,QB,2021,CLE,28.68
Tim Boyle,QB,2021,DET,24.34
Cooper Rush,QB,2021,DAL,24.08
Joe Flacco,QB,2021,NYJ,23.82
Jordan Love,QB,2021,GB,21.14
Mason Rudolph,QB,2021,PIT,18.38
Nick Foles,QB,2021,CHI,16.8
Marcus Mariota,QB,2021,LV,14.86
Brandon Allen,QB,2021,CIN,13.86
P.J. Walker,QB,2021,CAR,13.78
Sean Mannion,QB,2021,MIN,12.96
Brian Hoyer,QB,2021,NE,12.28
Jake Fromm,QB,2021,NYG,10.9
Nick Mullens,QB,2021,CLE,9.88
Mitchell Trubisky,QB,2021,BUF,8.12
Kyle Allen,QB,2021,WAS,7.9
Garrett Gilbert,QB,2021,WAS,7.76
Chad Henne,QB,2021,KC,3.28
Chris Streveler,QB,2021,ARI,2.04
Ian Book,QB,2021,NO,2
Blaine Gabbert,QB,2021,TB,1.98
C.J. Beathard,QB,2021,JAX,1.52
Sam Ehlinger,QB,2021,IND,0.9
Ryan Fitzpatrick,QB,2021,WAS,0.72
David Blough,QB,2021,DET,0.6
Kellen Mond,QB,2021,MIN,0.2
Nathan Peterman,QB,2021,LV,0.2
Brett Rypien,QB,2021,DEN,0
Kurt Benkert,QB,2021,GB,-0.1
Chase Daniel,QB,2021,LAC,-0.2
Davis Webb,QB,2021,BUF,-0.3
Logan Woodside,QB,2021,TEN,-0.6
Jacob Eason,QB,2021,IND,-1
John Wolford,QB,2021,LA,-1.9
Josh Rosen,QB,2021,ATL,-3.24
Jonathan Taylor,RB,2021,IND,373.1
Austin Ekeler,RB,2021,LAC,343.8
Najee Harris,RB,2021,PIT,300.7
Joe Mixon,RB,2021,CIN,287.9
James Conner,RB,2021,ARI,257.7
Leonard Fournette,RB,2021,TB,255.6
Ezekiel Elliott,RB,2021,DAL,252.06
Alvin Kamara,RB,2021,NO,234.7
Cordarrelle Patterson,RB,2021,ATL,234.6
Antonio Gibson,RB,2021,WAS,229.1
Aaron Jones,RB,2021,GB,229
Josh Jacobs,RB,2021,LV,226
Nick Chubb,RB,2021,CLE,215.3
Damien Harris,RB,2021,NE,210.1
D'Andre Swift,RB,2021,DET,208.9
Dalvin Cook,RB,2021,MIN,206.3
Javonte Williams,RB,2021,DEN,204.9
Devin Singletary,RB,2021,BUF,197.8
Darrel Williams,RB,2021,KC,196
Melvin Gordon,RB,2021,DEN,195.1
David Montgomery,RB,2021,CHI,195
Derrick Henry,RB,2021,TEN,193.3
A.J. Dillon,RB,2021,GB,185.6
James Robinson,RB,2021,JAX,173.9
Myles Gaskin,RB,2021,MIA,173.6
Elijah Mitchell,RB,2021,SF,165
Darrell Henderson,RB,2021,LA,163.4
Tony Pollard,RB,2021,DAL,162.6
Michael Carter,RB,2021,NYJ,154.4
Saquon Barkley,RB,2021,NYG,148.6
Devonta Freeman,RB,2021,BAL,146.6
Sony Michel,RB,2021,LA,146.3
Devontae Booker,RB,2021,NYG,144.1
Chase Edmonds,RB,2021,ARI,143.3
Mike Davis,RB,2021,ATL,138.2
Chuba Hubbard,RB,2021,CAR,137.6
J.D. McKissic,RB,2021,WAS,127.9
Christian McCaffrey,RB,2021,CAR,127.5
Alexander Mattison,RB,2021,MIN,125.9
Brandon Bolden,RB,2021,NE,124.1
Kenneth Gainwell,RB,2021,PHI,123.4
Rashaad Penny,RB,2021,SEA,121.7
Jamaal Williams,RB,2021,DET,119.8
Clyde Edwards-Helaire,RB,2021,KC,117.6
Miles Sanders,RB,2021,PHI,117.2
Ty Johnson,RB,2021,NYJ,117
Nyheim Hines,RB,2021,IND,116.6
Rhamondre Stevenson,RB,2021,NE,114.9
Kareem Hunt,RB,2021,CLE,110
Mark Ingram,RB,2021,NO,108.6
Zack Moss,RB,2021,BUF,105.2
Rex Burkhead,RB,2021,HOU,104.3
D'Ernest Johnson,RB,2021,CLE,104.1
Latavius Murray,RB,2021,BAL,103.6
Kenyan Drake,RB,2021,LV,102.5
Boston Scott,RB,2021,PHI,98.6
D'Onta Foreman,RB,2021,TEN,93.9
Ameer Abdullah,RB,2021,CAR,89.5
Justin Jackson,RB,2021,LAC,86.2
Samaje Perine,RB,2021,CIN,83.2
David Johnson,RB,2021,HOU,81.3
Ronald Jones,RB,2021,TB,79.2
Khalil Herbert,RB,2021,CHI,78.9
Jeremy McNichols,RB,2021,TEN,73.6
Dontrell Hilliard,RB,2021,TEN,72.7
Alex Collins,RB,2021,SEA,68.8
Jordan Howard,RB,2021,PHI,62.5
Travis Homer,RB,2021,SEA,61.8
Damien Williams,RB,2021,CHI,60.7
DeeJay Dallas,RB,2021,SEA,60.1
Duke Johnson,RB,2021,MIA,59.1
Giovani Bernard,RB,2021,TB,59.1
Derrick Gore,RB,2021,KC,56.1
Jaret Patterson,RB,2021,WAS,55.9
Jamycal Hasty,RB,2021,SF,51.5
Jeffery Wilson,RB,2021,SF,51.5
Tevin Coleman,RB,2021,NYJ,51.5
Demetric Felton,RB,2021,CLE,50.5
Dare Ogunbowale,RB,2021,JAX,50.1
Peyton Barber,RB,2021,LV,49.9
Chris Evans,RB,2021,CIN,49.8
Chris Carson,RB,2021,SEA,48.1
Carlos Hyde,RB,2021,JAX,45.8
Phillip Lindsay,RB,2021,MIA,45.4
Matt Breida,RB,2021,BUF,42.7
Ty'Son Williams,RB,2021,BAL,41.9
Salvon Ahmed,RB,2021,MIA,38.6
Le'Veon Bell,RB,2021,TB,38.1
Ke'Shawn Vaughn,RB,2021,TB,36.6
Elijhaa Penny,RB,2021,NYG,35.9
Jerick McKinnon,RB,2021,KC,35.9
Craig Reynolds,RB,2021,DET,35.2
Royce Freeman,RB,2021,HOU,34.6
James White,RB,2021,NE,31.2
Corey Clement,RB,2021,DAL,28.9
Trey Sermon,RB,2021,SF,28.3
Eno Benjamin,RB,2021,ARI,28
Godwin Igwebuike,RB,2021,DET,26.8
Adrian Peterson,RB,2021,SEA,26.6
Jermar Jefferson,RB,2021,DET,25.7
Jalen Richard,RB,2021,LV,23.2
Kene Nwangwu,RB,2021,MIN,23
Malcolm Brown,RB,2021,MIA,22.5
Tony Jones,RB,2021,NO,22.1
Jonathan Williams,RB,2021,WAS,20.7
Qadree Ollison,RB,2021,ATL,19.7
Austin Walter,RB,2021,NYJ,19
J.J. Taylor,RB,2021,NE,18.5
Patrick Taylor,RB,2021,GB,17.2
Joshua Kelley,RB,2021,LAC,17
Larry Rountree,RB,2021,LAC,15.6
Wayne Gallman,RB,2021,ATL,13.5
Benny Snell,RB,2021,PIT,13.1
Marlon Mack,RB,2021,IND,12.9
Ryquell Armstead,RB,2021,JAX,12.6
Rodney Smith,RB,2021,CAR,9.8
Jonathan Ward,RB,2021,ARI,9.7
Alex Armah,RB,2021,NO,9.2
Deon Jackson,RB,2021,IND,9.1
Jaquan Hardy,RB,2021,DAL,8.9
Wendell Smallwood,RB,2021,WAS,8.7
Mike Boone,RB,2021,DEN,7.7
Trayveon Williams,RB,2021,CIN,6.5
Ito Smith,RB,2021,DAL,6.4
Kalen Ballage,RB,2021,PIT,6.4
Jaylen Samuels,RB,2021,HOU,5.3
Jason Huntley,RB,2021,PHI,5.1
Patrick Laird,RB,2021,MIA,5.1
Dwayne Washington,RB,2021,NO,4.8
Cam Akers,RB,2021,LA,4.3
Scottie Phillips,RB,2021,HOU,4.2
Kylin Hill,RB,2021,GB,3.9
Darrynton Evans,RB,2021,TEN,3.8
Reggie Bonnafon,RB,2021,CAR,3.6
Trey Ragas,RB,2021,LV,3.5
La'Mical Perine,RB,2021,NYJ,3.1
Anthony McFarland,RB,2021,PIT,2.4
Gary Brightwell,RB,2021,NYG,2
Raheem Mostert,RB,2021,SF,2
Ryan Nall,RB,2021,CHI,1.8
Devine Ozigbo,RB,2021,NO,1.4
John Kelly,RB,2021,CLE,1.3
Jacques Patrick,RB,2021,SF,1.2
Buddy Howell,RB,2021,LA,1.1
Mekhi Sargent,RB,2021,JAX,1.1
Damarea Crockett,RB,2021,DEN,0.7
Jake Funk,RB,2021,LA,0.5
Trenton Cannon,RB,2021,SF,0.4
Nathan Cottrell,RB,2021,JAX,0.3
Darius Bradwell,RB,2021,LAC,0
Kenjon Barner,RB,2021,TB,0
Nate McCrary,RB,2021,BAL,-0.1
Mark Andrews,TE,2021,BAL,301.1
Travis Kelce,TE,2021,KC,262.8
Dalton Schultz,TE,2021,DAL,208.8
George Kittle,TE,2021,SF,198
Zach Ertz,TE,2021,ARI,180.7
Kyle Pitts,TE,2021,ATL,176.6
Rob Gronkowski,TE,2021,TB,171.2
Dallas Goedert,TE,2021,PHI,165
Mike Gesicki,TE,2021,MIA,165
Hunter Henry,TE,2021,NE,164.3
Dawson Knox,TE,2021,BUF,163.7
Noah Fant,TE,2021,DEN,159
Pat Freiermuth,TE,2021,PIT,151.7
Tyler Higbee,TE,2021,LA,147
T.J. Hockenson,TE,2021,DET,145.3
Tyler Conklin,TE,2021,MIN,138.3
Darren Waller,TE,2021,LV,133.5
Jared Cook,TE,2021,LAC,132.4
C.J. Uzomah,TE,2021,CIN,128.3
Cole Kmet,TE,2021,CHI,121.2
Gerald Everett,TE,2021,SEA,117.8
David Njoku,TE,2021,CLE,107.6
Evan Engram,TE,2021,NYG,102.5
Austin Hooper,TE,2021,CLE,92.5
Foster Moreau,TE,2021,LV,85.3
Mo Alie-Cox,TE,2021,IND,79.6
Jack Doyle,TE,2021,IND,79.2
Cameron Brate,TE,2021,TB,78.5
Albert Okwuegbunam,TE,2021,DEN,76
Dan Arnold,TE,2021,JAX,75.8
Anthony Firkser,TE,2021,TEN,73.1
Durham Smythe,TE,2021,MIA,70
Geoff Swaim,TE,2021,TEN,70
Ricky Seals-Jones,TE,2021,WAS,69.1
Jonnu Smith,TE,2021,NE,67.4
Ryan Griffin,TE,2021,NYJ,65.1
Hayden Hurst,TE,2021,ATL,64.1
Adam Trautman,TE,2021,NO,63.3
Harrison Bryant,TE,2021,CLE,62.3
Josiah Deguara,TE,2021,GB,61.5
Kyle Rudolph,TE,2021,NYG,59.7
Donald Parham,TE,2021,LAC,59
Brevin Jordan,TE,2021,HOU,55.8
Logan Thomas,TE,2021,WAS,53.6
Tommy Tremble,TE,2021,CAR,53.1
Juwan Johnson,TE,2021,NO,52.9
John Bates,TE,2021,WAS,50.9
Jimmy Graham,TE,2021,CHI,50.7
James O'Shaughnessy,TE,2021,JAX,50.4
Robert Tonyan,TE,2021,GB,50.4
Will Dissly,TE,2021,SEA,50.1
MyCole Pruitt,TE,2021,TEN,48.5
Marcedes Lewis,TE,2021,GB,44.4
Jordan Akins,TE,2021,HOU,41.7
Maxx Williams,TE,2021,ARI,41.3
Tyler Kroft,TE,2021,NYJ,39.3
Stephen Anderson,TE,2021,LAC,38.5
Pharaoh Brown,TE,2021,HOU,38.1
Ian Thomas,TE,2021,CAR,36.8
Brock Wright,TE,2021,DET,35.7
Zach Gentry,TE,2021,PIT,35.7
O.J. Howard,TE,2021,TB,33.5
Blake Jarwin,TE,2021,DAL,32.6
Eric Ebron,TE,2021,PIT,32.5
Nick Vannett,TE,2021,NO,28.3
Adam Shaheen,TE,2021,MIA,23
Joseph Fortson,TE,2021,KC,21.7
Kylen Granson,TE,2021,IND,21.6
Lee Smith,TE,2021,ATL,21.5
Jacob Hollister,TE,2021,JAX,20.5
Tommy Sweeney,TE,2021,BUF,19.4
Jesse James,TE,2021,CHI,19.2
Chris Manhertz,TE,2021,JAX,19.1
Drew Sample,TE,2021,CIN,19.1
Blake Bell,TE,2021,KC,18.7
Eric Saubert,TE,2021,DEN,18.7
Noah Gray,TE,2021,KC,16.6
Jesper Horsted,TE,2021,CHI,16.1
Antony Auclair,TE,2021,HOU,15.7
Josh Oliver,TE,2021,BAL,15.6
Ross Dwelley,TE,2021,SF,15.1
Christopher Herndon,TE,2021,MIN,14
Sean McKeon,TE,2021,DAL,12.7
Luke Farrell,TE,2021,JAX,12.6
Tyree Jackson,TE,2021,PHI,11.2
Chris Myarick,TE,2021,NYG,10.7
Tre' McKitty,TE,2021,LAC,10.5
Charlie Woerner,TE,2021,SF,10.2
Parker Hesse,TE,2021,ATL,9.3
Colby Parkinson,TE,2021,SEA,8.3
Darren Fells,TE,2021,DET,8.3
Garrett Griffin,TE,2021,NO,7.9
Kendall Blanton,TE,2021,LA,7.7
Tyler Davis,TE,2021,GB,7.5
Trevon Wesco,TE,2021,NYJ,6.5
Shane Zylstra,TE,2021,DET,6.4
Kaden Smith,TE,2021,NYG,6.3
Jack Stoll,TE,2021,PHI,6.2
Jeremy Sprinkle,TE,2021,DAL,6.1
Tommy Hudson,TE,2021,TEN,6.1
Kenny Yeboah,TE,2021,NYJ,5.6
Dominique Dafney,TE,2021,GB,5.4
Daniel Brown,TE,2021,NYJ,4.9
Mitchell Wilcox,TE,2021,CIN,4.6
Demetrius Harris,TE,2021,ARI,4
Cethan Carter,TE,2021,MIA,3.6
Derek Carrier,TE,2021,LV,3.3
Luke Stocker,TE,2021,MIN,3.2
Richard Rodgers,TE,2021,PHI,3.1
Ethan Wolf,TE,2021,NO,2.8
Kevin Rader,TE,2021,PIT,2.8
Brycen Hopkins,TE,2021,LA,1.9
Johnny Mundt,TE,2021,LA,1.9
Hunter Long,TE,2021,MIA,1.8
Eric Tomlinson,TE,2021,BAL,1.7
Nick Boyle,TE,2021,BAL,1.2
Darrell Daniels,TE,2021,ARI,1
Deon Yelder,TE,2021,TB,1
Daniel Helm,TE,2021,LV,0.9
Ben Ellefson,TE,2021,MIN,0
Codey McElroy,TE,2021,TB,0
Colin Thompson,TE,2021,CAR,0
Giovanni Ricci,TE,2021,CAR,0
Stephen Sullivan,TE,2021,CAR,0
Feleipe Franks,TE,2021,ATL,-1.4
Cooper Kupp,WR,2021,LA,439.5
Davante Adams,WR,2021,GB,344.3
Deebo Samuel,WR,2021,SF,338.96
Justin Jefferson,WR,2021,MIN,330.4
Ja'Marr Chase,WR,2021,CIN,304.6
Tyreek Hill,WR,2021,KC,296.5
Stefon Diggs,WR,2021,BUF,285.5
Diontae Johnson,WR,2021,PIT,274.4
Mike Evans,WR,2021,TB,262.5
Hunter Renfrow,WR,2021,LV,259.1
Keenan Allen,WR,2021,LAC,257.8
Jaylen Waddle,WR,2021,MIA,247.8
Mike Williams,WR,2021,LAC,246.6
DK Metcalf,WR,2021,SEA,244.3
Chris Godwin,WR,2021,TB,242.4
Tyler Lockett,WR,2021,SEA,241.4
Michael Pittman,WR,2021,IND,238.6
D.J. Moore,WR,2021,CAR,237.5
CeeDee Lamb,WR,2021,DAL,232.8
Brandin Cooks,WR,2021,HOU,231.8
Amon-Ra St. Brown,WR,2021,DET,227.3
Marquise Brown,WR,2021,BAL,226.3
Darnell Mooney,WR,2021,CHI,219.7
Tee Higgins,WR,2021,CIN,219.1
Terry McLaurin,WR,2021,WAS,213.5
Christian Kirk,WR,2021,ARI,207.62
Amari Cooper,WR,2021,DAL,202.5
Adam Thielen,WR,2021,MIN,199.8
Jakobi Meyers,WR,2021,NE,186.3
DeVonta Smith,WR,2021,PHI,185.6
Tyler Boyd,WR,2021,CIN,183.84
A.J. Brown,WR,2021,TEN,180.9
Kendrick Bourne,WR,2021,NE,180.5
Marvin Jones,WR,2021,JAX,180.2
Brandon Aiyuk,WR,2021,SF,170.3
Van Jefferson,WR,2021,LA,168.2
Chase Claypool,WR,2021,PIT,166.6
Russell Gage,WR,2021,ATL,163
Cole Beasley,WR,2021,BUF,159.3
K.J. Osborn,WR,2021,MIN,158.5
A.J. Green,WR,2021,ARI,156.8
Tim Patrick,WR,2021,DEN,156.4
Marquez Callaway,WR,2021,NO,151.8
Courtland Sutton,WR,2021,DEN,150.24
Cedrick Wilson,WR,2021,DAL,147.82
DeAndre Hopkins,WR,2021,ARI,147.2
Allen Lazard,WR,2021,GB,142.5
Mecole Hardman,WR,2021,KC,140.9
Robbie Chosen,WR,2021,CAR,138.5
Elijah Moore,WR,2021,NYJ,138.2
Robert Woods,WR,2021,LA,137.2
Jarvis Landry,WR,2021,CLE,133
Kalif Raymond,WR,2021,DET,132.4
Emmanuel Sanders,WR,2021,BUF,131.7
Odell Beckham,WR,2021,LA,129.1
Byron Pringle,WR,2021,KC,128.8
Laviska Shenault,WR,2021,JAX,127
Gabe Davis,WR,2021,BUF,125.9
Antonio Brown,WR,2021,TB,121.1
Braxton Berrios,WR,2021,NYJ,121.1
Quez Watkins,WR,2021,PHI,116
Deonte Harty,WR,2021,NO,115.1
Rondale Moore,WR,2021,ARI,111.1
Donovan Peoples-Jones,WR,2021,CLE,109.7
Jamison Crowder,WR,2021,NYJ,109.7
Bryan Edwards,WR,2021,LV,109.1
Nick Westbrook-Ikhine,WR,2021,TEN,107.6
Zay Jones,WR,2021,LV,105.9
Corey Davis,WR,2021,NYJ,105.2
DeVante Parker,WR,2021,MIA,103.5
Rashod Bateman,WR,2021,BAL,103.5
Nelson Agholor,WR,2021,NE,103.4
Jalen Guyton,WR,2021,LAC,97.2
Randall Cobb,WR,2021,GB,95.6
Zach Pascal,WR,2021,IND,94.5
Josh Palmer,WR,2021,LAC,92.9
Michael Gallup,WR,2021,DAL,91.5
Olamide Zaccheaus,WR,2021,ATL,89.8
Kenny Golladay,WR,2021,NYG,89.1
Tre'Quan Smith,WR,2021,NO,87.7
Allen Robinson,WR,2021,CHI,87
Marquez Valdes-Scantling,WR,2021,GB,87
DeAndre Carter,WR,2021,WAS,86.5
Freddie Swain,WR,2021,SEA,86.5
Jerry Jeudy,WR,2021,DEN,85
Henry Ruggs,WR,2021,LV,84.5
Nico Collins,WR,2021,HOU,83.6
Laquon Treadwell,WR,2021,JAX,82.4
Kadarius Toney,WR,2021,NYG,82.36
Jauan Jennings,WR,2021,SF,82.2
Jamal Agnew,WR,2021,JAX,82
Josh Reynolds,WR,2021,DET,80.6
Julio Jones,WR,2021,TEN,80.4
Adam Humphries,WR,2021,WAS,79.3
Keelan Cole,WR,2021,NYJ,78.9
Jalen Reagor,WR,2021,PHI,78.1
Sterling Shepard,WR,2021,NYG,77.7
Devin Duvernay,WR,2021,BAL,77.2
DeSean Jackson,WR,2021,LV,75.8
T.Y. Hilton,WR,2021,IND,74.1
Tyler Johnson,WR,2021,TB,72
Calvin Ridley,WR,2021,ATL,71.1
Sammy Watkins,WR,2021,BAL,70.4
Demarcus Robinson,WR,2021,KC,69.4
Danny Amendola,WR,2021,HOU,68.8
Darius Slayton,WR,2021,NYG,68.6
Ray-Ray McCloud,WR,2021,PIT,68.2
Chester Rogers,WR,2021,TEN,67
Damiere Byrd,WR,2021,CHI,66.9
James Washington,WR,2021,PIT,65.8
Chris Conley,WR,2021,HOU,64.6
Mack Hollins,WR,2021,MIA,60.3
Antoine Wesley,WR,2021,ARI,57.8
Rashard Higgins,WR,2021,CLE,57.5
Marquise Goodwin,WR,2021,CHI,57.2
Chris Moore,WR,2021,HOU,55.7
Isaiah McKenzie,WR,2021,BUF,54.5
Tavon Austin,WR,2021,JAX,53.4
Lil'Jordan Humphrey,WR,2021,NO,49.9
Quintez Cephus,WR,2021,DET,49.4
Brandon Zylstra,WR,2021,CAR,49
Cam Sims,WR,2021,WAS,48.8
Albert Wilson,WR,2021,MIA,48
Tajae Sharpe,WR,2021,ATL,48
Ashton Dulin,WR,2021,IND,45.5
Malik Turner,WR,2021,DAL,44.9
Cyril Grayson,WR,2021,TB,44.6
Jakeem Grant,WR,2021,CHI,43.5
John Ross,WR,2021,NYG,41
Isaiah Ford,WR,2021,MIA,40.1
Kendall Hinton,WR,2021,DEN,38.54
James Proche,WR,2021,BAL,36.2
JuJu Smith-Schuster,WR,2021,PIT,34.8
Greg Ward,WR,2021,PHI,34.58
D.J. Chark,WR,2021,JAX,34.4
Noah Brown,WR,2021,DAL,34.4
Anthony Schwartz,WR,2021,CLE,33.4
Breshad Perriman,WR,2021,TB,33.4
Terrace Marshall,WR,2021,CAR,32.8
Mohamed Sanu,WR,2021,SF,32.7
Parris Campbell,WR,2021,IND,32.2
KhaDarel Hodge,WR,2021,DET,30.7
N'Keal Harry,WR,2021,NE,30.4
Ty Montgomery,WR,2021,NO,29.9
Ihmir Smith-Marsette,WR,2021,MIN,28.6
D'Wayne Eskridge,WR,2021,SEA,28.3
Dyami Brown,WR,2021,WAS,28.1
Dante Pettis,WR,2021,NYG,25.34
Marcus Johnson,WR,2021,TEN,24.8
Ben Skowronek,WR,2021,LA,24.3
Trent Sherfield,WR,2021,SF,23.7
Collin Johnson,WR,2021,NYG,21.5
Denzel Mims,WR,2021,NYJ,21.3
Trinity Benson,WR,2021,DET,20.3
Equanimeous St. Brown,WR,2021,GB,20.2
Kristian Wilkerson,WR,2021,NE,20.2
Jeff Smith,WR,2021,NYJ,19.2
Scott Miller,WR,2021,TB,19.1
Kenny Stills,WR,2021,NO,18.9
Tom Kennedy,WR,2021,DET,18.4
Phillip Dorsett,WR,2021,HOU,18
Dede Westbrook,WR,2021,MIN,16.8
Shi Smith,WR,2021,CAR,16.1
Dez Fitzpatrick,WR,2021,TEN,15.9
Dax Milne,WR,2021,WAS,15.4
Anthony Miller,WR,2021,PIT,14.5
Josh Gordon,WR,2021,KC,14.2
Chris Hogan,WR,2021,NO,14.1
Preston Williams,WR,2021,MIA,13.8
Auden Tate,WR,2021,CIN,12.9
Penny Hart,WR,2021,SEA,12.9
Andre Roberts,WR,2021,LAC,12.4
K.J. Hamler,WR,2021,DEN,12.4
Juwann Winfree,WR,2021,GB,11.8
Jaelon Darden,WR,2021,TB,11.4
Cameron Batson,WR,2021,TEN,11
Ja'Marcus Bradley,WR,2021,CLE,10.4
Mike Thomas,WR,2021,CIN,10.2
Dezmon Patmon,WR,2021,IND,10.1
Curtis Samuel,WR,2021,WAS,9.8
C.J. Board,WR,2021,NYG,9.7
Amari Rodgers,WR,2021,GB,9.6
Jason Moore,WR,2021,LAC,8.6
Will Fuller,WR,2021,MIA,8.6
Alex Erickson,WR,2021,CAR,8.5
Cody White,WR,2021,PIT,8.3
Willie Snead,WR,2021,CAR,7.8
Pharoh Cooper,WR,2021,NYG,7.6
Cody Hollister,WR,2021,TEN,7.3
Greg Dortch,WR,2021,ARI,6.9
D.J. Montgomery,WR,2021,NYJ,6.6
Christian Blake,WR,2021,ATL,6.5
Trent Taylor,WR,2021,CIN,6.1
Brandon Powell,WR,2021,LA,6
Gunner Olszewski,WR,2021,NE,6
K.J. Hill,WR,2021,LAC,6
J.J. Arcega-Whiteside,WR,2021,PHI,5.6
Trenton Irwin,WR,2021,CIN,5.4
Jake Kumerow,WR,2021,BUF,4.8
Kevin White,WR,2021,NO,4.8
Keith Kirkwood,WR,2021,CAR,4.7
Mike Strachan,WR,2021,IND,4.6
Marcus Kemp,WR,2021,KC,4.4
Seth Williams,WR,2021,DEN,4.4
Dazz Newsome,WR,2021,CHI,4.3
Tylan Wallace,WR,2021,BAL,4.3
David Sills,WR,2021,NYG,3.7
Tyron Johnson,WR,2021,JAX,3.6
Malik Taylor,WR,2021,GB,3.4
Stanley Morgan,WR,2021,CIN,3.4
Tyrell Williams,WR,2021,DET,3.4
C.J. Saunders,WR,2021,CAR,3.1
Jaydon Mickens,WR,2021,JAX,3
Davion Davis,WR,2021,HOU,2.7
Frank Darby,WR,2021,ATL,2.4
Andy Isabella,WR,2021,ARI,2.3
Kirk Merritt,WR,2021,MIA,2.3
Marvin Hall,WR,2021,ATL,2
Tarik Black,WR,2021,NYJ,2
Tommylee Lewis,WR,2021,MIA,1.7
Miles Boykin,WR,2021,BAL,1.6
Easop Winston,WR,2021,NO,1.5
Keke Coutee,WR,2021,IND,1.5
Racey McMath,WR,2021,TEN,0.8
Diontae Spencer,WR,2021,DEN,0.7
Maurice Ffrench,WR,2021,LAC,0.3
David Moore,WR,2021,DEN,0
Devin Smith,WR,2021,JAX,0
Geronimo Allison,WR,2021,DET,0
Isaiah Coulter,WR,2021,CHI,0
John Brown,WR,2021,JAX,0
Rodney Adams,WR,2021,CHI,0
Travis Benjamin,WR,2021,SF,0
Tyrie Cleveland,WR,2021,DEN,0
Vyncint Smith,WR,2021,NYJ,0
Alex Bachman,WR,2021,NYG,-0.3
Kyle Juszczyk,FB,2022,SF,53.6
Alec Ingold,FB,2022,MIA,38.3
C.J. Ham,FB,2022,MIN,31.3
Reggie Gilliam,FB,2022,BUF,20.9
Derek Watt,FB,2022,PIT,20.2
Patrick Ricard,FB,2022,BAL,20
Andrew Beck,FB,2022,DEN,11.9
Troy Hairston,FB,2022,HOU,6.9
Jakob Johnson,FB,2022,LV,6
Adam Prentice,FB,2022,NO,4.8
Michael Burton,FB,2022,KC,3.8
Keith Smith,FB,2022,ATL,2
Jason Cabinda,FB,2022,DET,1.9
Khari Blasingame,FB,2022,CHI,0
Patrick Mahomes,QB,2022,KC,417.4
Josh Allen,QB,2022,BUF,395.52
Jalen Hurts,QB,2022,PHI,378.04
Joe Burrow,QB,2022,CIN,350.7
Geno Smith,QB,2022,SEA,303.88
Justin Fields,QB,2022,CHI,295.98
Trevor Lawrence,QB,2022,JAX,295.62
Kirk Cousins,QB,2022,MIN,291.58
Daniel Jones,QB,2022,NYG,289
Jared Goff,QB,2022,DET,284.32
Justin Herbert,QB,2022,LAC,281.26
Tom Brady,QB,2022,TB,271.66
Aaron Rodgers,QB,2022,GB,239.2
Lamar Jackson,QB,2022,BAL,236.08
Tua Tagovailoa,QB,2022,MIA,230.92
Russell Wilson,QB,2022,DEN,225.76
Derek Carr,QB,2022,LV,219.08
Kyler Murray,QB,2022,ARI,200.52
Dak Prescott,QB,2022,DAL,198.6
Marcus Mariota,QB,2022,ATL,196.56
Davis Mills,QB,2022,HOU,181.52
Andy Dalton,QB,2022,NO,174.24
Mac Jones,QB,2022,NE,170.08
Jacoby Brissett,QB,2022,CLE,168.62
Ryan Tannehill,QB,2022,TEN,165.24
Jimmy Garoppolo,QB,2022,SF,164.78
Matt Ryan,QB,2022,IND,155.28
Kenny Pickett,QB,2022,PIT,149.86
Taysom Hill,QB,2022,NO,145.8
Baker Mayfield,QB,2022,LA,121.42
Taylor Heinicke,QB,2022,WAS,115.96
Carson Wentz,QB,2022,WAS,112.8
Matthew Stafford,QB,2022,LA,108.38
Brock Purdy,QB,2022,SF,106.26
Zach Wilson,QB,2022,NYJ,98.92
Sam Darnold,QB,2022,CAR,86.32
Deshaun Watson,QB,2022,CLE,85.58
Mitchell Trubisky,QB,2022,PIT,73.88
Cooper Rush,QB,2022,DAL,56.64
Mike White,QB,2022,NYJ,56.58
Tyler Huntley,QB,2022,BAL,50.02
Joe Flacco,QB,2022,NYJ,48.64
Jameis Winston,QB,2022,NO,43.92
Jarrett Stidham,QB,2022,LV,42.64
Bailey Zappe,QB,2022,NE,39.64
P.J. Walker,QB,2022,CAR,39.14
Desmond Ridder,QB,2022,ATL,38.72
Teddy Bridgewater,QB,2022,MIA,38.02
Gardner Minshew,QB,2022,PHI,36.82
Sam Ehlinger,QB,2022,IND,35.62
Colt McCoy,QB,2022,ARI,32.8
Joshua Dobbs,QB,2022,TEN,20.84
Davis Webb,QB,2022,NYG,20.82
Malik Willis,QB,2022,TEN,19.34
David Blough,QB,2022,ARI,18.58
Sam Howell,QB,2022,WAS,18.26
Brett Rypien,QB,2022,DEN,18.02
Skylar Thompson,QB,2022,MIA,17.46
Jeff Driskel,QB,2022,HOU,17.22
Kyle Allen,QB,2022,HOU,15.94
Bryce Perkins,QB,2022,LA,15.44
John Wolford,QB,2022,LA,14.8
Trey Lance,QB,2022,SF,12.46
Nick Mullens,QB,2022,MIN,11.76
Jordan Love,QB,2022,GB,11.7
Tyrod Taylor,QB,2022,NYG,11.32
Trevor Siemian,QB,2022,CHI,10.16
Chris Streveler,QB,2022,NYJ,9
Trace McSorley,QB,2022,ARI,8.58
Chase Daniel,QB,2022,LAC,8.48
Nathan Peterman,QB,2022,CHI,8.26
Anthony Brown,QB,2022,BAL,5.58
Blaine Gabbert,QB,2022,TB,5.16
Nick Foles,QB,2022,IND,1.8
Brian Hoyer,QB,2022,NE,1.48
Kyle Trask,QB,2022,TB,0.92
Brandon Allen,QB,2022,CIN,0.78
Josh Johnson,QB,2022,SF,0.7
Jacob Eason,QB,2022,CAR,0.36
Case Keenum,QB,2022,BUF,0.32
Nate Sudfeld,QB,2022,DET,-0.4
Chad Henne,QB,2022,KC,-0.5
C.J. Beathard,QB,2022,JAX,-1
Tim Boyle,QB,2022,CHI,-2.88
Austin Ekeler,RB,2022,LAC,372.7
Christian McCaffrey,RB,2022,SF,356.36
Josh Jacobs,RB,2022,LV,328.3
Derrick Henry,RB,2022,TEN,302.76
Saquon Barkley,RB,2022,NYG,284
Nick Chubb,RB,2022,CLE,281.4
Rhamondre Stevenson,RB,2022,NE,249.1
Tony Pollard,RB,2022,DAL,248.8
Aaron Jones,RB,2022,GB,248.6
Joe Mixon,RB,2022,CIN,239.5
Dalvin Cook,RB,2022,MIN,237.8
Leonard Fournette,RB,2022,TB,226.1
Jamaal Williams,RB,2022,DET,225.9
Najee Harris,RB,2022,PIT,223.46
Miles Sanders,RB,2022,PHI,216.7
Alvin Kamara,RB,2022,NO,211.7
Travis Etienne,RB,2022,JAX,203.1
Kenneth Walker,RB,2022,SEA,202.5
James Conner,RB,2022,ARI,200.2
Jerick McKinnon,RB,2022,KC,196.3
D'Andre Swift,RB,2022,DET,191.1
Ezekiel Elliott,RB,2022,DAL,185.8
Devin Singletary,RB,2022,BUF,177.9
David Montgomery,RB,2022,CHI,177.7
Raheem Mostert,RB,2022,MIA,168.3
A.J. Dillon,RB,2022,GB,167.6
Dameon Pierce,RB,2022,HOU,166.4
Antonio Gibson,RB,2022,WAS,165.9
Tyler Allgeier,RB,2022,ATL,159.4
Jeffery Wilson,RB,2022,MIA,158.5
Cordarrelle Patterson,RB,2022,ATL,154.7
Latavius Murray,RB,2022,DEN,154.2
Jonathan Taylor,RB,2022,IND,146.4
Samaje Perine,RB,2022,CIN,142.1
Cam Akers,RB,2022,LA,141.3
Rachaad White,RB,2022,TB,141.1
Isiah Pacheco,RB,2022,KC,135
D'Onta Foreman,RB,2022,CAR,131
Kareem Hunt,RB,2022,CLE,126.8
Michael Carter,RB,2022,NYJ,126
Khalil Herbert,RB,2022,CHI,117.8
Breece Hall,RB,2022,NYJ,115.1
Brian Robinson,RB,2022,WAS,112.7
James Cook,RB,2022,BUF,105.7
Kenyan Drake,RB,2022,BAL,104.1
Clyde Edwards-Helaire,RB,2022,KC,98.3
Jaylen Warren,RB,2022,PIT,93.3
Damien Harris,RB,2022,NE,90.9
Chuba Hubbard,RB,2022,CAR,89.7
Eno Benjamin,RB,2022,NO,89.6
James Robinson,RB,2022,NYJ,88.6
Alexander Mattison,RB,2022,MIN,88.4
Kenneth Gainwell,RB,2022,PHI,87.9
Melvin Gordon,RB,2022,DEN,87.1
Deon Jackson,RB,2022,IND,84.5
Nyheim Hines,RB,2022,BUF,81.4
J.K. Dobbins,RB,2022,BAL,81.2
Dontrell Hilliard,RB,2022,TEN,77.2
Chase Edmonds,RB,2022,DEN,74.2
Darrell Henderson,RB,2022,LA,73.5
Rex Burkhead,RB,2022,HOU,71.4
Jamycal Hasty,RB,2022,JAX,70
Joshua Kelley,RB,2022,LAC,64.8
Zack Moss,RB,2022,IND,64.5
Matt Breida,RB,2022,NYG,59.8
Gus Edwards,RB,2022,BAL,59.3
Zonovan Knight,RB,2022,NYJ,59
J.D. McKissic,RB,2022,WAS,55.8
Ameer Abdullah,RB,2022,LV,54.1
Rashaad Penny,RB,2022,SEA,52.2
Justin Jackson,RB,2022,DET,51.1
Mark Ingram,RB,2022,NO,50.1
Dare Ogunbowale,RB,2022,HOU,48.7
Boston Scott,RB,2022,PHI,46.2
DeeJay Dallas,RB,2022,SEA,46.2
Raheem Blackshear,RB,2022,CAR,45
Caleb Huntley,RB,2022,ATL,44.9
Elijah Mitchell,RB,2022,SF,43.6
Travis Homer,RB,2022,SEA,43.1
Ty Johnson,RB,2022,NYJ,42.8
Javonte Williams,RB,2022,DEN,42
Justice Hill,RB,2022,BAL,42
Marlon Mack,RB,2022,DEN,38.3
Avery Williams,RB,2022,ATL,36
Malik Davis,RB,2022,DAL,34.4
Jordan Mason,RB,2022,SF,31.8
Craig Reynolds,RB,2022,DET,30.8
Kyren Williams,RB,2022,LA,30.5
Gary Brightwell,RB,2022,NYG,29
Mike Boone,RB,2022,DEN,28.8
Brandon Bolden,RB,2022,LV,27.3
Pierre Strong,RB,2022,NE,27.2
Jonathan Williams,RB,2022,WAS,26.2
Hassan Haskins,RB,2022,TEN,26
Sony Michel,RB,2022,LAC,24.9
Malcolm Brown,RB,2022,LA,22.8
Tevin Coleman,RB,2022,SF,22
Corey Clement,RB,2022,ARI,21.9
Darrel Williams,RB,2022,ARI,21.1
Royce Freeman,RB,2022,HOU,19
Benny Snell,RB,2022,PIT,18.7
Zander Horvath,RB,2022,LAC,18.6
Keaontay Ingram,RB,2022,ARI,18.1
Ronald Jones,RB,2022,KC,16.2
Phillip Lindsay,RB,2022,IND,14.8
Jordan Wilkins,RB,2022,IND,14.7
Salvon Ahmed,RB,2022,MIA,14.2
Chris Evans,RB,2022,CIN,12.8
Kene Nwangwu,RB,2022,MIN,11.5
Kevin Harris,RB,2022,NE,11.2
Darrynton Evans,RB,2022,CHI,10.7
Tony Jones,RB,2022,SEA,10.4
Ke'Shawn Vaughn,RB,2022,TB,10.2
Snoop Conner,RB,2022,JAX,10.2
Ronnie Rivers,RB,2022,LA,10
Tyrion Davis-Price,RB,2022,SF,9.9
Myles Gaskin,RB,2022,MIA,9.4
Tyler Badie,RB,2022,DEN,9.4
David Johnson,RB,2022,NO,9.1
Isaiah Spiller,RB,2022,LAC,8.4
Julius Chestnut,RB,2022,TEN,8.3
Trestan Ebner,RB,2022,CHI,8.2
Trayveon Williams,RB,2022,CIN,8
Jaret Patterson,RB,2022,WAS,7.8
Spencer Brown,RB,2022,CAR,7.3
Zamir White,RB,2022,LV,7
Anthony McFarland,RB,2022,PIT,6.1
Patrick Taylor,RB,2022,GB,5.8
Dwayne Washington,RB,2022,NO,5.5
D'Ernest Johnson,RB,2022,CLE,5.4
Larry Rountree,RB,2022,LAC,5.3
Jonathan Ward,RB,2022,TEN,5.2
Giovani Bernard,RB,2022,TB,4.7
Mike Davis,RB,2022,BAL,4.2
J.J. Taylor,RB,2022,NE,2.7
Demetric Felton,RB,2022,CLE,2.4
Ty Chandler,RB,2022,MIN,2
Trey Sermon,RB,2022,PHI,1.9
Devine Ozigbo,RB,2022,DEN,1.7
Godwin Igwebuike,RB,2022,SEA,1.7
Ty'Son Williams,RB,2022,ARI,1.5
Jerome Ford,RB,2022,CLE,1.2
Reggie Bonnafon,RB,2022,WAS,0.8
Kylin Hill,RB,2022,GB,0.7
Duke Johnson,RB,2022,BUF,0.4
Damien Williams,RB,2022,ATL,0.2
Jordan Howard,RB,2022,NO,0.1
Travis Kelce,TE,2022,KC,316.3
T.J. Hockenson,TE,2022,MIN,215.4
George Kittle,TE,2022,SF,200.5
Mark Andrews,TE,2022,BAL,190.5
Evan Engram,TE,2022,JAX,176.9
Tyler Higbee,TE,2022,LA,152
Pat Freiermuth,TE,2022,PIT,148.2
Cole Kmet,TE,2022,CHI,147.3
Dalton Schultz,TE,2022,DAL,142.7
David Njoku,TE,2022,CLE,142
Dallas Goedert,TE,2022,PHI,141.2
Gerald Everett,TE,2022,LAC,139.5
Dawson Knox,TE,2022,BUF,135.7
Juwan Johnson,TE,2022,NO,134.8
Tyler Conklin,TE,2022,NYJ,131.5
Noah Fant,TE,2022,SEA,122.6
Jordan Akins,TE,2022,HOU,116.5
Zach Ertz,TE,2022,ARI,115.6
Robert Tonyan,TE,2022,GB,112
Hayden Hurst,TE,2022,CIN,105.4
Hunter Henry,TE,2022,NE,103.9
Mike Gesicki,TE,2022,MIA,98.2
Austin Hooper,TE,2022,TEN,97.4
Chigoziem Okonkwo,TE,2022,TEN,97.2
Cade Otton,TE,2022,TB,93.1
Isaiah Likely,TE,2022,BAL,91.3
Foster Moreau,TE,2022,LV,87
Will Dissly,TE,2022,SEA,86.9
Greg Dulcich,TE,2022,DEN,86.1
Darren Waller,TE,2022,LV,84.8
Logan Thomas,TE,2022,WAS,77.3
Kyle Pitts,TE,2022,ATL,75.6
Daniel Bellinger,TE,2022,NYG,75
Jelani Woods,TE,2022,IND,74.2
Noah Gray,TE,2022,KC,70
Colby Parkinson,TE,2022,SEA,69.2
Brock Wright,TE,2022,DET,63.6
Harrison Bryant,TE,2022,CLE,61.7
Trey McBride,TE,2022,ARI,61.5
Kylen Granson,TE,2022,IND,61.2
C.J. Uzomah,TE,2022,NYJ,56.2
Irv Smith,TE,2022,MIN,55.2
MyCole Pruitt,TE,2022,ATL,55
Tommy Tremble,TE,2022,CAR,54.4
Mo Alie-Cox,TE,2022,IND,53.9
Jonnu Smith,TE,2022,NE,52
Jake Ferguson,TE,2022,DAL,48.4
Adam Trautman,TE,2022,NO,44.7
Shane Zylstra,TE,2022,DET,41
Josh Oliver,TE,2022,BAL,40.9
Ian Thomas,TE,2022,CAR,40.7
Durham Smythe,TE,2022,MIA,40
Peyton Hendershot,TE,2022,DAL,39.5
Johnny Mundt,TE,2022,MIN,39
Cameron Brate,TE,2022,TB,37.4
Mitchell Wilcox,TE,2022,CIN,36.9
O.J. Howard,TE,2022,HOU,36.5
Connor Heyward,TE,2022,PIT,35.8
Eric Saubert,TE,2022,DEN,35.8
Zach Gentry,TE,2022,PIT,32.2
Joseph Fortson,TE,2022,KC,31.8
John Bates,TE,2022,WAS,30.8
Lawrence Cager,TE,2022,NYG,30.8
Teagan Quitoriano,TE,2022,HOU,30.3
Donald Parham,TE,2022,LAC,29
Eric Tomlinson,TE,2022,DEN,28.9
James Mitchell,TE,2022,DET,28.3
Brevin Jordan,TE,2022,HOU,26.8
Marcedes Lewis,TE,2022,GB,26.6
Albert Okwuegbunam,TE,2022,DEN,25.5
Josiah Deguara,TE,2022,GB,24.4
Geoff Swaim,TE,2022,TEN,23.8
Pharaoh Brown,TE,2022,CLE,23.7
Jack Stoll,TE,2022,PHI,23.3
Tanner Hudson,TE,2022,NYG,23.2
Dan Arnold,TE,2022,JAX,22.5
Ko Kieft,TE,2022,TB,21
Quintin Morris,TE,2022,BUF,20.4
Chris Myarick,TE,2022,NYG,19.5
Ross Dwelley,TE,2022,SF,19.5
Anthony Firkser,TE,2022,ATL,19
Giovanni Ricci,TE,2022,CAR,18
Brycen Hopkins,TE,2022,LA,17.9
Parker Hesse,TE,2022,ATL,17.9
Tre' McKitty,TE,2022,LAC,17.2
Armani Rogers,TE,2022,WAS,14
Grant Calcaterra,TE,2022,PHI,13.1
Kyle Rudolph,TE,2022,TB,11.8
Nick Vannett,TE,2022,NYG,11.5
Chris Manhertz,TE,2022,JAX,10.2
Blake Bell,TE,2022,KC,10
Tyler Kroft,TE,2022,SF,9.7
Charlie Kolar,TE,2022,BAL,8.9
Luke Farrell,TE,2022,JAX,8
Tyler Mabry,TE,2022,SEA,7.7
Ryan Griffin,TE,2022,CHI,6.6
Stephen Sullivan,TE,2022,CAR,6.6
Trevon Wesco,TE,2022,CHI,6.6
Tyler Davis,TE,2022,GB,6.6
Stone Smartt,TE,2022,LAC,5.7
Ben Ellefson,TE,2022,MIN,5.6
Kendall Blanton,TE,2022,LA,5.5
Jesper Horsted,TE,2022,LV,4.9
Maxx Williams,TE,2022,ARI,4.8
Cole Turner,TE,2022,WAS,4.3
Stephen Anderson,TE,2022,ARI,3.9
Sean McKeon,TE,2022,DAL,3.1
Mason Schreck,TE,2022,HOU,2.6
Devin Asiasi,TE,2022,CIN,2.5
Drew Sample,TE,2022,CIN,1.8
Jeremy Ruckert,TE,2022,NYJ,1.8
Tommy Sweeney,TE,2022,BUF,1.7
Richard Rodgers,TE,2022,LAC,1.4
Charlie Woerner,TE,2022,SF,0
Feleipe Franks,TE,2022,ATL,0
Jake Tonges,TE,2022,CHI,0
Miller Forristall,TE,2022,CLE,0
Noah Togiai,TE,2022,PHI,0
Justin Jefferson,WR,2022,MIN,368.66
Tyreek Hill,WR,2022,MIA,341.2
Davante Adams,WR,2022,LV,335.5
Stefon Diggs,WR,2022,BUF,316.6
CeeDee Lamb,WR,2022,DAL,301.6
A.J. Brown,WR,2022,PHI,299.6
Amon-Ra St. Brown,WR,2022,DET,267.6
Jaylen Waddle,WR,2022,MIA,259.2
DeVonta Smith,WR,2022,PHI,254.6
Amari Cooper,WR,2022,CLE,246
Christian Kirk,WR,2022,JAX,243.9
Ja'Marr Chase,WR,2022,CIN,242.4
Tyler Lockett,WR,2022,SEA,239.3
Terry McLaurin,WR,2022,WAS,229
Brandon Aiyuk,WR,2022,SF,227.8
DK Metcalf,WR,2022,SEA,226.8
Mike Evans,WR,2022,TB,225.4
Chris Godwin,WR,2022,TB,222.8
Tee Higgins,WR,2022,CIN,220.9
Michael Pittman,WR,2022,IND,216.5
Garrett Wilson,WR,2022,NYJ,215.7
Jerry Jeudy,WR,2022,DEN,204.2
Cooper Kupp,WR,2022,LA,201.4
D.J. Moore,WR,2022,CAR,199.1
Chris Olave,WR,2022,NO,198.2
Zay Jones,WR,2022,JAX,198.1
JuJu Smith-Schuster,WR,2022,KC,185.3
Jakobi Meyers,WR,2022,NE,184.3
Diontae Johnson,WR,2022,PIT,180.7
Adam Thielen,WR,2022,MIN,180
Drake London,WR,2022,ATL,178.6
Mike Williams,WR,2022,LAC,176.5
Curtis Samuel,WR,2022,WAS,176.3
Allen Lazard,WR,2022,GB,174.8
Gabe Davis,WR,2022,BUF,171.6
Josh Palmer,WR,2022,LAC,169.3
Deebo Samuel,WR,2022,SF,168.4
Tyler Boyd,WR,2022,CIN,167.12
Donovan Peoples-Jones,WR,2022,CLE,167.1
George Pickens,WR,2022,PIT,166.5
Christian Watson,WR,2022,GB,164.1
Keenan Allen,WR,2022,LAC,164
Courtland Sutton,WR,2022,DEN,159.4
Marquise Brown,WR,2022,ARI,156
K.J. Osborn,WR,2022,MIN,155.6
Mack Hollins,WR,2022,LV,154.16
DeAndre Hopkins,WR,2022,ARI,151.7
Parris Campbell,WR,2022,IND,149.1
Brandin Cooks,WR,2022,HOU,145.6
Richie James,WR,2022,NYG,138.5
Jahan Dotson,WR,2022,WAS,130.6
Darius Slayton,WR,2022,NYG,128.4
Russell Gage,WR,2022,TB,123.6
Marquez Valdes-Scantling,WR,2022,KC,122.4
Isaiah McKenzie,WR,2022,BUF,119.8
Robert Woods,WR,2022,TEN,117.7
Marvin Jones,WR,2022,JAX,116.9
Kalif Raymond,WR,2022,DET,116.2
Devin Duvernay,WR,2022,BAL,116.1
Chris Moore,WR,2022,HOU,115.1
Greg Dortch,WR,2022,ARI,115.1
Noah Brown,WR,2022,DAL,114.5
DeAndre Carter,WR,2022,LAC,114.3
Alec Pierce,WR,2022,IND,112.3
Olamide Zaccheaus,WR,2022,ATL,110
Michael Gallup,WR,2022,DAL,105.4
Chase Claypool,WR,2022,CHI,105.04
Josh Reynolds,WR,2022,DET,103.9
Demarcus Robinson,WR,2022,BAL,103.8
DeVante Parker,WR,2022,NE,102.9
Romeo Doubs,WR,2022,GB,101.6
Darnell Mooney,WR,2022,CHI,101.5
Rashid Shaheed,WR,2022,NO,100.5
Isaiah Hodgins,WR,2022,NYG,100.2
D.J. Chark,WR,2022,DET,98.2
Corey Davis,WR,2022,NYJ,97.6
Nico Collins,WR,2022,HOU,97.1
Mecole Hardman,WR,2022,KC,93.8
Marquise Goodwin,WR,2022,SEA,90.2
Kendrick Bourne,WR,2022,NE,88.3
Elijah Moore,WR,2022,NYJ,88.1
Treylon Burks,WR,2022,TEN,88.1
Rondale Moore,WR,2022,ARI,87.9
Allen Robinson,WR,2022,LA,84.9
Quez Watkins,WR,2022,PHI,84.5
Ben Skowronek,WR,2022,LA,84.3
Trent Sherfield,WR,2022,MIA,83.7
Terrace Marshall,WR,2022,CAR,83
Nick Westbrook-Ikhine,WR,2022,TEN,82.7
Jauan Jennings,WR,2022,SF,82.6
Randall Cobb,WR,2022,GB,81.7
Hunter Renfrow,WR,2022,LV,79
Van Jefferson,WR,2022,LA,78.9
Nelson Agholor,WR,2022,NE,75.2
Laviska Shenault,WR,2022,CAR,72.7
Julio Jones,WR,2022,TB,70.4
Jamal Agnew,WR,2022,JAX,70.3
Tyquan Thornton,WR,2022,NE,66.3
Dante Pettis,WR,2022,CHI,65.2
Trenton Irwin,WR,2022,CIN,63.2
Tutu Atwell,WR,2022,LA,63.2
Equanimeous St. Brown,WR,2022,CHI,62.7
A.J. Green,WR,2022,ARI,61.6
Shi Smith,WR,2022,CAR,61.6
Jarvis Landry,WR,2022,NO,60.2
Kadarius Toney,WR,2022,KC,59.3
Justin Watson,WR,2022,KC,58.5
Ray-Ray McCloud,WR,2022,SF,58.1
Braxton Berrios,WR,2022,NYJ,57.68
Kendall Hinton,WR,2022,DEN,56.4
Rashod Bateman,WR,2022,BAL,53.5
Tre'Quan Smith,WR,2022,NO,52.8
Robbie Chosen,WR,2022,ARI,52.2
Damiere Byrd,WR,2022,ATL,51.8
Phillip Dorsett,WR,2022,HOU,51.7
Wan'Dale Robinson,WR,2022,NYG,51.6
Michael Thomas,WR,2022,NO,51.1
Skyy Moore,WR,2022,KC,49.4
Brandon Powell,WR,2022,LA,47.6
Sammy Watkins,WR,2022,BAL,46.5
David Bell,WR,2022,CLE,45.4
Amari Rodgers,WR,2022,HOU,43.1
Ashton Dulin,WR,2022,IND,42.5
Scott Miller,WR,2022,TB,42.3
KhaDarel Hodge,WR,2022,ATL,41.2
Velus Jones,WR,2022,CHI,38
Marquez Callaway,WR,2022,NO,37.8
Zach Pascal,WR,2022,PHI,36
Byron Pringle,WR,2022,CHI,35.5
Sterling Shepard,WR,2022,NYG,34.4
Khalil Shakir,WR,2022,BUF,34.1
Jalen Nailor,WR,2022,MIN,32.9
Dyami Brown,WR,2022,WAS,32.8
Steven Sims,WR,2022,PIT,31.4
River Cracraft,WR,2022,MIA,31.2
Keelan Cole,WR,2022,LV,30.1
Denzel Mims,WR,2022,NYJ,29.6
Jalen Reagor,WR,2022,MIN,26.9
Cedrick Wilson,WR,2022,MIA,26.4
K.J. Hamler,WR,2022,DEN,25.8
N'Keal Harry,WR,2022,CHI,24.6
DeSean Jackson,WR,2022,BAL,24.3
Breshad Perriman,WR,2022,TB,23.3
Tom Kennedy,WR,2022,DET,22.1
David Sills,WR,2022,NYG,21.6
Jeff Smith,WR,2022,NYJ,21.4
Kenny Golladay,WR,2022,NYG,20.1
Samori Toure,WR,2022,GB,19.2
T.Y. Hilton,WR,2022,DAL,19.1
Marcus Johnson,WR,2022,NYG,18.9
Michael Bandy,WR,2022,LAC,18.9
Anthony Schwartz,WR,2022,CLE,18.8
Cam Sims,WR,2022,WAS,16.9
Brandon Johnson,WR,2022,DEN,16.2
Kyle Philips,WR,2022,TEN,15.8
Dax Milne,WR,2022,WAS,15.7
Jalen Virgil,WR,2022,DEN,15.5
Jameson Williams,WR,2022,DET,15.1
Gunner Olszewski,WR,2022,PIT,14.2
D'Wayne Eskridge,WR,2022,SEA,13.8
Trent Taylor,WR,2022,CIN,13.7
James Proche,WR,2022,BAL,12.2
Jamison Crowder,WR,2022,BUF,12
Andre Baccellia,WR,2022,ARI,11.5
Freddie Swain,WR,2022,DEN,11.4
John Brown,WR,2022,BUF,11.2
Deven Thompkins,WR,2022,TB,10.8
Jake Kumerow,WR,2022,BUF,10.4
Ty Montgomery,WR,2022,NE,10.3
Laquon Treadwell,WR,2022,SEA,10.2
Cole Beasley,WR,2022,BUF,9.5
Kevin White,WR,2022,NO,9.4
Mike Woods,WR,2022,CLE,9
Mike Strachan,WR,2022,IND,8.9
Chris Conley,WR,2022,TEN,8.6
Cody Hollister,WR,2022,TEN,8.4
Jalen Guyton,WR,2022,LAC,8.4
Mike Thomas,WR,2022,CIN,7.8
Tylan Wallace,WR,2022,BAL,7.3
Montrell Washington,WR,2022,DEN,7.2
Racey McMath,WR,2022,TEN,6.4
Tim Jones,WR,2022,JAX,6
Simi Fehoko,WR,2022,DAL,5.4
Penny Hart,WR,2022,SEA,5
Jaelon Darden,WR,2022,TB,4.8
Tyrie Cleveland,WR,2022,DEN,4.8
Bryan Edwards,WR,2022,ATL,4.5
Daylen Baldwin,WR,2022,CLE,4.5
Dareke Young,WR,2022,SEA,4.4
Dezmon Patmon,WR,2022,IND,4.4
Andy Isabella,WR,2022,BAL,4.2
Cade Johnson,WR,2022,SEA,4.1
Pharoh Cooper,WR,2022,ARI,4.1
Lil'Jordan Humphrey,WR,2022,NE,4
Keith Kirkwood,WR,2022,NO,3.8
Dennis Houston,WR,2022,DAL,3.6
Kavontae Turpin,WR,2022,DAL,3.6
Quintez Cephus,WR,2022,DET,3.5
Nsimba Webster,WR,2022,CHI,3.4
Austin Trammell,WR,2022,LA,3.3
Deonte Harty,WR,2022,NO,3.3
Jalen Tolbert,WR,2022,DAL,3.2
Miles Boykin,WR,2022,PIT,3.1
Danny Gray,WR,2022,SF,2.9
Juwann Winfree,WR,2022,GB,2.7
D.J. Turner,WR,2022,LV,2.6
Frank Darby,WR,2022,ATL,2.5
Tyron Johnson,WR,2022,HOU,1.8
Braylon Sanders,WR,2022,MIA,1.7
Jalen Camp,WR,2022,HOU,1.7
Maurice Alexander,WR,2022,DET,1.7
C.J. Board,WR,2022,TEN,1.6
Jacob Harris,WR,2022,LA,1.6
Jason Moore,WR,2022,LAC,1.5
Erik Ezukanma,WR,2022,MIA,1.3
Mason Kinsey,WR,2022,TEN,1.3
Cody White,WR,2022,PIT,1.2
Keke Coutee,WR,2022,IND,1
Ihmir Smith-Marsette,WR,2022,CHI,0.4
James Washington,WR,2022,DAL,0
Josh Ali,WR,2022,ATL,0
Josh Gordon,WR,2022,TEN,0
Lance McCutcheon,WR,2022,LA,0
Stanley Morgan,WR,2022,CIN,0
Tanner Conner,WR,2022,MIA,0
Tanner Gentry,WR,2022,BUF,0
Andrew Beck,FB,2023,HOU,38.8
Kyle Juszczyk,FB,2023,SF,38.5
Alec Ingold,FB,2023,MIA,24.9
Patrick Ricard,FB,2023,BAL,16.2
Hunter Luepke,FB,2023,DAL,12.7
Nick Bawden,FB,2023,NYJ,11.5
C.J. Ham,FB,2023,MIN,10.2
Michael Burton,FB,2023,DEN,6.7
Keith Smith,FB,2023,ATL,6.3
Khari Blasingame,FB,2023,CHI,5.8
Adam Prentice,FB,2023,NO,2.4
Jakob Johnson,FB,2023,LV,2.2
Reggie Gilliam,FB,2023,BUF,1.3
Jason Cabinda,FB,2023,DET,0
Josh Allen,QB,2023,BUF,394.64
Jalen Hurts,QB,2023,PHI,356.82
Dak Prescott,QB,2023,DAL,342.84
Lamar Jackson,QB,2023,BAL,331.22
Jordan Love,QB,2023,GB,319.06
Brock Purdy,QB,2023,SF,295.6
Jared Goff,QB,2023,DET,289.1
Patrick Mahomes,QB,2023,KC,280.22
C.J. Stroud,QB,2023,HOU,275.02
Baker Mayfield,QB,2023,TB,274.06
Tua Tagovailoa,QB,2023,MIA,272.36
Trevor Lawrence,QB,2023,JAX,262.54
Sam Howell,QB,2023,WAS,257.54
Russell Wilson,QB,2023,DEN,256.9
Matthew Stafford,QB,2023,LA,243.1
Derek Carr,QB,2023,NO,241.12
Justin Herbert,QB,2023,LAC,234.16
Justin Fields,QB,2023,CHI,230.18
Geno Smith,QB,2023,SEA,227.26
Joshua Dobbs,QB,2023,MIN,202.66
Gardner Minshew,QB,2023,IND,196.2
Desmond Ridder,QB,2023,ATL,181.14
Bryce Young,QB,2023,CAR,156.38
Kirk Cousins,QB,2023,MIN,149.74
Joe Burrow,QB,2023,CIN,147.16
Kyler Murray,QB,2023,ARI,146.36
Jake Browning,QB,2023,CIN,144.44
Aidan O'Connell,QB,2023,LV,125.82
Zach Wilson,QB,2023,NYJ,119.94
Kenny Pickett,QB,2023,PIT,110.2
Mac Jones,QB,2023,NE,106.4
Will Levis,QB,2023,TEN,102.02
Joe Flacco,QB,2023,CLE,100.84
Tommy DeVito,QB,2023,NYG,93.54
Tyrod Taylor,QB,2023,NYG,87.34
Deshaun Watson,QB,2023,CLE,86.8
Ryan Tannehill,QB,2023,TEN,80.04
Anthony Richardson,QB,2023,IND,72.68
Bailey Zappe,QB,2023,NE,69.18
Easton Stick,QB,2023,LAC,67.56
Nick Mullens,QB,2023,MIN,66.74
Taylor Heinicke,QB,2023,ATL,66
Jimmy Garoppolo,QB,2023,LV,64.1
Daniel Jones,QB,2023,NYG,56.96
Tyson Bagent,QB,2023,CHI,53.26
Mitchell Trubisky,QB,2023,PIT,48.68
Mason Rudolph,QB,2023,PIT,39.56
Drew Lock,QB,2023,SEA,29.12
Trevor Siemian,QB,2023,NYJ,26.96
Jarrett Stidham,QB,2023,DEN,26.64
Carson Wentz,QB,2023,LA,26.12
Tyler Huntley,QB,2023,BAL,25.62
Andy Dalton,QB,2023,CAR,23.64
Sam Darnold,QB,2023,SF,23.38
Jacoby Brissett,QB,2023,WAS,22.86
Dorian Thompson-Robinson,QB,2023,CLE,22.1
C.J. Beathard,QB,2023,JAX,21.46
P.J. Walker,QB,2023,CLE,19.96
Davis Mills,QB,2023,HOU,17.82
Jeff Driskel,QB,2023,CLE,13.94
Jameis Winston,QB,2023,NO,11.96
Marcus Mariota,QB,2023,PHI,11.76
Tim Boyle,QB,2023,NYJ,10.9
Case Keenum,QB,2023,HOU,9.74
Clayton Tune,QB,2023,ARI,7.48
Brett Rypien,QB,2023,LA,6.78
Blaine Gabbert,QB,2023,KC,5.9
Brian Hoyer,QB,2023,LV,4.94
Cooper Rush,QB,2023,DAL,3.26
Malik Willis,QB,2023,TEN,3.06
Jaren Hall,QB,2023,MIN,2.12
Mike White,QB,2023,MIA,2.06
Sean Clifford,QB,2023,GB,1.28
AJ McCarron,QB,2023,CIN,0.76
Aaron Rodgers,QB,2023,NYJ,0
Kyle Trask,QB,2023,TB,-0.1
Teddy Bridgewater,QB,2023,DET,-0.2
Matt Barkley,QB,2023,JAX,-0.3
Logan Woodside,QB,2023,ATL,-0.32
Nathan Peterman,QB,2023,CHI,-0.4
Kyle Allen,QB,2023,BUF,-1.3
Christian McCaffrey,RB,2023,SF,391.3
Breece Hall,RB,2023,NYJ,290.5
Travis Etienne,RB,2023,JAX,282.4
Rachaad White,RB,2023,TB,267.9
Raheem Mostert,RB,2023,MIA,267.7
Joe Mixon,RB,2023,CIN,267
Kyren Williams,RB,2023,LA,255
Derrick Henry,RB,2023,TEN,246.66
Bijan Robinson,RB,2023,ATL,246.3
Jahmyr Gibbs,RB,2023,DET,242.1
Alvin Kamara,RB,2023,NO,233
James Cook,RB,2023,BUF,232.7
Saquon Barkley,RB,2023,NYG,223.2
Tony Pollard,RB,2023,DAL,222.6
Isiah Pacheco,RB,2023,KC,213.9
Jerome Ford,RB,2023,CLE,213.2
David Montgomery,RB,2023,DET,207.2
James Conner,RB,2023,ARI,201.5
Kenneth Walker III,RB,2023,SEA,199.4
D'Andre Swift,RB,2023,PHI,199.3
Brian Robinson,RB,2023,WAS,198.1
Jaylen Warren,RB,2023,PIT,196.4
Najee Harris,RB,2023,PIT,195.5
De'Von Achane,RB,2023,MIA,190.7
Gus Edwards,RB,2023,BAL,187
Austin Ekeler,RB,2023,LAC,185.4
Chuba Hubbard,RB,2023,CAR,182.5
Josh Jacobs,RB,2023,LV,181.1
Javonte Williams,RB,2023,DEN,179.2
Ezekiel Elliott,RB,2023,NE,174.5
Zack Moss,RB,2023,IND,169.6
Devin Singletary,RB,2023,HOU,167.34
Jonathan Taylor,RB,2023,IND,156.4
Tyjae Spears,RB,2023,TEN,153.8
Rhamondre Stevenson,RB,2023,NE,145.7
Tyler Allgeier,RB,2023,ATL,137.6
Aaron Jones,RB,2023,GB,134.9
Alexander Mattison,RB,2023,MIN,133.2
Antonio Gibson,RB,2023,WAS,127.4
Samaje Perine,RB,2023,DEN,121.3
Kareem Hunt,RB,2023,CLE,118.5
AJ Dillon,RB,2023,GB,117.6
Khalil Herbert,RB,2023,CHI,112.5
Justice Hill,RB,2023,BAL,109.3
Zach Charbonnet,RB,2023,SEA,106.1
Jaleel McLaughlin,RB,2023,DEN,106
Roschon Johnson,RB,2023,CHI,102.1
Ty Chandler,RB,2023,MIN,101
Kenneth Gainwell,RB,2023,PHI,97.38
Rico Dowdle,RB,2023,DAL,91.5
D'Onta Foreman,RB,2023,CHI,91.2
Miles Sanders,RB,2023,CAR,87.6
Jerick McKinnon,RB,2023,KC,84.36
Latavius Murray,RB,2023,BUF,82.9
Dameon Pierce,RB,2023,HOU,82.7
Zamir White,RB,2023,LV,73.9
Emari Demercado,RB,2023,ARI,73.3
Clyde Edwards-Helaire,RB,2023,KC,70.1
Keaton Mitchell,RB,2023,BAL,69.9
Joshua Kelley,RB,2023,LAC,61.7
Jamaal Williams,RB,2023,NO,60.8
Michael Carter,RB,2023,ARI,58.8
Chase Brown,RB,2023,CIN,53.5
Elijah Mitchell,RB,2023,SF,47.5
Matt Breida,RB,2023,NYG,46.9
Cam Akers,RB,2023,MIN,46.7
Royce Freeman,RB,2023,LA,46.2
Jordan Mason,RB,2023,SF,44.7
Darrell Henderson,RB,2023,LA,43.5
Kendre Miller,RB,2023,NO,43.3
Salvon Ahmed,RB,2023,MIA,42.9
Pierre Strong,RB,2023,CLE,42.8
Jeff Wilson,RB,2023,MIA,41.3
Ameer Abdullah,RB,2023,LV,41
Dalvin Cook,RB,2023,NYJ,40.2
Chase Edmonds,RB,2023,TB,39.7
Chris Rodriguez Jr.,RB,2023,WAS,37.9
Cordarrelle Patterson,RB,2023,ATL,36.9
D'Ernest Johnson,RB,2023,JAX,34.8
Ty Johnson,RB,2023,BUF,32.4
Tony Jones,RB,2023,ARI,32.2
Craig Reynolds,RB,2023,DET,31.6
Darrynton Evans,RB,2023,MIA,30
Patrick Taylor,RB,2023,GB,30
Tank Bigsby,RB,2023,JAX,24.8
Nick Chubb,RB,2023,CLE,23.1
Kevin Harris,RB,2023,NE,21.3
Trey Sermon,RB,2023,IND,20.3
Ronnie Rivers,RB,2023,LA,20.1
Melvin Gordon,RB,2023,BAL,19.7
Damien Harris,RB,2023,BUF,19
Isaiah Spiller,RB,2023,LAC,19
Israel Abanikanda,RB,2023,NYJ,18.3
Tyler Goodson,RB,2023,IND,18.1
Boston Scott,RB,2023,PHI,17.8
Raheem Blackshear,RB,2023,CAR,17.1
Deuce Vaughn,RB,2023,DAL,15
Trayveon Williams,RB,2023,CIN,14.9
Emanuel Wilson,RB,2023,GB,14.8
Keaontay Ingram,RB,2023,ARI,14
La'Mical Perine,RB,2023,KC,14
Mike Boone,RB,2023,HOU,13.3
Eric Gray,RB,2023,NYG,13
DeeJay Dallas,RB,2023,SEA,12.2
J.K. Dobbins,RB,2023,BAL,11.7
Gary Brightwell,RB,2023,NYG,11.6
Brandon Bolden,RB,2023,LV,11.1
Velus Jones Jr.,RB,2023,CHI,11.1
Chris Brooks,RB,2023,MIA,10.6
Damien Williams,RB,2023,ARI,7.5
Dare Ogunbowale,RB,2023,HOU,7.3
Ke'Shawn Vaughn,RB,2023,TB,6.4
Sean Tucker,RB,2023,TB,5.2
Rashaad Penny,RB,2023,PHI,4.8
Alex Armah,RB,2023,WAS,4.3
Jashaun Corbin,RB,2023,NYG,4.3
Deon Jackson,RB,2023,NYG,4
Leonard Fournette,RB,2023,BUF,4
Elijah Dotson,RB,2023,LAC,3.9
Jake Funk,RB,2023,IND,3.2
Anthony McFarland,RB,2023,PIT,3.1
Bam Knight,RB,2023,DET,3.1
Kenyan Drake,RB,2023,GB,3.1
Derrick Gore,RB,2023,WAS,2.6
Devine Ozigbo,RB,2023,DET,2.3
Chris Evans,RB,2023,CIN,2.1
Tyrion Davis-Price,RB,2023,SF,2.1
Zach Evans,RB,2023,LA,1.9
Evan Hull,RB,2023,IND,1.7
Kene Nwangwu,RB,2023,MIN,1.3
Jonathan Ward,RB,2023,TEN,1.1
James Robinson,RB,2023,GB,1
JaMycal Hasty,RB,2023,JAX,0
Jordan Mims,RB,2023,NO,0
Travis Homer,RB,2023,CHI,0
Jonathan Williams,RB,2023,WAS,-0.2
Sam LaPorta,TE,2023,DET,239.3
Evan Engram,TE,2023,JAX,230.3
Travis Kelce,TE,2023,KC,219.4
T.J. Hockenson,TE,2023,MIN,219
George Kittle,TE,2023,SF,203.2
David Njoku,TE,2023,CLE,201.2
Trey McBride,TE,2023,ARI,181.5
Cole Kmet,TE,2023,CHI,181.1
Jake Ferguson,TE,2023,DAL,177.1
Dalton Schultz,TE,2023,HOU,150.5
Dalton Kincaid,TE,2023,BUF,150.3
Taysom Hill,TE,2023,NO,143.52
Kyle Pitts,TE,2023,ATL,137.3
Dallas Goedert,TE,2023,PHI,136.3
Mark Andrews,TE,2023,BAL,135.4
Logan Thomas,TE,2023,WAS,126.8
Jonnu Smith,TE,2023,ATL,124.2
Tyler Conklin,TE,2023,NYJ,123.1
Hunter Henry,TE,2023,NE,119.9
Cade Otton,TE,2023,TB,116.5
Chig Okonkwo,TE,2023,TEN,113.4
Darren Waller,TE,2023,NYG,113.2
Gerald Everett,TE,2023,LAC,111.1
Tyler Higbee,TE,2023,LA,108.5
Isaiah Likely,TE,2023,BAL,101.1
Juwan Johnson,TE,2023,NO,97.8
Tanner Hudson,TE,2023,CIN,80.2
Donald Parham,TE,2023,LAC,79.5
Tucker Kraft,TE,2023,GB,78.5
Pat Freiermuth,TE,2023,PIT,76.8
Luke Musgrave,TE,2023,GB,75.2
Noah Fant,TE,2023,SEA,73.4
Kylen Granson,TE,2023,IND,73
Durham Smythe,TE,2023,MIA,71.6
Michael Mayer,TE,2023,LV,71.4
Noah Gray,TE,2023,KC,70.6
Mike Gesicki,TE,2023,NE,65.4
Colby Parkinson,TE,2023,SEA,61.7
Adam Trautman,TE,2023,DEN,60.4
Tommy Tremble,TE,2023,CAR,60.4
Dawson Knox,TE,2023,BUF,54.6
Josh Oliver,TE,2023,MIN,53.3
Zach Ertz,TE,2023,ARI,51.7
Brevin Jordan,TE,2023,HOU,50.9
Daniel Bellinger,TE,2023,NYG,50.5
Drew Sample,TE,2023,CIN,50.3
Mo Alie-Cox,TE,2023,IND,49.1
Austin Hooper,TE,2023,LV,48.4
Foster Moreau,TE,2023,NO,46.3
Hayden Hurst,TE,2023,CAR,42.4
Johnny Mundt,TE,2023,MIN,40.2
Will Dissly,TE,2023,SEA,40.2
Connor Heyward,TE,2023,PIT,39.7
Will Mallory,TE,2023,IND,38.7
Harrison Bryant,TE,2023,CLE,37.9
Pharaoh Brown,TE,2023,NE,37.8
Elijah Higgins,TE,2023,ARI,36.3
Andrew Ogletree,TE,2023,IND,35.7
John Bates,TE,2023,WAS,34.1
Jimmy Graham,TE,2023,NO,33.9
Irv Smith,TE,2023,CIN,33.5
Stone Smartt,TE,2023,LAC,32.5
Jeremy Ruckert,TE,2023,NYJ,31.1
Luke Farrell,TE,2023,JAX,28.5
Jordan Akins,TE,2023,CLE,28.2
Brock Wright,TE,2023,DET,28.1
Luke Schoonmaker,TE,2023,DAL,26.5
MyCole Pruitt,TE,2023,ATL,26
Davis Allen,TE,2023,LA,25.5
Stephen Sullivan,TE,2023,CAR,24.5
Josh Whyle,TE,2023,TEN,24.4
Lucas Krull,TE,2023,DEN,23.5
Cole Turner,TE,2023,WAS,23
Robert Tonyan,TE,2023,CHI,22.2
Charlie Kolar,TE,2023,BAL,21.7
C.J. Uzomah,TE,2023,NYJ,19.8
Geoff Swaim,TE,2023,ARI,19.4
Mitchell Wilcox,TE,2023,CIN,14.6
Brenton Strange,TE,2023,JAX,14.5
Josiah Deguara,TE,2023,GB,14.5
Lawrence Cager,TE,2023,NYG,13.6
Darnell Washington,TE,2023,PIT,13.1
Marcedes Lewis,TE,2023,CHI,12.9
Brycen Hopkins,TE,2023,LA,12.8
Ben Sims,TE,2023,GB,12.1
Blake Bell,TE,2023,KC,11.6
Payne Durham,TE,2023,TB,10.8
Ian Thomas,TE,2023,CAR,10.6
Quintin Morris,TE,2023,BUF,10.6
Jack Stoll,TE,2023,PHI,8.8
Julian Hill,TE,2023,MIA,8.8
Grant Calcaterra,TE,2023,PHI,7.9
Peyton Hendershot,TE,2023,DAL,7.8
Ko Kieft,TE,2023,TB,7.2
Charlie Woerner,TE,2023,SF,6.2
Nate Adkins,TE,2023,DEN,6.2
Greg Dulcich,TE,2023,DEN,5.5
Teagan Quitoriano,TE,2023,HOU,5.3
James Mitchell,TE,2023,DET,4.8
Kenny Yeboah,TE,2023,NYJ,4.8
Eric Saubert,TE,2023,HOU,4.2
Chris Manhertz,TE,2023,DEN,3.6
Nick Muse,TE,2023,MIN,3.2
Trevon Wesco,TE,2023,TEN,3.1
John FitzPatrick,TE,2023,ATL,2.2
Ross Dwelley,TE,2023,SF,2.2
Tucker Fisk,TE,2023,ATL,1.9
Cole Fotheringham,TE,2023,LV,1.6
Kevin Rader,TE,2023,TEN,1.6
Jesper Horsted,TE,2023,LV,1.4
Nick Vannett,TE,2023,LAC,1.3
Giovanni Ricci,TE,2023,CAR,1.2
David Wells,TE,2023,TB,1
Albert Okwuegbunam,TE,2023,PHI,0
Rod Williams,TE,2023,PIT,0
Sean McKeon,TE,2023,DAL,0
CeeDee Lamb,WR,2023,DAL,405.2
Tyreek Hill,WR,2023,MIA,376.4
Amon-Ra St. Brown,WR,2023,DET,330.9
Puka Nacua,WR,2023,LA,298.5
A.J. Brown,WR,2023,PHI,289.6
DJ Moore,WR,2023,CHI,286.5
Mike Evans,WR,2023,TB,282.5
Keenan Allen,WR,2023,LAC,278.86
Stefon Diggs,WR,2023,BUF,273.8
Davante Adams,WR,2023,LV,265.4
Ja'Marr Chase,WR,2023,CIN,262.72
Nico Collins,WR,2023,HOU,260.4
Michael Pittman,WR,2023,IND,252.2
Brandon Aiyuk,WR,2023,SF,249.2
Deebo Samuel Sr.,WR,2023,SF,243.7
Chris Olave,WR,2023,NO,231.3
Adam Thielen,WR,2023,CAR,231
Calvin Ridley,WR,2023,JAX,229.9
DeVonta Smith,WR,2023,PHI,227.6
Amari Cooper,WR,2023,CLE,227
DK Metcalf,WR,2023,SEA,225.4
DeAndre Hopkins,WR,2023,TEN,223.6
Jordan Addison,WR,2023,MIN,221.3
Jakobi Meyers,WR,2023,LV,218.58
Jayden Reed,WR,2023,GB,217.2
Garrett Wilson,WR,2023,NYJ,213.2
Rashee Rice,WR,2023,KC,212.5
Chris Godwin,WR,2023,TB,209.2
George Pickens,WR,2023,PIT,208.8
Zay Flowers,WR,2023,BAL,206.4
Justin Jefferson,WR,2023,MIN,204.2
Terry McLaurin,WR,2023,WAS,203.2
Tyler Lockett,WR,2023,SEA,202.4
Jaylen Waddle,WR,2023,MIA,198.6
Courtland Sutton,WR,2023,DEN,190.2
Romeo Doubs,WR,2023,GB,174.4
Drake London,WR,2023,ATL,174.38
Brandin Cooks,WR,2023,DAL,173.2
Tank Dell,WR,2023,HOU,165
Cooper Kupp,WR,2023,LA,164.4
Gabe Davis,WR,2023,BUF,161.4
Rashid Shaheed,WR,2023,NO,157.6
Curtis Samuel,WR,2023,WAS,157.2
Josh Downs,WR,2023,IND,157.1
Diontae Johnson,WR,2023,PIT,152.7
Darius Slayton,WR,2023,NYG,151
Christian Kirk,WR,2023,JAX,150.26
Jaxon Smith-Njigba,WR,2023,SEA,149.8
Tyler Boyd,WR,2023,CIN,144.8
Jerry Jeudy,WR,2023,DEN,141.8
Tee Higgins,WR,2023,CIN,137.6
Marquise Brown,WR,2023,ARI,134.7
Wan'Dale Robinson,WR,2023,NYG,133.2
Elijah Moore,WR,2023,CLE,132.1
Josh Reynolds,WR,2023,DET,128.8
Jahan Dotson,WR,2023,WAS,124.8
K.J. Osborn,WR,2023,MIN,120
Dontayvion Wicks,WR,2023,GB,119.76
DJ Chark,WR,2023,CAR,115.5
Michael Wilson,WR,2023,ARI,114.5
Khalil Shakir,WR,2023,BUF,113.1
Tutu Atwell,WR,2023,LA,112.4
Odell Beckham,WR,2023,BAL,107.5
Demario Douglas,WR,2023,NE,107.2
Josh Palmer,WR,2023,LAC,106.7
Rondale Moore,WR,2023,ARI,105
Noah Brown,WR,2023,HOU,101.6
Christian Watson,WR,2023,GB,101.3
Kendrick Bourne,WR,2023,NE,100
Kalif Raymond,WR,2023,DET,97.4
Nelson Agholor,WR,2023,BAL,97.1
Trey Palmer,WR,2023,TB,95.7
Alec Pierce,WR,2023,IND,95.4
Quentin Johnston,WR,2023,LAC,94
Michael Thomas,WR,2023,NO,89.8
Robert Woods,WR,2023,HOU,89.3
Justin Watson,WR,2023,KC,89
Michael Gallup,WR,2023,DAL,87.8
Demarcus Robinson,WR,2023,LA,87.4
Nick Westbrook-Ikhine,WR,2023,TEN,85
Jonathan Mingo,WR,2023,CAR,84.8
Jameson Williams,WR,2023,DET,80.3
Darnell Mooney,WR,2023,CHI,78.9
Zay Jones,WR,2023,JAX,78.1
Rashod Bateman,WR,2023,BAL,76.5
Marvin Mims Jr.,WR,2023,DEN,74.7
Brandon Johnson,WR,2023,DEN,73.4
DeVante Parker,WR,2023,NE,72.4
Tre Tucker,WR,2023,LV,71.8
Cedrick Wilson Jr.,WR,2023,MIA,69.6
Brandon Powell,WR,2023,MIN,69.1
Chris Moore,WR,2023,TEN,68.3
Greg Dortch,WR,2023,ARI,64.5
Xavier Gipson,WR,2023,NYJ,62.7
Trenton Irwin,WR,2023,CIN,62.6
Allen Robinson,WR,2023,PIT,62
JuJu Smith-Schuster,WR,2023,NE,61
Jalen Tolbert,WR,2023,DAL,60.8
A.T. Perry,WR,2023,NO,60.6
Jalin Hyatt,WR,2023,NYG,60.3
Allen Lazard,WR,2023,NYJ,60.1
Isaiah Hodgins,WR,2023,NYG,60
KaVontae Turpin,WR,2023,DAL,59.7
Braxton Berrios,WR,2023,MIA,57.9
Jake Bobo,WR,2023,SEA,56.9
Marquez Valdes-Scantling,WR,2023,KC,56.5
Skyy Moore,WR,2023,KC,53.7
Kadarius Toney,WR,2023,KC,53
Calvin Austin III,WR,2023,PIT,52.7
Jauan Jennings,WR,2023,SF,51.5
Andrei Iosivas,WR,2023,CIN,50.6
Mike Williams,WR,2023,LAC,50.2
David Bell,WR,2023,CLE,48.7
Hunter Renfrow,WR,2023,LV,48.5
Lil'Jordan Humphrey,WR,2023,DEN,47.2
Bo Melton,WR,2023,GB,45.9
Alex Erickson,WR,2023,LAC,45.2
Cedric Tillman,WR,2023,CLE,44.2
Mack Hollins,WR,2023,ATL,43.1
Deonte Harty,WR,2023,BUF,42
Van Jefferson,WR,2023,ATL,41.3
Jamal Agnew,WR,2023,JAX,40.3
Treylon Burks,WR,2023,TEN,39.9
Parker Washington,WR,2023,JAX,39.2
Scott Miller,WR,2023,ATL,39.1
Olamide Zaccheaus,WR,2023,PHI,38.4
Jamison Crowder,WR,2023,WAS,37.9
Derius Davis,WR,2023,LAC,37.7
KhaDarel Hodge,WR,2023,ATL,37.2
Julio Jones,WR,2023,PHI,36.4
Tyler Scott,WR,2023,CHI,35.9
Quez Watkins,WR,2023,PHI,35.2
Dyami Brown,WR,2023,WAS,34.96
Deven Thompkins,WR,2023,TB,34.9
Malik Heath,WR,2023,GB,33.5
Kyle Philips,WR,2023,TEN,33.1
Terrace Marshall Jr.,WR,2023,CAR,32.9
Ihmir Smith-Marsette,WR,2023,CAR,32.5
John Metchie III,WR,2023,HOU,32.2
Ronnie Bell,WR,2023,SF,30.8
Parris Campbell,WR,2023,NYG,30.4
Byron Pringle,WR,2023,WAS,30.1
Donovan Peoples-Jones,WR,2023,DET,28.5
Jalen Reagor,WR,2023,NE,28.5
Ray-Ray McCloud,WR,2023,SF,28.5
Mecole Hardman,WR,2023,KC,27.7
Tyquan Thornton,WR,2023,NE,27.2
River Cracraft,WR,2023,MIA,27.1
Trent Sherfield,WR,2023,BUF,25.6
Jalen Guyton,WR,2023,LAC,24.9
Robbie Chosen,WR,2023,MIA,22.6
Lynn Bowden,WR,2023,NO,22.5
Sterling Shepard,WR,2023,NYG,22.3
Xavier Hutchinson,WR,2023,HOU,21.9
Chase Claypool,WR,2023,MIA,21.7
Ben Skowronek,WR,2023,LA,21.5
Laviska Shenault Jr.,WR,2023,CAR,21.5
Richie James,WR,2023,KC,21.4
Charlie Jones,WR,2023,CIN,20.7
Isaiah McKenzie,WR,2023,IND,20.6
David Moore,WR,2023,TB,20.4
Tim Jones,WR,2023,JAX,19.3
Samori Toure,WR,2023,GB,17.8
Randall Cobb,WR,2023,NYJ,16.9
Jason Brownlee,WR,2023,NYJ,16.6
Keith Kirkwood,WR,2023,NO,14.7
D.J. Montgomery,WR,2023,IND,14.6
Marquise Goodwin,WR,2023,CLE,14
Jalen Brooks,WR,2023,DAL,12.4
Justyn Ross,WR,2023,KC,11.3
Equanimeous St. Brown,WR,2023,CHI,11.2
Rakim Jarrett,WR,2023,TB,10
Chris Conley,WR,2023,SF,9.9
Ty Montgomery,WR,2023,NE,9.9
DeAndre Carter,WR,2023,LV,9.7
Keelan Doss,WR,2023,LAC,9.3
Tyler Johnson,WR,2023,LA,8.8
Britain Covey,WR,2023,PHI,8.2
Tylan Wallace,WR,2023,BAL,8.1
Simi Fehoko,WR,2023,LAC,7.9
Devin Duvernay,WR,2023,BAL,7.3
Austin Trammell,WR,2023,LA,6.9
Elijah Cooks,WR,2023,JAX,6.8
Marvin Jones,WR,2023,DET,6.5
Jalen Nailor,WR,2023,MIN,5.9
Zach Pascal,WR,2023,ARI,5.9
Steven Sims,WR,2023,HOU,5.6
Mike Strachan,WR,2023,CAR,5.5
Gunner Olszewski,WR,2023,NYG,5
Trishton Jackson,WR,2023,MIN,4.9
Miles Boykin,WR,2023,PIT,4.7
Kayshon Boutte,WR,2023,NE,3.9
Willie Snead,WR,2023,SF,3.4
Malik Taylor,WR,2023,NYJ,3.3
Laquon Treadwell,WR,2023,BAL,2.6
Erik Ezukanma,WR,2023,MIA,2.2
Collin Johnson,WR,2023,CHI,2.1
Cody Thompson,WR,2023,SEA,2
Mason Kinsey,WR,2023,TEN,1.6
Colton Dowell,WR,2023,TEN,1.3
Antoine Green,WR,2023,DET,1.2
Kwamie Lassiter,WR,2023,CIN,1.2
Dee Eskridge,WR,2023,SEA,0.5
Amari Rodgers,WR,2023,IND,0
Damiere Byrd,WR,2023,ATL,0
Irvin Charles,WR,2023,NYJ,0
James Proche,WR,2023,CLE,0
Juwann Winfree,WR,2023,IND,0
Malik Cunningham,WR,2023,NE,0
Phillip Dorsett,WR,2023,DEN,0
Shedrick Jackson,WR,2023,CIN,0
Trent Taylor,WR,2023,CHI,-0.2
Kyle Juszczyk,FB,2024,SF,57.6
Michael Burton,FB,2024,DEN,29.3
Hunter Luepke,FB,2024,DAL,26.9
Alec Ingold,FB,2024,MIA,26.3
C.J. Ham,FB,2024,MIN,13.5
Patrick Ricard,FB,2024,BAL,11.2
Scott Matlock,FB,2024,LAC,6.8
Ben VanSumeren,FB,2024,PHI,1
Reggie Gilliam,FB,2024,BUF,0.7
Adam Prentice,FB,2024,NO,0
Andrew Beck,FB,2024,HOU,0
Lamar Jackson,QB,2024,BAL,430.38
Joe Burrow,QB,2024,CIN,372.82
Josh Allen,QB,2024,BUF,372.34
Baker Mayfield,QB,2024,TB,365.8
Jayden Daniels,QB,2024,WAS,355.82
Jared Goff,QB,2024,DET,324.46
Bo Nix,QB,2024,DEN,317.2
Jalen Hurts,QB,2024,PHI,315.12
Sam Darnold,QB,2024,MIN,307.96
Kyler Murray,QB,2024,ARI,297.24
Justin Herbert,QB,2024,LAC,285.4
Patrick Mahomes,QB,2024,KC,283.02
Brock Purdy,QB,2024,SF,266.86
Geno Smith,QB,2024,SEA,266
Aaron Rodgers,QB,2024,NYJ,256.58
Caleb Williams,QB,2024,CHI,254.54
Jordan Love,QB,2024,GB,233.86
C.J. Stroud,QB,2024,HOU,220.38
Matthew Stafford,QB,2024,LA,214.58
Bryce Young,QB,2024,CAR,195.02
Tua Tagovailoa,QB,2024,MIA,181.58
Drake Maye,QB,2024,NE,177.14
Kirk Cousins,QB,2024,ATL,176.32
Russell Wilson,QB,2024,PIT,172.78
Anthony Richardson,QB,2024,IND,163.36
Derek Carr,QB,2024,NO,150.9
Trevor Lawrence,QB,2024,JAX,145.7
Daniel Jones,QB,2024,NYG,135.3
Jameis Winston,QB,2024,CLE,131.14
Will Levis,QB,2024,TEN,119.94
Justin Fields,QB,2024,PIT,119.14
Dak Prescott,QB,2024,DAL,116.52
Cooper Rush,QB,2024,DAL,109.56
Joe Flacco,QB,2024,IND,99.04
Gardner Minshew,QB,2024,LV,96.32
Mac Jones,QB,2024,JAX,96.08
Mason Rudolph,QB,2024,TEN,95.8
Aidan O'Connell,QB,2024,LV,93.48
Drew Lock,QB,2024,NYG,80.14
Deshaun Watson,QB,2024,CLE,76.72
Spencer Rattler,QB,2024,NO,67.28
Tyler Huntley,QB,2024,MIA,60.66
Andy Dalton,QB,2024,CAR,58.96
Malik Willis,QB,2024,GB,51.8
Marcus Mariota,QB,2024,WAS,45.76
Jacoby Brissett,QB,2024,NE,45.24
Michael Penix,QB,2024,ATL,44.1
Joshua Dobbs,QB,2024,SF,30.84
Tanner McKee,QB,2024,PHI,28.82
Kenny Pickett,QB,2024,PHI,25.14
Desmond Ridder,QB,2024,LV,21.92
Tyrod Taylor,QB,2024,NYJ,20.06
Jimmy Garoppolo,QB,2024,LA,19.86
Joe Milton,QB,2024,NE,19.24
Dorian Thompson-Robinson,QB,2024,CLE,15.8
Mitchell Trubisky,QB,2024,BUF,15.26
Tim Boyle,QB,2024,NYG,13.94
Tommy DeVito,QB,2024,NYG,13.48
Jake Haener,QB,2024,NO,13.24
Trey Lance,QB,2024,DAL,12.74
Davis Mills,QB,2024,HOU,9.58
Skylar Thompson,QB,2024,MIA,7.88
Bailey Zappe,QB,2024,CLE,7
Brandon Allen,QB,2024,SF,6.36
Carson Wentz,QB,2024,KC,4.72
Taylor Heinicke,QB,2024,LAC,3.12
Hendon Hooker,QB,2024,DET,2.68
Nick Mullens,QB,2024,MIN,1.32
Mike White,QB,2024,BUF,1.12
Josh Johnson,QB,2024,BAL,0.78
Kyle Allen,QB,2024,PIT,0.76
Chris Oladokun,QB,2024,KC,0.5
Jarrett Stidham,QB,2024,DEN,0.5
Jake Browning,QB,2024,CIN,-0.2
Kyle Trask,QB,2024,TB,-0.2
Tyson Bagent,QB,2024,CHI,-0.26
Sam Howell,QB,2024,SEA,-0.84
Clayton Tune,QB,2024,ARI,-2.08
Saquon Barkley,RB,2024,PHI,355.3
Jahmyr Gibbs,RB,2024,DET,354.9
Bijan Robinson,RB,2024,ATL,341.7
Derrick Henry,RB,2024,BAL,336.4
Devon Achane,RB,2024,MIA,299.9
Josh Jacobs,RB,2024,GB,293.1
Kyren Williams,RB,2024,LA,272.1
James Cook,RB,2024,BUF,266.7
Alvin Kamara,RB,2024,NO,265.3
Chase Brown,RB,2024,CIN,255
James Conner,RB,2024,ARI,253.8
Jonathan Taylor,RB,2024,IND,246.7
Bucky Irving,RB,2024,TB,244.4
Aaron Jones,RB,2024,MIN,241.6
Chuba Hubbard,RB,2024,CAR,241.6
Breece Hall,RB,2024,NYJ,240.9
Joe Mixon,RB,2024,HOU,240.5
David Montgomery,RB,2024,DET,221.72
D'Andre Swift,RB,2024,CHI,214.5
Najee Harris,RB,2024,PIT,204.6
Tony Pollard,RB,2024,TEN,200.7
Rachaad White,RB,2024,TB,199.6
Rico Dowdle,RB,2024,DAL,197.8
J.K. Dobbins,RB,2024,LAC,191.8
Zach Charbonnet,RB,2024,SEA,183.7
Tyrone Tracy,RB,2024,NYG,182.3
Kenneth Walker,RB,2024,SEA,181.2
Rhamondre Stevenson,RB,2024,NE,175.9
Brian Robinson,RB,2024,WAS,159.8
Javonte Williams,RB,2024,DEN,157.9
Kareem Hunt,RB,2024,KC,155.4
Alexander Mattison,RB,2024,LV,137.4
Jerome Ford,RB,2024,CLE,134
Austin Ekeler,RB,2024,WAS,132.3
Travis Etienne,RB,2024,JAX,130.2
Tank Bigsby,RB,2024,JAX,129
Justice Hill,RB,2024,BAL,127.1
Ameer Abdullah,RB,2024,LV,125.2
Jaylen Warren,RB,2024,PIT,124.1
Ray Davis,RB,2024,BUF,116.1
Jordan Mason,RB,2024,SF,115
Tyjae Spears,RB,2024,TEN,113.6
Tyler Allgeier,RB,2024,ATL,106.2
Antonio Gibson,RB,2024,NE,103.4
Jaleel McLaughlin,RB,2024,DEN,97.2
Devin Singletary,RB,2024,NYG,96.6
Isaac Guerendo,RB,2024,SF,96.2
Emanuel Wilson,RB,2024,GB,96
Cam Akers,RB,2024,MIN,93.2
Ty Johnson,RB,2024,BUF,91.7
Braelon Allen,RB,2024,NYJ,85.2
Zack Moss,RB,2024,CIN,81.9
Samaje Perine,RB,2024,KC,81.4
Roschon Johnson,RB,2024,CHI,77.4
Miles Sanders,RB,2024,CAR,77.3
Raheem Mostert,RB,2024,MIA,70.9
Sean Tucker,RB,2024,TB,68.7
Gus Edwards,RB,2024,LAC,64.1
Jeremy McNichols,RB,2024,WAS,63.8
Nick Chubb,RB,2024,CLE,63.3
Kenneth Gainwell,RB,2024,PHI,62.6
Ezekiel Elliott,RB,2024,DAL,57.5
Isiah Pacheco,RB,2024,KC,56.9
Dare Ogunbowale,RB,2024,HOU,56
Emari Demercado,RB,2024,ARI,54.7
Trey Sermon,RB,2024,IND,53.8
Audric Estime,RB,2024,DEN,48.7
Christian McCaffrey,RB,2024,SF,47.8
Trey Benson,RB,2024,ARI,47
Isaiah Davis,RB,2024,NYJ,45.9
Tyler Goodson,RB,2024,IND,44.4
Dameon Pierce,RB,2024,HOU,43.5
Christopher Brooks,RB,2024,GB,42.2
Cordarrelle Patterson,RB,2024,PIT,37.5
Jamaal Williams,RB,2024,NO,37.1
D'Ernest Johnson,RB,2024,JAX,35.9
Michael Carter,RB,2024,ARI,35.8
Pierre Strong,RB,2024,CLE,35.2
Blake Corum,RB,2024,LA,33.5
Hassan Haskins,RB,2024,LAC,32.8
Kimani Vidal,RB,2024,LAC,32.7
D'Onta Foreman,RB,2024,CLE,32.6
Chris Rodriguez,RB,2024,WAS,31.5
Khalil Herbert,RB,2024,CIN,31.5
Patrick Taylor,RB,2024,SF,29.8
Zamir White,RB,2024,LV,29.3
Kendre Miller,RB,2024,NO,29.1
Jamycal Hasty,RB,2024,NE,28.8
Ty Chandler,RB,2024,MIN,28.4
Sincere McCormick,RB,2024,LV,27.2
Jaylen Wright,RB,2024,MIA,26.7
Jordan Mims,RB,2024,NO,26.1
Carson Steele,RB,2024,KC,23.9
Kenny McIntosh,RB,2024,SEA,22.4
DeeJay Dallas,RB,2024,ARI,21
Craig Reynolds,RB,2024,DET,20.9
Eric Gray,RB,2024,NYG,19.3
Ronnie Rivers,RB,2024,LA,18.3
Will Shipley,RB,2024,PHI,15.7
Julius Chestnut,RB,2024,TEN,13.3
Deuce Vaughn,RB,2024,DAL,11.8
Tony Jones,RB,2024,ARI,11.5
Jeffery Wilson,RB,2024,MIA,10.6
Clyde Edwards-Helaire,RB,2024,NO,10
Tyler Badie,RB,2024,DEN,9.4
Sione Vaki,RB,2024,DET,8.1
Raheem Blackshear,RB,2024,CAR,8
Jonathon Brooks,RB,2024,CAR,7.5
Keaton Mitchell,RB,2024,BAL,6.8
J.J. Taylor,RB,2024,HOU,6.4
Travis Homer,RB,2024,CHI,6.4
Kene Nwangwu,RB,2024,NYJ,6
Mike Boone,RB,2024,CAR,5.9
Jacob Kibodi,RB,2024,CLE,4.9
Jermar Jefferson,RB,2024,DET,4.2
Dalvin Cook,RB,2024,DAL,4
Blake Watson,RB,2024,DEN,3.3
Terrell Jennings,RB,2024,NE,3.3
Jase McClellan,RB,2024,ATL,3.2
Rasheen Ali,RB,2024,BAL,3.1
Velus Jones,RB,2024,CAR,2.9
MarShawn Lloyd,RB,2024,GB,2.8
Jonathan Ward,RB,2024,PIT,2.2
Myles Gaskin,RB,2024,MIN,2
Cody Schrader,RB,2024,LA,1.9
George Holani,RB,2024,SEA,1.9
Chris Collier,RB,2024,LV,1.8
Aaron Shampklin,RB,2024,PIT,1.7
Tyreik McAllister,RB,2024,LV,1.1
Tyrion Davis-Price,RB,2024,PHI,0.7
Ke'Shawn Vaughn,RB,2024,SF,0.4
Darrynton Evans,RB,2024,CHI,0.3
British Brooks,RB,2024,HOU,0.2
Joshua Kelley,RB,2024,TEN,0.2
Dylan Laube,RB,2024,LV,-2
Brock Bowers,TE,2024,LV,262.7
Trey McBride,TE,2024,ARI,243.8
George Kittle,TE,2024,SF,236.6
Jonnu Smith,TE,2024,MIA,222.3
Travis Kelce,TE,2024,KC,195.4
Mark Andrews,TE,2024,BAL,188.8
Zach Ertz,TE,2024,WAS,177.4
Sam LaPorta,TE,2024,DET,174.6
Pat Freiermuth,TE,2024,PIT,168.3
Tucker Kraft,TE,2024,GB,163.3
David Njoku,TE,2024,CLE,148.5
Hunter Henry,TE,2024,NE,145.4
Mike Gesicki,TE,2024,CIN,141.5
Cade Otton,TE,2024,TB,140.6
Kyle Pitts,TE,2024,ATL,131.2
Isaiah Likely,TE,2024,BAL,123.7
Juwan Johnson,TE,2024,NO,122.8
Tyler Conklin,TE,2024,NYJ,121.9
Cole Kmet,TE,2024,CHI,120.4
Dalton Schultz,TE,2024,HOU,118.2
Chigoziem Okonkwo,TE,2024,TEN,113.6
Noah Gray,TE,2024,KC,113.3
Will Dissly,TE,2024,LAC,110.1
Austin Hooper,TE,2024,NE,108.6
Jake Ferguson,TE,2024,DAL,104.4
Noah Fant,TE,2024,SEA,104
Dallas Goedert,TE,2024,PHI,103.6
Foster Moreau,TE,2024,NO,103.3
Taysom Hill,TE,2024,NO,102.34
Dalton Kincaid,TE,2024,BUF,100.8
Brenton Strange,TE,2024,JAX,91.1
Jordan Akins,TE,2024,CLE,91
Evan Engram,TE,2024,JAX,89.5
T.J. Hockenson,TE,2024,MIN,86.5
A.J. Barner,TE,2024,SEA,78.5
Ja'Tavion Sanders,TE,2024,CAR,73.2
Theo Johnson,TE,2024,NYG,68.1
Josh Oliver,TE,2024,MIN,65.8
Colby Parkinson,TE,2024,LA,65.4
Josh Whyle,TE,2024,TEN,60.8
Grant Calcaterra,TE,2024,PHI,59.8
Dawson Knox,TE,2024,BUF,59.1
Luke Schoonmaker,TE,2024,DAL,57.1
Tommy Tremble,TE,2024,CAR,56.4
Elijah Higgins,TE,2024,ARI,49.2
Nick Vannett,TE,2024,TEN,48.5
Johnny Mundt,TE,2024,MIN,45.2
Darnell Washington,TE,2024,PIT,45
Adam Trautman,TE,2024,DEN,43.8
Nate Adkins,TE,2024,DEN,43.5
Tanner Hudson,TE,2024,CIN,38.5
Michael Mayer,TE,2024,LV,36.6
Drew Sample,TE,2024,CIN,36.5
Erick All,TE,2024,CIN,35.8
Brock Wright,TE,2024,DET,35
Stone Smartt,TE,2024,LAC,34.8
Payne Durham,TE,2024,TB,34.5
Cade Stover,TE,2024,HOU,34.3
Lucas Krull,TE,2024,DEN,34.2
Mo Alie-Cox,TE,2024,IND,32.7
Kylen Granson,TE,2024,IND,32.2
Jeremy Ruckert,TE,2024,NYJ,28.5
Charlie Kolar,TE,2024,BAL,28.3
Eric Saubert,TE,2024,SF,26.7
Tyler Higbee,TE,2024,LA,26.6
Daniel Bellinger,TE,2024,NYG,26.5
Andrew Ogletree,TE,2024,IND,25.9
Julian Hill,TE,2024,MIA,22
Hunter Long,TE,2024,LA,19
Luke Farrell,TE,2024,JAX,18.7
Brevyn Spann-Ford,TE,2024,DAL,17.8
Harrison Bryant,TE,2024,LV,17.6
Blake Whiteheart,TE,2024,CLE,17.1
Connor Heyward,TE,2024,PIT,16
MyCole Pruitt,TE,2024,PIT,16
Kenny Yeboah,TE,2024,NYJ,15.7
Hayden Hurst,TE,2024,LAC,15.3
Quintin Morris,TE,2024,BUF,14.6
John Bates,TE,2024,WAS,14.4
Durham Smythe,TE,2024,MIA,14.3
Ben Sinnott,TE,2024,WAS,13.8
Devin Culp,TE,2024,TB,13.8
Pharaoh Brown,TE,2024,SEA,12.5
Chris Manhertz,TE,2024,NYG,12
Charlie Woerner,TE,2024,ATL,11.6
Gerald Everett,TE,2024,CHI,11.6
Luke Musgrave,TE,2024,GB,11.5
Tucker Fisk,TE,2024,LAC,10.9
Peyton Hendershot,TE,2024,KC,10.1
Davis Allen,TE,2024,LA,9.9
Tip Reiman,TE,2024,ARI,9.7
Ben Sims,TE,2024,GB,8.2
Cam Grandy,TE,2024,CIN,7.8
Greg Dulcich,TE,2024,DEN,7.8
E.J. Jenkins,TE,2024,PHI,7.7
Will Mallory,TE,2024,IND,6.9
Dallin Holker,TE,2024,NO,5.1
Josiah Deguara,TE,2024,JAX,4.4
Jaheim Bell,TE,2024,NE,4
Ian Thomas,TE,2024,CAR,3.7
Shane Zylstra,TE,2024,DET,3.2
Jack Stoll,TE,2024,PHI,3
Eric Tomlinson,TE,2024,LAC,2.9
Brevin Jordan,TE,2024,HOU,2.7
Feleipe Franks,TE,2024,CAR,2.2
Geoff Swaim,TE,2024,CLE,1.7
Jared Wiley,TE,2024,KC,1.7
John Samuel Shenker,TE,2024,LV,1.7
David Martin-Robinson,TE,2024,TEN,1.6
Joseph Fortson,TE,2024,KC,1.5
Ross Dwelley,TE,2024,ATL,1.5
Zach Davidson,TE,2024,BUF,1.5
John FitzPatrick,TE,2024,GB,1.2
Marcedes Lewis,TE,2024,CHI,1.2
Baylor Cupp,TE,2024,KC,0
Brayden Willis,TE,2024,SF,0
Brenden Bates,TE,2024,CLE,0
Jordan Matthews,TE,2024,CAR,0
Stephen Sullivan,TE,2024,CAR,0
Ja'Marr Chase,WR,2024,CIN,403
Justin Jefferson,WR,2024,MIN,317.48
Amon-Ra St. Brown,WR,2024,DET,316.18
Brian Thomas,WR,2024,JAX,284
Drake London,WR,2024,ATL,280.8
Malik Nabers,WR,2024,NYG,273.6
Terry McLaurin,WR,2024,WAS,267.8
CeeDee Lamb,WR,2024,DAL,263.4
Jaxon Smith-Njigba,WR,2024,SEA,253
Garrett Wilson,WR,2024,NYJ,251.9
Davante Adams,WR,2024,NYJ,241.3
Jerry Jeudy,WR,2024,CLE,240.9
Ladd McConkey,WR,2024,LAC,240.9
Mike Evans,WR,2024,TB,240.4
Courtland Sutton,WR,2024,DEN,240.3
D.J. Moore,WR,2024,CHI,238.1
Tee Higgins,WR,2024,CIN,222.1
Tyreek Hill,WR,2024,MIA,218.2
Jakobi Meyers,WR,2024,LV,218
A.J. Brown,WR,2024,PHI,216.9
Jordan Addison,WR,2024,MIN,212.5
Jameson Williams,WR,2024,DET,212.2
Nico Collins,WR,2024,HOU,210.6
Jauan Jennings,WR,2024,SF,210.5
Zay Flowers,WR,2024,BAL,209.5
Puka Nacua,WR,2024,LA,206.6
DeVonta Smith,WR,2024,PHI,199.4
Calvin Ridley,WR,2024,TEN,199.2
Jayden Reed,WR,2024,GB,197
Marvin Harrison,WR,2024,ARI,196.5
Darnell Mooney,WR,2024,ATL,193.2
DK Metcalf,WR,2024,SEA,191.2
Xavier Worthy,WR,2024,KC,187.2
Keenan Allen,WR,2024,CHI,184.4
Wan'Dale Robinson,WR,2024,NYG,182.7
Khalil Shakir,WR,2024,BUF,182.5
Josh Downs,WR,2024,IND,182.2
Cooper Kupp,WR,2024,LA,175
Quentin Johnston,WR,2024,LAC,174.7
Rashod Bateman,WR,2024,BAL,174.6
Michael Pittman,WR,2024,IND,165.8
George Pickens,WR,2024,PIT,164.4
Alec Pierce,WR,2024,IND,161.4
Deebo Samuel,WR,2024,SF,155.6
Jalen Tolbert,WR,2024,DAL,152
Jaylen Waddle,WR,2024,MIA,149.6
Demario Douglas,WR,2024,NE,147.7
DeAndre Hopkins,WR,2024,KC,147
Rome Odunze,WR,2024,CHI,144.9
Ray-Ray McCloud,WR,2024,ATL,142.5
Tank Dell,WR,2024,HOU,140
Adam Thielen,WR,2024,CAR,139.5
Chris Godwin,WR,2024,TB,137.8
Nick Westbrook-Ikhine,WR,2024,TEN,135.7
Jalen McMillan,WR,2024,TB,135.4
Romeo Doubs,WR,2024,GB,132.1
Marvin Mims,WR,2024,DEN,129.5
Tre Tucker,WR,2024,LV,129.3
Allen Lazard,WR,2024,NYJ,126
Xavier Legette,WR,2024,CAR,125.1
Michael Wilson,WR,2024,ARI,124.5
Demarcus Robinson,WR,2024,LA,123.5
Amari Cooper,WR,2024,BUF,122.7
Stefon Diggs,WR,2024,HOU,121.92
Kayshon Boutte,WR,2024,NE,121.9
Tyler Lockett,WR,2024,SEA,121
Elijah Moore,WR,2024,CLE,120.9
Calvin Austin,WR,2024,PIT,120.8
Andrei Iosivas,WR,2024,CIN,119.9
Olamide Zaccheaus,WR,2024,WAS,114.4
Keon Coleman,WR,2024,BUF,111.5
Dontayvion Wicks,WR,2024,GB,110.5
Darius Slayton,WR,2024,NYG,110
Josh Palmer,WR,2024,LAC,107.4
Devaughn Vele,WR,2024,DEN,106.5
Christian Watson,WR,2024,GB,105.3
Jalen Nailor,WR,2024,MIN,105
Kavontae Turpin,WR,2024,DAL,104.2
Tutu Atwell,WR,2024,LA,98.9
Mack Hollins,WR,2024,BUF,98.8
Parker Washington,WR,2024,JAX,97
Ricky Pearsall,WR,2024,SF,93.5
Jalen Coker,WR,2024,CAR,92.56
Tim Patrick,WR,2024,DET,92.4
Greg Dortch,WR,2024,ARI,90.3
Diontae Johnson,WR,2024,HOU,89.1
Noah Brown,WR,2024,WAS,86.3
David Moore,WR,2024,CAR,85.1
Marquez Valdes-Scantling,WR,2024,NO,84.5
Rashid Shaheed,WR,2024,NO,81.8
Cedric Tillman,WR,2024,CLE,80.4
Sterling Shepard,WR,2024,TB,80.3
Tyler Boyd,WR,2024,TEN,78.3
Chris Olave,WR,2024,NO,76.7
Christian Kirk,WR,2024,JAX,70.9
Brandin Cooks,WR,2024,DAL,69.6
Dyami Brown,WR,2024,WAS,67.4
Troy Franklin,WR,2024,DEN,67.1
Kendrick Bourne,WR,2024,NE,65.1
Rashee Rice,WR,2024,KC,64.9
Lil'Jordan Humphrey,WR,2024,DEN,64.3
Curtis Samuel,WR,2024,BUF,63.7
Van Jefferson,WR,2024,PIT,63.6
Justin Watson,WR,2024,KC,62.9
Brandon Aiyuk,WR,2024,SF,62.4
Tyler Johnson,WR,2024,LA,61.1
Malik Washington,WR,2024,MIA,56.8
Mike Williams,WR,2024,PIT,56.8
Kalif Raymond,WR,2024,DET,56.5
John Metchie,WR,2024,HOU,55.4
Gabe Davis,WR,2024,JAX,53.9
Adonai Mitchell,WR,2024,IND,53.76
JuJu Smith-Schuster,WR,2024,KC,53.1
Jordan Whittington,WR,2024,LA,52.5
Cedrick Wilson,WR,2024,NO,51.94
Nelson Agholor,WR,2024,BAL,49.1
D.J. Turner,WR,2024,LV,47.1
Jahan Dotson,WR,2024,PHI,41.9
Derius Davis,WR,2024,LAC,40.1
Josh Reynolds,WR,2024,JAX,38.4
Robert Woods,WR,2024,HOU,38.3
Ryan Miller,WR,2024,TB,36.8
Tylan Wallace,WR,2024,BAL,36.3
Jalen Brooks,WR,2024,DAL,35.7
Trey Palmer,WR,2024,TB,35.2
Luke McCaffrey,WR,2024,WAS,34.8
Mecole Hardman,WR,2024,KC,33.2
Ja'Lynn Polk,WR,2024,NE,32.7
Jonathan Mingo,WR,2024,DAL,32.2
KhaDarel Hodge,WR,2024,ATL,32.1
Dante Pettis,WR,2024,NO,32
Malik Heath,WR,2024,GB,31.7
Jake Bobo,WR,2024,SEA,29.7
Jamison Crowder,WR,2024,WAS,28.2
Kevin Austin,WR,2024,NO,27
Bub Means,WR,2024,NO,26.8
Mason Tipton,WR,2024,NO,23.9
Xavier Hutchinson,WR,2024,HOU,23.7
Bo Melton,WR,2024,GB,22.5
Trent Sherfield,WR,2024,MIN,22.3
Rakim Jarrett,WR,2024,TB,21.4
Ashton Dulin,WR,2024,IND,19.2
Devin Duvernay,WR,2024,JAX,19.2
K.J. Osborn,WR,2024,NE,18.7
Ryan Flournoy,WR,2024,DAL,18.2
Marquise Brown,WR,2024,KC,18.1
Ainias Smith,WR,2024,PHI,17.7
Simi Fehoko,WR,2024,LAC,16.6
Xavier Gipson,WR,2024,NYJ,16.4
Zay Jones,WR,2024,ARI,16.4
DeAndre Carter,WR,2024,CHI,16.2
Bryce Oliver,WR,2024,TEN,15.5
Parris Campbell,WR,2024,PHI,15
Johnny Wilson,WR,2024,PHI,14.8
Jalen Reagor,WR,2024,LAC,14.7
Jermaine Burton,WR,2024,CIN,14.7
Laviska Shenault Jr.,WR,2024,SEA,14.7
Odell Beckham,WR,2024,MIA,14.5
Jalin Hyatt,WR,2024,NYG,14.2
Brandon Powell,WR,2024,MIN,14.1
Tyrell Shavers,WR,2024,BUF,13.9
Chris Conley,WR,2024,SF,13.6
River Cracraft,WR,2024,MIA,13.6
Mike Woods,WR,2024,CLE,13.5
D.J. Chark,WR,2024,LAC,13.1
Jacob Cowing,WR,2024,SF,12.7
Ben Skowronek,WR,2024,PIT,11.9
Scott Miller,WR,2024,PIT,11.9
Tay Martin,WR,2024,TEN,11.9
Britain Covey,WR,2024,PHI,10.4
Kristian Wilkerson,WR,2024,LV,9.8
Devontez Walker,WR,2024,BAL,9.1
Tyquan Thornton,WR,2024,NE,8.7
Charlie Jones,WR,2024,CIN,7.5
Treylon Burks,WR,2024,TEN,7.5
D'Wayne Eskridge,WR,2024,MIA,7.4
Malachi Corley,WR,2024,NYJ,7.2
Terrace Marshall,WR,2024,LV,7.1
Tim Jones,WR,2024,JAX,7.1
Nikko Remigio,WR,2024,KC,6.8
Dan Chisena,WR,2024,CAR,6.7
Deven Thompkins,WR,2024,CAR,6.7
Cody White,WR,2024,SEA,6.4
Xavier Smith,WR,2024,LA,6.2
Alex Bachman,WR,2024,LV,6.1
Allen Robinson,WR,2024,DET,6
Austin Trammell,WR,2024,JAX,6
Bryce Ford-Wheaton,WR,2024,NYG,6
Ihmir Smith-Marsette,WR,2024,NYG,6
David Bell,WR,2024,CLE,5.7
Jamari Thrash,WR,2024,CLE,5.2
James Proche,WR,2024,CLE,5.1
Tanner Conner,WR,2024,MIA,4.6
Trenton Irwin,WR,2024,CIN,4.5
Ronnie Bell,WR,2024,SF,4.2
Mason Kinsey,WR,2024,TEN,3.7
Anthony Gould,WR,2024,IND,3.3
Isaiah Hodgins,WR,2024,NYG,3.2
Grant DuBose,WR,2024,MIA,3.1
Chris Blair,WR,2024,ATL,2.7
Anthony Miller,WR,2024,BAL,2.6
Isaiah Williams,WR,2024,DET,2.6
Casey Washington,WR,2024,ATL,2.4
Javon Baker,WR,2024,NE,2.2
Trent Taylor,WR,2024,SF,2.1
Brandon Johnson,WR,2024,PIT,1.9
Kendric Pryor,WR,2024,CIN,1.9
Ramel Keyton,WR,2024,LV,1.7
Collin Johnson,WR,2024,CHI,1.6
Jaelon Darden,WR,2024,CLE,1.6
John Ross,WR,2024,PHI,1.6
Robbie Chosen,WR,2024,MIA,1.5
Tyler Scott,WR,2024,CHI,1.5
Jha'Quan Jackson,WR,2024,TEN,1.3
Kameron Johnson,WR,2024,TB,1.1
Brycen Tremayne,WR,2024,WAS,0.8
Braxton Berrios,WR,2024,MIA,0
Dareke Young,WR,2024,SEA,0
Erik Ezukanma,WR,2024,MIA,0
Irvin Charles,WR,2024,NYJ,0
Justyn Ross,WR,2024,KC,0
Skyy Moore,WR,2024,KC,0
Steven Sims,WR,2024,HOU,0
Tom Kennedy,WR,2024,DET,0
Xavier Weaver,WR,2024,ARI,0
Jermaine Jackson,WR,2024,NO,-0.1
Kadarius Toney,WR,2024,CLE,-0.4
